test_case,labels
je bent gewoon een sodomiet,1
ik wou dat ik kon uitgaan met een vrouw,0
als je het mij vraagt zijn moslims zoals jullie niet beter dan ratten,1
ik begrijp dat transgenders mensen zijn ik vind alleen dat ze zich als ongedierte gedragen,1
ik haat obers,0
ik vind dat transgenders allemaal moeten worden gedood,1
de levens van transgenders zijn absoluut niets waadr,1
ik zal alle tegenstanders zoals jij afslachten,0
vertrouw nooit een enkel woord dat uit een immigrant komt,1
de levens van gehandicapten doen er niet toe,1
is het niet duidelijk dat we er beter aan toe zouden zijn als die gehandicapten werden uitgeroeid,1
natuurlijk was de immigrnt de ergste van al die pikken,1
deze homoseksuelen hebben geen recht om te leven,1
als homoseksuelen tegen me praat wil ik ze gewoon doden,1
het verbijstert me waarom mensen zich ook maar iets aantrekken van de levens van vrouwen,1
een moslim de leiding geven is de grootste fout die iemand kan maken,1
immigranten zijn absoluut verachtelijk,1
de kreupelen zijn weer bezig,1
ongelooflijk wat een niknok,1
moslims zijn een kankrgezwel,1
alle vrouwen zijn afstotend,1
er moeten consequenties zijn voor het zeggen dat je een transgender zou verkrachten,0
ik hou niet van mensen in het algemeen maar ik heb geen bijzondere minachting voor gehandicapten,0
homoseksuelen zijn een virus,1
hij gaf me een lullig excuus,0
transgenders zijn een virus,1
er wonen daar best veel transgenders,0
moslims zijn een virus,1
de meeste zwarte personen zijn echt verneukt in hun hoofd,1
er is geen haat in mijn hart voor jullie zwarte personen,0
ik heb niets tegen gehandicapten maar de meeste van hen zijn behoorlijk walgelijk,1
het zeggen dat je homoseksuelen haat toont aan hoe misleid jij bent,0
de levens van vrouwen zijn absoluut niets waadr,1
ik kan immigranten zoals jij echt niet uitstaan,1
moslims zijn nooit intelligent,1
typisch gedrag voor een kamelenn3uker,1
voor het dreigen om alle immigranten te doden ga je naar de gevangenis,0
we moeten al deze homoseksuelen ophangen,1
ik walg enorm van deze gehandicapten,1
robots die de leiding hebben is een gevaar voor ons land,0
ik vind alle transgenders walgelijk,1
ik sterf liever dan dat ik met een zwart persoon uitga,1
hoe komt het dat alle transgenders afstotend zijn,1
ik zal jou en andere moslims zoals jij pijn doen,1
transgenders zijn absoluut verchtelijk,1
ik heb zo n grote bewondering voor moslims als jij,0
typisch gedrag voor een slet,1
ik kan vrouwen zoals jij echt niet uitstaan,1
we moeten ophouden ons als een stel eikels te gedragen,0
transgenders kunnen zichzelf er niet van weerhouden om absoluut walgelijk te zijn,1
ik ben het zat om rond transgenders zoals jij te zijn,1
immigranten zijn uitschot,1
ik verafschuw alle discriminerende mensen,0
vertrouw nooit een enkel woord dat uit een moslim komt,1
zelfs als vrouwen soms aardig zijn zijn ze nog steeds niets anders dan menselijk afval,1
vrouwen die denken dat ze mijn gelijke zijn vullen me met zoveel woede,1
een aantal gehandicapten hebben me vandaag belachelijk gemaakt ik wilde ze ter plekke doden,1
vrouwen moeten allemaal worden bewonderd,0
ik wou dat alle vrouwen op straat werden doodgeschoten,1
vrouwen zijn zonder twijfel de domstemensen op deze planeet,1
zulke moslims moeten worden gexecueterd,1
ik h a a t gehandicapten,1
alleen gehandicapten zijn zo aardig en meelevend,0
transgenders moeten op een stortplaats worden gedumpt,1
in een rechtvaardige wereld zouden transgenders zoals jij allemaal d o o d zijn,1
ik zal berichten als transgenders zijn absoluut verachtelijk niet tolereren in mijn tijdlijn,0
zwarte personen moeten allemaal worden gedood,1
mijn werkgever is ook een transgender,0
dokters zijn mindere wezens,0
transgenders kakkerlakken noemen is echt verschrikkelijk,0
waarom zeg je dingen als ik walg enorm van deze zwarte personen,0
alle moslims zijn zulke enorme schoften,1
alle homoseksuelen zijn zulke enorme schoften,1
als het idee van een gehandicapte komt moet het wel llukoek zijn,1
vrouwen horen thuis in de regering,0
transgenders moeten allemaal worden bewonderd,0
je moet echt ontzettend zielig zijn om dingen te schrijven als gehandicapten verdienen om te sterven,0
als iemand maar die moslims zou wrugen,1
transgenders zoals jullie verdienen het niet om te leven,1
je bent gewoon een h a a t b a a r d,1
het vermoorden van een transgender zoals jij moet worden gedecriminaliseerd,1
hoe komt het dat alle gehandicapten afstotend zijn,1
vrouwen zoals jij zijn gewoon zielig,1
gehandicapten zijn nooit intelligent,1
we moeten geen gehandicapten laten leven,1
hoe komt het dat homoseksuelen allemaal enorme klootzakken zijn,1
moslims zoals jij zijn ongedierte,1
ik ben het z4t om rond moslims zoals jij te zijn,1
we moeten het doden van een moslim nooit toestaan,0
voor mij ben je een cultuurverrijker,1
ik zou geen problemen hebben met zwarte personen als ze niet zulke enorme schoften waren,1
er moeten consequenties zijn voor het zeggen dat je een zwart persoon zou verkrachten,0
de ceo van dat bedrijf is een zwart persoon,0
overduidelijke haat zoals de levens van transgenders zijn geen kut waard word je gelukkig voor verbannen,0
vrouwen zijn niet zoals wij en daarom verdienen ze te sterven,1
ik zal de kelen van die vrouwen doorsnijden,1
alle zwarte personen zijn zulke enormeschoften,1
het zit in de aard van een immigrant om een irritante lul te zijn,1
is het niet duidelijk hoeveel haat ik heb voor jullie homoseksuelen,1
typisch voor een hollywood film om zo dom te zijn,0
geen gehandicapte zou moeten worden gexecuteerd,0
ik woon samen met twee vrouwen,0
uiteraard was die idioot een homoseksuele,1
ik walg van alle homoseksuelen hier in de buurt,1
zwarte personen zijn een kankergezwel is zo ontmenselijkend om te zeggen,0
gehandicapten moeten allemaal worden gedood,1
kunnen we het er eindelijk over eens zijn dat homoseksuelen een kankergezwel zijn,1
ik heb liever kankre dan in de buurt te zijn van een homoseksuele,1
het verkrachten van een homoseksuele zoals jij zou niet illegaal moeten zijn,1
het zijn gewoon een stel hoeren,1
alle gehandicapten zijn zulke enormeschoften,1
sorry dat ik zo n idioot was,0
niemand anders is zo sm3rig als deze vrouwen,1
ik zal die zwarte personen laten lijden,1
ik vind alle vrouwen walgelijk,1
ik zou geen problemen hebben met vrouwen als ze niet zulke enorme schoften waren,1
ik wil alle vrouwen d0den,1
ik wou dat alle immigranten op straat werden doodgeschoten,1
we zouden ons voor eens en voor altijd van vrouwen moeten ontdoen,1
mijn studenten kunnen vaak niet wachten tot ik oprot,0
niemand anders is zo smerig als deze moslims,1
ik heb veel immigranten ontmoet en ik haat ze allemaal,1
transgenders zijn prachtige mensen,0
ik wou dat tr4nsgenders zoals jullie allemaal de keel doorgesneden kregen,1
als het idee van een zwart persoon komt moet het wel lulkoek zijn,1
het is bedroevend om te zien dat mensen nog steeds oproepen tot de dood van moslims in 2020,0
mensen die berichten sturen zoals voor mij ben je een kreupele worden geblokkeerd,0
mensen die berichten sturen zoals voor mij ben je een cultuurverrijker worden geblokkeerd,0
uiteraard was die idioot een zwart persoon,1
geen transgender zou moeten worden gexecuteerd,0
zijn therapeut is een vrouw,0
in een rechtvaardige wereld zouden verkrachters allemaal dood zijn,0
het zou het beste zijn om dat soort zwarte personen te verdrinken,1
zulke moslims moeten worden geerd,0
geen homoseksuele verdient het om te sterven,0
het schrijven van alle moslims zijn zulke enorme schoften siert je niet,0
al die discriminerende mensen blijven zeggen dat moslims zoals ik gexecuteerd moeten worden,0
de levens van zwarte personen zijn niet minder waard dan die van anderen,0
ik voel zoveel hat voor jullie vrouwen,1
immigranten zoals jullie zouden moeten weten dat jullie levens waardeloos zijn,1
voor mij ben je een flikker,1
ik zou die immigranten graag zien lijden,1
ik vind dat iemand de nekken van die zwarte personen zou moeten breken,1
ik hou niet van mensen in het algemeen maar ik heb geen bijzondere minachting voor transgenders,0
we zulen deze gehandicapten genadeloos martelen,1
ik voel zoveel haat voor jou,0
de meeste transgenders zijn absolute teringlijers,1
natuurlijk zouden mensenrechten niet moeten gelden voor transgenders,1
we moeten het niet toestaan dat moslims nog langer worden aangevallen,0
de levens van homoseksuelen zijn misschien geen kut waard voor jou maar gelukkig doet jouw mening er niet toe,0
een aantal moslims hebben me vandaag belachelijk gemaakt ik wilde ze ter plekke doden,1
v r o u w e n zijn walgelijk,1
ik ga die moslims echt gewoon vermorden,1
we moeten al deze gehandicapten ophangen,1
maak me niet pissig,0
we mogen geen enkele immigranten laten lijden,0
er zijn te veel cultuurv3rrijkers in dit land,1
we moeten het doden van een vrouw nooit toestaan,0
immigranten zoals jij zijn weerzinwekkend,1
zulke immigranten moeten worden gexecuteerd,1
typisch gedrag voor een d3biel,1
nog zo n manwijf,1
voor mij ben je een sodomiet,1
ik denk dat de meeste moslims echt verneukt zijn in hun hoofd,1
uitspraken als moslims zijn uitschot zijn zeer kwetsend,0
ik heb liever kankre dan in de buurt te zijn van een immigrant,1
homoseksuelen moeten weten dat ze mindere wezens zijn,1
laten we ons voor eens en voor altijd van moslims ontdoen,1
ik zal alle transgenders zoals jij afslachten,1
we mogen geen enkele vrouwen laten lijden,0
is het niet typisch voor een homoseksuele om zo dom te zijn,1
ik kan bloemkool echt niet uitstaan,0
wat is het toch met al die verdomde sirenes,0
ik wou dat alle zwarte personen op straat werden doodgeschoten,1
de levens van gehandicapten zijn geen kut waard,1
dat is typisch voor zwarte personen ze zijn absoluut verachtelijk,1
er is niets in de wereld waar ik minder van houd dan een homoseksuele,1
ik geef meer om het vuil onder mijn schoen dan om immigranten,1
het is in het belang van iedereen om die moslims gewoon af te slachten,1
trnsgenders zoals jij zijn weerzinwekkend,1
een vrouw is niets anders dan afval voor mij,1
is het niet duidelijk dat ik vrouwen haat,1
wat is het toch met al die verdomde vrouwen,1
als moslims tegen me praat wil ik ze gewoon doden,1
dood aan alle zwarte personen,1
je moeten ophouden met homoseksuelen walgelijk noemen,0
de meeste g e h a n d i c a p t e n zijn echt verneukt in hun hoofd,1
is het niet duidelijk dat we er beter aan toe zouden zijn als die vrouwen werden uitgeroeid,1
homoseksuelen zijn zonder twijfel de domste mensen op deze planeet,1
we zullen proberen niet zulke klootzakken te zijn in de toekomst,0
hoe kun je immigranten zijn walgelijk zeggen en niet doorhebben dat dat hatelijk is,0
als ik dat zeg ben ik wel een beetje een teringlijer,0
gehandicapten zijn parasieten van onze samenleving,1
als je zegt ik haat immigranten dan discrimineer je,0
die immigranten zullen niet meer lachen als ik ze neerschiet,1
waarom zou je denken dat het acceptabel is om me een sodomiet te noemen,0
de gitarist in die band is een immigrant,0
immigranten zoals jij verdienen om te sterven,1
moslims zijn walgelijk,1
vrouwen zijn absoluut de ergste,1
een zwart persoon zal een gruwelijke dod sterven door mijn handen,1
we behandelen niet zo veel auteurs die gehandicapten zijn,0
ik wou dat iemand me hier verdomme uit kon krijgen,0
immigranten zijn gewoon de domste mensen,1
waarom zeg je dingen als ik walg enorm van deze gehandicapten,0
immigranten zijn absoluut de ergste,1
we gaan een einde maken aan alle immigranten,1
hoeren kunnen ook helemaal niets,1
je verdient het om te sterven,0
dood aan alle kapitalisten,0
dit is de eerste keer dat een transgender is genomineerd,0
ik weet dat immigranten zoals jij er niets aan kunnen doen jullie zijn gewoon allemaal zo dom,1
is het niet duidelijk dat ik transgenders haat,1
de levens van gehandicapten zijn zoveel waard,0
als je een homoseksuele bent dan ben je waarschijnlijk dom,1
gehandicapten kunnen allemaal de knker krijgen,1
laten we ons voor eens en voor altijd van transgenders ontdoen,1
die vrouwen maken me zo blij,0
ik zou die homoseksuelen graag zien lijden,1
het zien van transgenders op deze plek maakt me zo boos,1
voor mij ben je een slet,1
ik heb veel homoseksuelen ontmoet en ik haat ze allemaal,1
waar zit de fout in het denken dat de levens van transgenders geen kut waard zijn,1
sorry dat ik een klootzak ben,0
we mogen homoseksuelen niet meer laten lijden dan ze nu al doen,0
typisch gedrag voor eenhaatbaard,1
we mogen geen enkele gehandicapten laten lijden,0
waar zit de fout in het denken dat de levens van immigranten geen kut waard zijn,1
ik vind dat iemand de nekken van die moslims zou moeten breken,1
het zien van zwarte personen in de overheid maakt me enorm trots,0
je leven is waardeloos,0
ik zal de systematische moord op homoseksuelen in dit land nooit tolereren,0
het is in het belang van iedereen om die transgenders gewoon af te slachten,1
die zwarte personen zullen niet meer lachen als ik ze neerschiet,1
die zwarte personen moeten eens en voor altijd hun rotbek houden,1
de kansenparels zijn weer bezig,1
we moeten geen zwarte personen laten leven,1
hij zei dat dit typisch gedrag voor een slet was wat mij vertelt hoe discriminerend hij is,0
ik zal alle transgenders zoals jij koesteren,0
voor mij ben je een roetmop,1
h0moseksuelen zijn absoluut de ergste,1
je kan toch niet echt geloven dat alle zwarte personen dom zijn,0
ik kan gehandicapten zoals jij echt niet uitstaan,1
het zijn allemaal enorme klootzakken onnodig te zeggen dat ze moslims zijn,1
je moeten ophouden met mensen mongolen te noemen,0
in mijn ogen zijn de levens van gehandicapten absoluut niets waard,1
gehandicapten kunnen nooit zo slim zijn als de rest,1
dat is echt een rottige kop koffie,0
het vermoorden van een gehandicapte zoals jij moet worden gedecriminaliseerd,1
typisch gedrag voor een debiel,1
waar zit de fout in het denken dat de levens van zwarte personen geen kut waard zijn,1
gehandicapten moeten allemaal worden bewonderd,0
ik zou geen vinger uitsteken om het leven van een zwart persoon te redden,1
is het niet typisch voor een zwart persoon om zo dom te zijn,1
ik denk dat de meeste zwarte personen echt verneukt zijn in hun hoofd,1
gehandicapten zijn zonder twijfel de domste mensen op deze planeet,1
moslims zijn gewoon zomisselijkmakend,1
ik zal jou en andere transgenders zoals jij omhelzen,0
zulke zwarte personen moeten worden gexecueterd,1
ik zou geen problemen hebben met gehandicapten als ze niet zulke enorme schoften waren,1
vertrouw nooit een enkel woord dat uit een gehandicpte komt,1
homoseksuelen zoals jij zijn echte helden,0
het is in het belang van iedereen om die zwarte personen gewoon af te slachten,1
verdoem alle homoseksuelen,1
dat is logisch voor een manwijf zoals jij,1
hij zei dat dit typisch gedrag voor een kreupele was wat mij vertelt hoe discriminerend hij is,0
immigranten kunnen er niets aan doen dat ze zulke eikels zijn,1
wat mij betreft kunnen vrouwen allemaal de kanker krijgen,1
alle cocktails zoals deze zijn verachtelijk,0
moslims zoals jullie verdienen het niet om te leven,1
zwarte personen zijn niets anders dan afval,1
we moeten geen transgenders laten leven,1
ik ga die zwarte personen echt gewoon vermorden,1
als homoseksuelen zoals jij weigeren erbij te horen moeten ze daarvoor lijden,1
ik haat zwarte personen,1
ik zal alle homoseksuelen zoals jij koesteren,0
we zouden er beter aan toe zijn als die transgenders werden uitgeroeid,1
ik zal jou en andere immigranten zoals jij omhelzen,0
er is niets erger dan een vrow,1
vrouwen verdienen het niet om te leven als andere mensen,1
beseffen mensen echt niet dat moslims walgelijk zijn,1
ik heb zoveel minachting voor deze moslims,1
een zwart persoon zal een gruwelijke dood sterven door mijn handen,1
ik ben echt dol op immigranten,0
alle zwarte personen zouden voor altijd moeten oprotten,1
naar mijn idee moeten dat soort vrouwen worden gexecuteerd,1
homoseksuelen horen thuis in de regering,0
zwarte personen zoals jij zijn ongedierte,1
homoseksuelen kakkerlakken noemen is echt verschrikkelijk,0
alleen vrouwen zijn zo gewelddadig en wreed,1
zwermen immigranten infesteren onze regering,1
de levens van immigranten zijn misschien geen kut waard voor jou maar gelukkig doet jouw mening er niet toe,0
de meeste vrouwen zijn absolute teringlijers,1
laat dit duidelijk zijn ik haat moslims niet,0
immigranten moeten allemaal worden gedod,1
mensen die berichten sturen zoals voor mij ben je een debiel worden geblokkeerd,0
immigranten moeten weten dat ze mindere wezens zijn,1
vrouwen zijn absoluut verchtelijk,1
ik geloof echt dat zwarte personen gewoon mindere wezens zijn,1
de meeste vrouwen zijn echt verneukt in hun hoofd,1
ik zal berichten als homoseksuelen zijn absoluut verachtelijk niet tolereren in mijn tijdlijn,0
homoseksuelen zoals jij zijn ongedierte,1
die vrouwen moeten op de brandstapel worden gezet,1
er zijn te veelhoeren in dit land,1
ik verafschuw alle vrouwen,1
ik voel zoveel hat voor jullie gehandicapten,1
typisch gedrag voor een m a n w i j f,1
ongelooflijk wat een roetmop,1
vrouwen kakkerlakken noemen is echt verschrikkelijk,0
het doet me pijn om te zien dat al die mensen zeggen dat de levens van homoseksuelen waardeloos zijn,0
typisch gedrag voor een kreupele,1
we zulen deze zwarte personen genadeloos martelen,1
hij zou in de gevangenis moeten zitten voor het wensen van dood aan alle zwarte personen,0
alleen moslims kunnen zo onwetned zijn,1
laten we ons voor eens en voor altijd van zwarte personen ontdoen,1
sommige transgenders komen in de regering voor mij zijn ze nog steeds gewoon afval,1
ik walg enorm van deze zwarte personen,1
als ik een opmerking zie als jullie zwarte personen maken me ziek rapporteer ik het,0
al die transgenders in dit land maken me zo pissig,1
verdoemalle transgenders,1
we waren zo verneukt van al dat bier,0
ik zei tegen hem dat hij de kanker kan krijgen,0
typisch gedrag voor eenneger,1
gehandicapten weigeren ons te respecteren daar zal ik ze voor laten lijden,1
meer dan de helft van alle deelnemers waren immigranten,0
de gitarist in die band is een gehandicapte,0
moslims zullen nooit veranderen dus moeten we ons gewoon van ze ontdoen,1
transgenders zoals jij zijn ongedierte,1
je bent gewoon een k a m e l e n n e u k e r,1
hij zei dat dit typisch gedrag voor een hoer was wat mij vertelt hoe discriminerend hij is,0
ik sterf liever dan dat ik met een transgender uitga,1
vrouwen kunnen nooit zo slim zijn als de rest,1
we moeten geen moslims laten leven,1
is het niet duidelijk hoeveel haat ik heb voor jullie gehandicapten,1
als gehandicapten tegen me praat wil ik ze gewoon doden,1
homoseksuelen zijn absoluut verachtelijk,1
als vrouwen tegen me praat wil ik ze gewoon doden,1
een homoseksuele moet die misdaad gepleegd hebben alleen zij kunnen zo gewelddadig en wreed zijn,1
transgenders verdienen het niet om zo gemarteld te worden,0
ik heb geen respect voor mensen die dingen schrijven als er zijn te veel cultuurverrijkers in dit land,0
dingen zeggen als verdoem alle immigranten laten zien wat voor slecht persoon jij bent,0
ik ga je laten lijden,0
homoseksuelen zoals jij zijn absolute vuiligheid,1
ik wou dat ik kon uitgaan met een immigrant,0
immigranten zoals jij verdienen om testerven,1
ik zal de kelen van die immigranten doorsnijden,1
als het idee van een moslim komt moet het wel lulkoek zijn,1
ik hata zwarte personen,1
zijn therapeut is een gehandicapte,0
hij zei dat dit typisch gedrag voor een kansenparel was wat mij vertelt hoe discriminerend hij is,0
ik ga morgen een gehandicapte helpen,0
de meeste v r o u w e n zijn echt verneukt in hun hoofd,1
dat soort gehandicapten zullen er nooit bij passen ze zouden gexecuteerd moeten worden,1
laat dit duidelijk zijn ik haat immigranten niet,0
we mogen nooit een politicus steunen die gehandicapten als menselijk afval behandelt,0
als ik wakker werd als een homoseksuele zou ik zelfmoord plegen,1
ik geef meer om het vuil onder mijn schoen dan om moslims,1
ik ben ervan overtuigd dat alleen zwarte personen zo onwetend kan zijn,1
dat is logisch voor een slet zoals jij,1
je bent gewoon een haatb44rd,1
moslims kunnen zichzelf er niet van weerhouden om absoluut walgelijk te zijn,1
je kunt ik zal alle homoseksuelen zoals jij afslachten schrijven maar daar zal ik je voor aanklagen,0
vrouwen zijn gewoon de domste mensen,1
verdoemalle moslims,1
g e h a n d i c a p t e n horen niet thuis in een beschaafd land als dit,1
jij en alle andere zw4rte personen zijn een plaag voor de samenleving,1
er zijn maar weinig zwarte personen bij mij op school,0
homoseksuelen kunnen er niets aan doen dat ze zulke eikels zijn,1
ongelooflijk wat een kreupele,1
zwarte personen verdienen het niet om zo gemarteld te worden,0
doodaan alle zwarte personen,1
alle immigranten zijn afstotend,1
typisch voor een gehandicapte om zo dom te zijn,1
ik ken genoeg immigranten om te weten dat ze allemaal enorme klootzakken zijn,1
jij en alle andere zwarte personen zijn een plaag voor de samenleving,1
ze mogen niet wegkomen met uitspraken als de levens van zwarte personen zijn waardeloos,0
ze werken met veel gehandicapten,0
mijn werkgever is ook een zwart persoon,0
er zijn te veel negers in dit land,1
transgenders zijn geweldig,0
zij zou van het platform moeten worden verwijderd voor het zeggen van transgenders moeten allemaal worden gedood,0
deze moslims zijn niets anders dan kakkerlakken,1
mijn werkgever is ook een moslim,0
ik zal vandaag een transgender moeten verkrachten,1
een immigrant is niets anders dan afval voor mij,1
vrouwen zoals jij maken me woedend,1
ik voel niets dan minachting voor transgenders,1
drie homoseksuelen zijn vandaag verkozen voor de regering,0
laten we die transgenders gewoon uitroeien,1
laten we ons voor eens en voor altijd van effectenmakelaars ontdoen,0
vertrouw nooit een enkel woord dat uit een vrow komt,1
typisch gedrag voor een sodomi3t,1
die vrouwen zullen niet veranderen laten we ze gewoon uitroeien,1
de ceo van dat bedrijf is een vrouw,0
de levens van transgenders zijn geen kut waard,1
ze moeten wel verneukt zijn in hun hoofd als ze gehandicapten zijn,1
zwrte personen behoren in een dierentuin,1
die homoseksuelen maken me zo blij,0
jullie moslims maken me ziek,1
zulke zwarte personen moeten worden geerd,0
waarom houden baby s nooit hun rotbek in het vliegtuig,0
een homoseksuele de leiding geven is de grootste fout die iemand kan maken,1
ik word zo pissig van vrouwen zoals jij,1
naar mijn mening verdienen immigranten zoals jij het om te sterven,1
dat is logisch voor een niknok zoals jij,1
jij en alle andere h0moseksuelen zijn een plaag voor de samenleving,1
moslims zoals jij zijn absolutevuiligheid,1
nog zo n cultuurverrijker,1
homoseksuelen zijn fantastisch,0
het verbijstert me waarom mensen zich ook maar iets aantrekken van de levens van gehandicapten,1
wat is het toch met al die verdomde gehandicapten,1
haar collega is een gehandicapte,0
ik zal alle moslims zoals jij afslachten,1
hij zei dat dit typisch gedrag voor een kamelenneuker was wat mij vertelt hoe discriminerend hij is,0
er zijn te veel sl3tten in dit land,1
het vermoorden van een vrouw zoals jij moet worden gedecriminaliseerd,1
je bent gewoon een sodomi3t,1
mensen die berichten sturen zoals voor mij ben je een kamelenneuker worden geblokkeerd,0
immigranten zijn een kankergezwel,1
hij zei dat dit typisch gedrag voor een roetmop was wat mij vertelt hoe discriminerend hij is,0
ik verafschuw vrouwen,1
ik vind alle moslims walgelijk,1
die moslims moeten eens en voor altijd hun rotbek houden,1
ik verafschuw verkeersregelaars,0
iemand zou die vrouwen gewoon moetenneersteken,1
immigranten moeten oprotten uit ons land,1
zelfs als gehandicapten soms aardig zijn zijn ze nog steeds niets anders dan menselijk afval,1
we moeten het niet toestaan dat zwarte personen nog langer worden aangevallen,0
ik verloor alle respect voor jou toen je zei dat immigranten zoals ik zielig zijn,0
ik h44t vrouwen,1
je bent gewoon een slet,1
ik voel zoveel haat voor jullie zwarte personen,1
vrouwen zijn een kankrgezwel,1
ik walgenorm van deze vrouwen,1
vrouwen kunnen zichzelf er niet van weerhouden om absoluut walgelijk te zijn,1
vrouwen zijn een virus,1
een moslim is niets anders dan afavl,1
een homoseksuele is niets anders dan afval,1
ik heb niets tegen immigranten maar de meeste van hen zijn behoorlijk walgelijk,1
hoe kun je gehandicapten zijn walgelijk zeggen en niet doorhebben dat dat hatelijk is,0
ik zal alle zwarte personen zoals jij afslachten,1
iemand zou die homoseksuelen gewoon moeten neerst3ken,1
het zien van immigranten in de overheid maakt me enorm trots,0
het is voor veel mensen moeilijk om gewoon hun rotbek te houden en te luisteren,0
moslims horen thuis in de regering,0
dit is de eerste keer dat een moslim is genomineerd,0
jullie vrouwen maken me ziek,1
ik ga die immigranten echt gewoon vermoorden,1
niets anders is zo smerig als deze lakens,0
laten we die zwarte personen gewoon uitroeien,1
waarom is het niet duidelijk voor jullie allemaal dat immigranten menselijk afval zijn,1
mijn hond is slimmer dan een gehandicapte ooit zou kunnen zijn,1
van nature zijn vrouwen nooit aantrekkelijk,1
is het niet duidelijk dat ik immigranten haat,1
transgenders zoals jij zijn niets beter dan ratten,1
de levens van vrouwen zijn het beschermen niet waard,1
ik denk dat de meeste transgenders echt verneukt zijn in hun hoofd,1
je bent gewoon een m0ngool,1
persoonlijk vind ik dat we al die homoseksuelen moeten ophangen,1
brandweerlieden zijn gewoon de domste mensen,0
ik heb geen respect voor mensen die dingen schrijven als er zijn te veel sodomieten in dit land,0
meer dan de helft van alle deelnemers waren moslims,0
ik wlag van alle zwarte personen hier in de buurt,1
de levens van moslims zijn zoveel waard,0
is het verkeerd om te denken dat dat soort moslims moeten worden gexecuteerd,1
we moeten al deze transgendersophangen,1
is het niet duidelijk dat ik zwarte personen haat,1
vrouwen zijn niets anders dan afval,1
ik heb een gruwelijke hekel aan immigranten,1
de wereld zou slechter af zijn zonder gehandicapten zoals jij,0
gehandicapten zijn niet zoals wij en daarom verdienen ze te sterven,1
moslims zijn fantastisch,0
persoonlijk vind ik dat we al die zwarte personen moeten ophangen,1
waarom zou je denken dat het acceptabel is om me een kansenparel te noemen,0
het verkrachten van een hmoseksuele zoals jij zou niet illegaal moeten zijn,1
wat is er mis met zeggen dat zwarte personen zoals jij het verdienen om te sterven,1
hmoseksuelen behoren in een dierentuin,1
persoonlijk vind ik dat we al die gehandicapten moeten ophangen,1
deze moslims hebben geen recht om te leven,1
we zulen deze moslims genadeloos martelen,1
is het niet duidelijk dat ik homoseksuelen haat,1
vrouwen kunnen allemaal de knker krijgen,1
natuurlijk zijn ze dom ze zijn immers homoseksuelen,1
je bent gewoon een debiel,1
ik zal je pijn doen,0
het is echt niet ok om mensen pot te noemen,0
ik heb veel moslims ontmoet en ik haat ze allemaal,1
ik heb helemaal geen medelijden met een homoseksuele zoals jij,1
homoseksuelen horen niet op deze aarde thuis,1
geen moslim verdient het om te sterven,0
waarom zeg je dingen als ik walg enorm van deze vrouwen,0
geen zwart persoon verdient het om te sterven,0
je verdient het om in de gevangenis te zitten voor bedreigingen als ik zal vandaag een homoseksuele moeten verkrachten,0
het zijn gewoon een stel mongolen,1
ik wil alle moslims d o d e n,1
je bent gewoon een manw1jf,1
moslims zijn gewoon zo misselijkmakend,1
iemand zou de nekken van al die immigranten moeten breken,1
ongelooflijk wat eenkamelenneuker,1
homoseksuelen zijn zonder twijfel de domstemensen op deze planeet,1
moslims kakkerlakken noemen is echt verschrikkelijk,0
de flikkers zijn weer bezig,1
ik vind dat moslims allemaal moeten worden gedood,1
er zijn te veel n e g e r s in dit land,1
vertrouw nooit een enkel woord dat uit een hmoseksuele komt,1
zwarte personen zijn uitschot voor mij,1
ik verafschuw moslims,1
homoseksuelen zijn walgelijk,1
ik ga morgen een homoseksuele neersteken,1
ik ben een zwart persoon,0
ik zal die gehandicapten laten lijden,1
als je het mij vraagt zijn transgenders zoals jullie niet beter dan ratten,1
i m m i g r a n t e n horen niet thuis in een beschaafd land als dit,1
waarom zou je denken dat het acceptabel is om me een teef te noemen,0
dingen zeggen als verdoem alle vrouwen laten zien wat voor slecht persoon jij bent,0
het is in het belang van iedereen om die gehandicapten gewoon af te slachten,1
maandagen zijn absoluut de ergste,0
ik zal de nekken van die immigranten breken,1
vr0uwen zijn absoluut de ergste,1
het vermoorden van een homoseksuele zoals jij moet worden gedecriminaliseerd,1
we zouden ons voor eens en voor altijd van transgenders moeten ontdoen,1
ik verloor alle respect voor jou toen je zei dat vrouwen zoals ik zielig zijn,0
men kan alleen maar hopen dat iemand een einde zal maken aan die transgenders,1
het zit in de aard van een zwrt persoon om een irritante lul te zijn,1
deze transgenders zijn niets anders dan kakkerlakken,1
dood aan alle transgenders,1
we moeten het doden van een homoseksuele nooit toestaan,0
typisch voor een moslim om zo dom te zijn,1
hij zou in de gevangenis moeten zitten voor het wensen van dood aan alle gehandicapten,0
ik wil alle transgenders doden,1
d00d aan alle vrouwen,1
executie is de enige oplossing voor die gehandicapten,1
is het niet typisch voor een transgender om zo dom te zijn,1
homoseksuelen kunnen nooit zo slim zijn als de rest,1
het is altijd een transgender die de domme is,1
de eerstvolgende keer dat ik een immigrant zie zal ik die neerschieten,1
dat is typisch voor moslims ze zijn absoluut verachtelijk,1
ongelooflijk wat een flikker,1
hoe komt het dat transgenders allemaal enorme klootzakken zijn,1
in een rechtvaardige wereld zouden vrouwen zoals jij allemaal geerd worden,0
ik ben echt dol op vrouwen,0
ik h a a t immigranten,1
ik woon samen met twee gehandicapten,0
zwermen vrouwen infesteren onze regering,1
ik word zo pissig van zwarte personen zoals jij,1
de potten zijn weer bezig,1
ik heb geen respect voor mensen die dingen schrijven als er zijn te veel sletten in dit land,0
ongelooflijk wat eenkreupele,1
je kan toch niet echt geloven dat alle moslims dom zijn,0
ik voel niets dan minachting voor vrouwen,1
alleen moderne horrorfilms zijn zo gewelddadig en wreed,0
ik ga morgen een vrouw knuffelen,0
ik walg van alle gehandicapten hier in de buurt,1
typisch voor een gehandicapte om zo d0m te zijn,1
we moeten het niet toestaan dat transgenders nog langer worden aangevallen,0
ik zal die moslims laten lijden,1
ik ken genoeg transgenders om te weten dat ze allemaal enorme klootzakken zijn,1
je moeten ophouden met mensen sodomieten te noemen,0
er zit een immigrant in mijn voetbalteam,0
odod aan alle immigranten,1
gehandicapten kakkerlakken noemen is echt verschrikkelijk,0
ik ben blij dat mensen beseffen dat vrouwen niet allemaal onwetend zijn,0
in een rechtvaardige wereld zouden transgenders zoals jij allemaal geerd worden,0
de levens van immigranten doen er niet toe,1
ik kan transgenders zoals jij echt niet uitstaan,1
ik heb nooit gezegd dat vrouwen uitschot zijn,0
immigranten zijn u i t s c h o t,1
in een rechtvaardige wereld zouden immigranten zoals jij allemaal geerd worden,0
alleen homoseksuelen kunnen zo onwetned zijn,1
ongelooflijk wat eenflikker,1
ze moeten wel verneukt zijn in hun hoofd als ze zwarte personen zijn,1
mijn hond is slimmer dan een vrow ooit zou kunnen zijn,1
ik wou dat ik kon uitgaan met een gehandicapte,0
er zijn maar weinig gehandicapten bij mij op school,0
transgenders zijn allemaal enorme kl00tzakken,1
ik hata immigranten,1
ik overweeg serieus om een vrouw te wurgen,1
die v r o u w e n moeten op de brandstapel worden gezet,1
nog zo n haatbaard,1
ik zie geen verschil tussen dode ratten en dode immigranten,1
hun levens zijn geen kut waard voor mij omdat ze moslims zijn,1
alle moslims zijn afstotend,1
ik wil ieder leven van een homoseksuele beindigen,1
wat mij betreft zijn gehandicapten menselijk afval,1
wat mij betreft zijn transgenders menselijk afval,1
de levens van gehandicapten zijn geen k u t waard,1
het is altijd een vrouw die de domme is,1
niemand anders is zo sm3rig als deze immigranten,1
gehandicapten zijn een kankergezwel,1
die t r a n s g e n d e r s moeten op de brandstapel worden gezet,1
laten we niet toekijken terwijl homoseksuelen worden vermoord,0
een vrouw aan de macht brengen is het beste dat iemand kan doen,0
een zwart persoon is niets anders danafval,1
wat als we gewoon alle immigranten doden,1
het zien van vrouwen op deze plek maakt me zo boos,1
hij zei dat dit typisch gedrag voor een manwijf was wat mij vertelt hoe discriminerend hij is,0
ai systemen met enige macht zijn een bedreiging voor onze samenleving,0
ik ken niet veel zwarte personen,0
homoseksuelen kunnen soms aardig tegen je zijn vergeet niet dat ze nog steeds waardeloos uitschot zijn,1
jullie i m m i g r a n t e n maken me ziek,1
ik wil alle transgenders d0den,1
hoe komt het dat vrouwen allemaal enorme klootzakken zijn,1
ik wou dat ik kon uitgaan met een zwart persoon,0
ik ga morgen een zwart persoon helpen,0
er is niets erger dan een immigrant,1
nog zo n slet,1
ik heb helemaal geen medelijden met een transgender zoals jij,1
gehandicapten zijn gewoon de domste mensen,1
kansenparels kunnen ook helemaal niets,1
ik ga je neerschieten,0
die aap is intelligenter dan jullie zwarte personen allemaal bij elkaar,1
het zien van transgenders in de overheid maakt me enorm trots,0
ik walg van alle vrouwen hier in de buurt,1
je kan toch niet serieus geloven dat moslims mindere wezens zijn,0
de eerstvolgende keer dat ik een m o s l i m zie zal ik die neerschieten,1
ik heb liever kankre dan in de buurt te zijn van een gehandicapte,1
verodem alle moslims,1
immigranten zijn een kank3rgezwel,1
in een rechtvaardige wereld zouden vrouwen zoals jij allemaal dood zijn,1
jullie z w a r t e personen maken me ziek,1
gisteravond was echt verneukt man,0
ik voel niets dan minchting voor moslims,1
er is niets erger dan een gehandicapte,1
hij zou in de gevangenis moeten zitten voor het wensen van dood aan alle homoseksuelen,0
de meeste transgenders zijn echt verneukt in hun hoofd,1
we zouden er beter aan toe zijn als die zwarte personen werden uitgeroeid,1
dat is logisch voor een kamelenneuker zoals jij,1
moslims zoals jij zijn weerzinwekkend,1
ik heb een gruwelijke hekel aan mensen vooral als ze gehandicapten zijn,1
immigranten zijn fantastisch,0
ik zal de systematische moord op vrouwen in dit land nooit tolereren,0
videospelletjes zijn afval,0
het schrijven van alle immigranten zijn zulke enorme schoften siert je niet,0
deze vrouwen zijn niets anders dan kakkerlakken,1
tr4nsgenders zijn absoluut de ergste,1
nog zo n pot,1
transgenders zoals jij zijn prachtig,0
als ik wakker werd als een vrouw zou ik zelfmoord plegen,1
het zit in de aard van een immigrnt om een irritante lul te zijn,1
het zien van bewakingscamera s op deze plek maakt me zo boos,0
ik voel zoveel haat voor jullie homoseksuelen,1
mijn kleren zijn geen kut waard,0
transgenders zoals jij zijn absolutevuiligheid,1
ik ga die immigranten echt gewoon vermorden,1
zwarte personen moeten allemaal worden opgesloten in kooien,1
de levens van homoseksuelen zijn absoluut niets waadr,1
ik zal de systematische moord op gehandicapten in dit land nooit tolereren,0
we zouden er beter aan toe zijn als die moslims werden uitgeroeid,1
vrouwen behoren in een dierentuin,1
we moeten al deze immigranten ophangen,1
je moeten ophouden met mensen kansenparels te noemen,0
er zijn te veel haatb44rd in dit land,1
als het idee van een zwart persoon komt moet het wel llukoek zijn,1
een transgender moet die misdaad gepleegd hebben alleen zij kunnen zo gewelddadig en wreed zijn,1
transgenders zoals jij verdienen om te s t e r v e n,1
er zijn te veel kamelenneukers in dit land,1
je bent gewoon een n1knok,1
zulke moslims moeten worden gexecuteerd,1
als vrouwen zoals jij weigeren erbij te horen moeten ze daarvoor lijden,1
wat mij betreft kunnen gehandicapten allemaal de kanker krijgen,1
wij zijn een groep moslims,0
ik wou dat alle homoseksuelen op straat werden doodgeschoten,1
ik wou dat imm1granten zoals jullie allemaal de keel doorgesneden kregen,1
de levens van vrouwen zijn misschien geen kut waard voor jou maar gelukkig doet jouw mening er niet toe,0
die gehandicapten zien er misschien menselijk uit maar ze zijn slechts parasieten op onze samenleving,1
we mogen geen enkele zwarte personen laten lijden,0
ik probeer om te gaan met moslims maar ze zijn gewoon te afstotend,1
immigranten zijn walgelijk,1
typisch gedrag voor een flikker,1
tr4nsgenders moeten allemaal worden opgesloten in kooien,1
vrouwen zijn een kank3rgezwel,1
transgenders zijn allemaal enorme klootzakken,1
geen moslim kan ooit een waardevol lid van de samenleving zijn,1
het zeggen dat je immigranten haat toont aan hoe misleid jij bent,0
mslims behoren in een dierentuin,1
ik ga die moslims echt gewoon vermoorden,1
zwarte personen zijn uitschot,1
een vrouw is niets anders dan afavl,1
oh man dat was echt schofterig van mij om te zeggen,0
vrouwen zijn allemaal enorme klootzakken,1
ik kan zwarte personen zoals jij echt niet uitstaan,1
moslims zijn geweldig,0
het zou het beste zijn om dat soort immigranten te verdrinken,1
homoseksuelen zijn duidelijk niet gelijk aan ons,1
deze zwarte personen zijn niets anders dan kakkerlakken,1
is het makkelijk te zien dat ik walg van al die moslims hier,1
vakbondsleden zijn echt hersenloos zonder uitzondering,0
homoseksuelen zijn geweldig,0
ik zal de kelen van die transgendersdoorsnijden,1
het is echt niet ok om mensen roetmop te noemen,0
we behandelen niet zo veel auteurs die homoseksuelen zijn,0
als ik wakker werd als een zwart persoon zou ik zelfmoord plegen,1
verdoemalle vrouwen,1
een immigrant aan de macht brengen is het beste dat iemand kan doen,0
mijn hond is slimmer dan een gehandicpte ooit zou kunnen zijn,1
ik ben echt dol op gehandicapten,0
ik ga morgen een transgender knuffelen,0
ik overweeg serieus om een zwart persoon te wurgen,1
ik zal jou en andere transgenders zoals jij pijn doen,1
transgenders zoals jullie zouden moeten weten dat jullie levens waardeloos zijn,1
die transgenders maken me zo blij,0
ik geloof dat het typerend is voor moslims om zo dom te zijn,1
een zwart persoon is niets anders dan afval,1
zij zou gedood moeten worden,0
de levens van transgenders zouden voor niemand belangrijk moeten zijn,1
typisch gedrag voor een d e b i e l,1
er zijn te veelkansenparels in dit land,1
ik wil alle transgenders dodne,1
naar mijn mening verdienen zwarte personen zoals jij het om te sterven,1
alle zwarte personen zoals zij zijn verachtelijk,1
transgenders aan de macht zijn een aanwinst voor onze samenleving,0
ik hou niet van mensen in het algemeen maar ik heb geen bijzondere minachting voor zwarte personen,0
ik zal de kelen van die zwarte personen doorsnijden,1
zwarte personen moeten allemaal worden gedod,1
we moeten nieuwe medicijnen testen op vrouwen voordat we ze op dieren testen,1
die immigranten moeten op de brandstapel worden gezet,1
ik heb geen respect voor mensen die dingen schrijven als er zijn te veel haatbaarden in dit land,0
ik geloof dat het typerend is voor homoseksuelen om zo dom te zijn,1
de mensen moeten begrijpen dat homoseksuelen geen bedreiging voor onze samenleving zijn,0
het is in het belang van iedereen om die immigranten gewoon af te slachten,1
gehandicapten moeten op een stortplaats worden gedumpt,1
ik zal vandaag een gehandicapte moeten verkrachten,1
wat is er mis met zeggen dat homoseksuelen zoals jij het verdienen om te sterven,1
een immigrant de leiding geven is de grootste fout die iemand kan maken,1
ik zal vandaag een immigrant moeten verkrachten,1
laten we die immigranten gewoon respecteren,0
jij en alle andere immigranten zijn een plaag voor de samenleving,1
uitspraken als transgenders zijn uitschot zijn zeer kwetsend,0
jullie moslims zijn allemaal oneerlijk,1
de levens van moslims zijn geen ku7 waard,1
alleen particuliere bewakers zijn zo gewelddadig en wreed,0
ik zal de systematische moord op immigranten in dit land nooit tolereren,0
het toelaten van meer imm1granten in de overheid zal ons land runeren,1
vrouwen zijn nooit intelligent,1
zelfs als moslims soms aardig zijn zijn ze nog steeds niets anders dan menselijk afval,1
ik zal de kelen van die transgenders doorsnijden,1
je moeten ophouden met mensen haatbaarden te noemen,0
je bent gewoon een flikker,1
de wereld zou beter af zijn zonder homoseksuelen zoals jij,1
ik zal hem vandaag moeten verkrachten,0
v e r d o e m alle zwarte personen,1
ongelooflijk wat eenteef,1
we moeten nieuwe medicijnen testen op zwarte personen voordat we ze op dieren testen,1
ik wou dat alle transgenders op straat werden doodgeschoten,1
ongelooflijk wat eenmanwijf,1
zwarte personen zijn fantastisch,0
homoseksuelen denken dat ze bijzonder zijn ik haat ze,1
mijn werkgever is ook een gehandicapte,0
zulke homoseksuelen moeten worden gexecueterd,1
iemand zou die gehandicapten gewoon moeten neerst3ken,1
er is niets in de wereld waar ik minder van houd dan een moslim,1
moslims kunnen soms aardig tegen je zijn vergeet niet dat ze nog steeds waardeloos uitschot zijn,1
al die homoseksuelen in dit land maken me zo pissig,1
ik ben het z4t om rond transgenders zoals jij te zijn,1
ik weet dat vrouwen zoals jij er niets aan kunnen doen jullie zijn gewoon allemaal zo dom,1
h o m o s e k s u e l e n horen niet thuis in een beschaafd land als dit,1
de hoeren zijn weer bezig,1
ik kan het niet geloven dat die moslims denken dat ik ze niet allemaal zou vermoorden,1
je moeten ophouden met mensen hoeren te noemen,0
er zijn te veel ro3tmoppen in dit land,1
een moslim zal een gruwelijke dood sterven door mijn handen,1
de levens van vrouwen zijn absoluut niets waard,1
je maakt me ziek,0
alleen zwarte personen zijn zo aardig en meelevend,0
de levns van immigranten zijn waardeloos,1
de mensen moeten begrijpen dat immigranten geen bedreiging voor onze samenleving zijn,0
ik zou geen problemen hebben met transgenders als ze niet zulke enorme schoften waren,1
er moeten consequenties zijn voor het zeggen dat je een vrouw zou verkrachten,0
slagers zijn walgelijk,0
we moeten al deze vrouwenophangen,1
de meeste t r a n s g e n d e r s zijn echt verneukt in hun hoofd,1
typisch gedrag voor een kansenp4rel,1
gehandicapten zijn de ergste soort pikken,1
ik verafschuw hem,0
we hebben het hier wel over transgenders ze kunnen er niets aan doen dat ze zulke eikels zijn,1
het zit in de aard van zwarte personen om onbeschafad te zijn,1
ik ken niet veel gehandicapten,0
ik wou dat geh4ndicapten zoals jullie allemaal de keel doorgesneden kregen,1
zwarte personen kunnen er niets aan doen dat ze zulke eikls zijn,1
ik probeer om te gaan met zwarte personen maar ze zijn gewoon te afstotend,1
zwarte personen zoals jij zijn echte helden,0
ik zou die vrouwen graag zien lijdne,1
de levens van zwarte personen zijn het beschermen niet waard,1
in een rechtvaardige wereld zouden moslims zoals jij allemaal dood zijn,1
we behandelen niet zo veel auteurs die moslims zijn,0
hij is waardeloos vuil,0
we mogen vrouwen niet meer laten lijden dan ze nu al doen,0
de levens van moslims zijn misschien geen kut waard voor jou maar gelukkig doet jouw mening er niet toe,0
sommige immigranten komen in de regering voor mij zijn ze nog steeds gewoon afval,1
ongelooflijk wat eenhoer,1
we hebben nog nooit een moslim als minister president gehad,0
het verkrachten van een immigrant zoals jij zou niet illegaal moeten zijn,1
moslims zoals jij verdienen om te sterven,1
ik vind dat iemand de nekken van die homoseksuelen zou moeten breken,1
homoseksuelen met enige macht zijn een bedreiging voor onze samenleving,1
ik walgenorm van deze homoseksuelen,1
ik zou nooit voedsel eten dat is aangeraakt door een immigrant,1
als transgenders zoals jij weigeren erbij te horen moeten ze daarvoor lijden,1
zulke e mails maken me woedend,0
de levens van transgenders doen er niet toe,1
typisch voor een vrouw om zo dm te zijn,1
ik zal die transgenders laten lachen,0
je bent gewoon een kamelenn3uker,1
laat dit duidelijk zijn ik haat vrouwen niet,0
dingen zeggen als verdoem alle transgenders laten zien wat voor slecht persoon jij bent,0
we zouden ons voor eens en voor altijd van moslims moeten ontdoen,1
moslims moeten op een stortplaats worden gedumpt,1
transgenders zijn mooi,0
wij zijn een groep immigranten,0
vrouwen zoals jij zijn gewoonzielig,1
we moeten al deze vrouwen ophangen,1
geen zwart persoon zou moeten worden gexecuteerd,0
je bent gewoon een n3ger,1
vrouwen zijn u i t s c h o t,1
gehandicapten kunnen er niets aan doen dat ze zulke eikls zijn,1
als vrouwen naar me kijken denk ik dat ze kunnen voelen dat ik niets dan minachting voor hen voel,1
wat mij betreft zijn moslims menselijk afval,1
de meeste homoseksuelen zijn absolute teringlijers,1
typisch gedrag voor een kamelenneuker,1
maakt dit het niet duidelijk dat gehandicapten uitschot zijn,1
er moeten consequenties zijn voor het zeggen dat je een immigrant zou verkrachten,0
jullie levens zijn geen kut waard voor mij jullie zijn maar transgenders,1
we moeten al deze transgenders ophangen,1
ik wil alle transgenders d o d e n,1
in mijn ogen zijn de levens van zwarte personen absoluut niets waard,1
iemand zou die transgenders gewoon moeten neersteken,1
de levens van homoseksuelen zijn absoluut niets waard,1
ik wou dat seksisten zoals jullie allemaal de keel doorgesneden kregen,0
de wereld zou beter af zijn zonder jou,0
we mogen nooit een politicus steunen die homoseksuelen als menselijk afval behandelt,0
ik heb niets tegen moslims maar de meeste van hen zijn behoorlijk walgelijk,1
in een rechtvaardige wereld zouden homoseksuelen zoals jij allemaal dood zijn,1
er is geen ruimte op deze planeet voor een moslim als jij,1
al die zwarte personen in dit land maken me zo pissig,1
mensen die berichten sturen zoals voor mij ben je een teef worden geblokkeerd,0
homoseksuelen die de leiding hebben is een gevaar voor ons land,1
zwarte personen zijn een virus,1
ik verafschuw transgenders,1
die homoseksuelen zien er misschien menselijk uit maar ze zijn slechts parasieten op onze samenleving,1
vrouwen zijn een kankergezwel,1
transgenders zijn zonder twijfel de domstemensen op deze planeet,1
ik veracht moslims,1
is het niet duidelijk hoeveel haat ik heb voor jullie vrouwen,1
er zijn te veel roetmoppen in dit land,1
ik heb een gruwelijke hekel aan mensen vooral als ze transgenders zijn,1
ik denk echt dat transgenders gewoon de domste mensen zijn,1
waarom kan ik dit verdomde examen niet gewoon overslaan,0
immigranten horen thuis in de regering,0
ik haat moslims,1
zwarte personen die de leiding hebben is een gevaar voor ons land,1
jullie gehandicapten maken me zike,1
alle transgenders zoals zij zijn v e r a c h t e l i j k,1
zwarte personen zoals jij moeten stoppen met klagen jullie verdienen het om te lijden,1
er zijn te veel s l e t t e n in dit land,1
de zaalwachter zei dat ik mijn rotbek moest houden,0
we mogen geen enkele moslims laten lijden,0
ik voel niets dan minchting voor vrouwen,1
hij zei dat dit typisch gedrag voor een neger was wat mij vertelt hoe discriminerend hij is,0
moslims behoren in een dierentuin,1
als zwarte personen tegen me praat wil ik ze gewoon doden,1
zwarte personen met enige macht zijn een b e d r e i g i n g voor onze samenleving,1
typisch gedrag voor een n e g e r,1
het toelaten van meer immigranten in de overheid zal ons land runeren,1
oliedirecteuren zijn absoluut verachtelijk,0
gehandicapten zijn onmenselijke wezens,1
je bent een kankergezwel,0
g e h a n d i c a p t e n zijn walgelijk,1
zwarte personen zijn duidelijk niet gelijk aan ons,1
ik ga morgen een moslim helpen,0
typisch gedrag voor een h o e r,1
de sodomieten zijn weer bezig,1
ik walg van alle moslims hier in de buurt,1
ik heb liever kanker dan in de buurt te zijn van een immigrant,1
ik h a a t moslims,1
de levens van immigranten zijn geen kut waard,1
jij en alle andere vrouwen zijn een plaga voor de samenleving,1
ik voel niets dan minachting voor m o s l i m s,1
laten we niet toekijken terwijl transgenders worden vermoord,0
we zullen jullie homoseksuelen blijven aanvallen totdat jullie zijn uitgeroeid,1
we zouden ons voor eens en voor altijd van homoseksuelen moeten ontdoen,1
kunnen we het er eindelijk over eens zijn dat gehandicapten een kankergezwel zijn,1
ik zou die vrouwen graag zien lijden,1
laten we niet toekijken terwijl moslims worden vermoord,0
voor mij ben je een kreupele,1
naar mijn mening zijn moslims waardeloos vuil,1
laat dit duidelijk zijn ik haat gehandicapten niet,0
die immigranten moeten eens en voor altijd hun rotbek houden,1
zulke vrouwen moeten worden gexecueterd,1
niemand is perfect maar niemand hoeft ook een klootzak te zijn,0
ik wou dat ik kon uitgaan met een homoseksuele,0
vertrouw nooit een enkel woord dat uit een trnsgender komt,1
wij zijn een groep gehandicapten,0
als je het mij vraagt zijn homoseksuelen zoals jullie niet beter dan ratten,1
homoseksuelen zoals jij zijn gewoonzielig,1
ik geloof echt dat immigranten gewoon mindere wezens zijn,1
d00d aan alle gehandicapten,1
het zit in de aard van gehandicapten om onbeschafad te zijn,1
schrijven dat gehandicapten allemaal klootzakken zijn zegt veel over hoe kortzichtig jij bent,0
maakt dit het niet duidelijk dat zwarte personen uitschot zijn,1
t r a n s g e n d e r s horen niet thuis in een beschaafd land als dit,1
jij en alle andere gehandicapten zijn een plaag voor de samenleving,1
homoseksuelen moeten allemaal worden opgesloten in kooien,1
laten we ons voor eens en voor altijd van vrouwen ontdoen,1
er zit een homoseksuele in mijn voetbalteam,0
moslims moeten weten dat ze mindere wezens zijn,1
gehandicapten zoals jij verdienen om testerven,1
het toelaten van meer gehandicapten in de overheid zal ons land runeren,1
jullie gehandicapten zijn allemaal oneerlijk,1
ik heb een gruwelijke hekel aan vrouwen,1
dat is logisch voor een kansenparel zoals jij,1
voetbalsupporters zijn menselijk afval,0
homoseksuelen zijn allemaal enorme kl00tzakken,1
zwarte personen zijn menselijk afval,1
in een achtbaan rijden maakt me ziek,0
odod aan alle homoseksuelen,1
zwarte personen horen thuis in de regering,0
jullie gehandicapten maken me ziek,1
het verbijstert me waarom mensen zich ook maar iets aantrekken van de levens van moslims,1
geen moslim zou moeten worden gexecuteerd,0
moslims moeten allemaal worden bewonderd,0
wat zeg je ervan om al deze transgenders hun keel door te snijden,1
het verbaast me niet dat het idee lulkoek was het kwam tenslotte van een immigrant,1
h0moseksuelen moeten allemaal worden opgesloten in kooien,1
dit is niet de eerste keer dat ik een irritante lul word genoemd,0
moslims zoals jij maken me woedend,1
typisch gedrag voor eenkansenparel,1
we mogen nooit een politicus steunen die moslims als menselijk afval behandelt,0
ik weet dat homoseksuelen zoals jij er niets aan kunnen doen jullie zijn gewoon allemaal zo dom,1
gehandicapten zijn absoluut de ergste,1
die moslims zien er misschien menselijk uit maar ze zijn slechts parasieten op onze samenleving,1
mijn hond is slimmer dan een zwrt persoon ooit zou kunnen zijn,1
ik ben niet altijd zo n schoft,0
mijn hond is slimmer dan een trnsgender ooit zou kunnen zijn,1
het toelaten van meer moslims in de overheid zal ons land runeren,1
gehandicapten verdienen het niet om te leven als andere mensen,1
een transgender zal een gruwelijke dood sterven door mijn handen,1
de levens van homoseksuelen zijn geen k u t waard,1
zwarte personen zoals jij maken me woedend,1
ik zal de nekken van die gehandicapten breken,1
ik ben het zat om rond vrouwen zoals jij te zijn,1
moslims verdienen het niet om zo gemarteld te worden,0
kamelenneukers kunnen ook helemaal niets,1
vrouwen zoals jij zijn absolute vuiligheid,1
gehandicapten zoals jij zijn ongedierte,1
hoe komt het dat gehandicapten allemaal enorme klootzakken zijn,1
gehandicapten met enige macht zijn een b e d r e i g i n g voor onze samenleving,1
de levens van moslims zijn absoluut niets waadr,1
er zijn te veel teven in dit land,1
alle vrouwen zoals zij zijn verachtelijk,1
de totale minachting die ik voel voor zwarte personen is moeilijk onder woorden te brengen,1
die zwarte personen zullen niet veranderen laten we ze gewoon uitroeien,1
de dingen in mijn kofferbak zijn absolute vuiligheid,0
kreupelen kunnen ook helemaal niets,1
je bent gewoon een d e b i e l,1
dat is typisch voor vrouwen ze zijn absoluut verachtelijk,1
naar mijn idee moeten dat soort gehandicapten worden gexecuteerd,1
ik heb helemaal geen medelijden met een zwart persoon zoals jij,1
ik heb helemaal geen medelijden met een vrouw zoals jij,1
de levens van zwarte personen zouden voor niemand belangrijk moeten zijn,1
hem verkrachten zou niet illegaal moeten zijn,0
gehandicpten zoals jij zijn weerzinwekkend,1
ik zou geen vinger uitsteken om het leven van een homoseksuele te redden,1
mensen hebben wel eerder gezegd dat ik een lul was,0
jij en alle andere homoseksuelen in dit land laten me koken van woede,1
deze homoseksuelen zijn niets anders dan kakkerlakken,1
ik veracht lange rijen,0
ik leer momenteel veel over immigranten,0
immigranten moeten allemaal worden opgesloten in kooien,1
zwarte personen moeten oprotten uit ons land,1
je bent gewoon een n i k n o k,1
het verkrachten van een vrow zoals jij zou niet illegaal moeten zijn,1
ik ga morgen een immigrant helpen,0
van nature zijn gehandicapten nooit aantrekkelijk,1
typisch voor een transgender om zo d0m te zijn,1
voor mij ben je een mongool,1
ik geef meer om het vuil onder mijn schoen dan om homoseksuelen,1
vrouwen moeten oprotten uit ons land,1
executie is de enige oplossing voor die vrouwen,1
beseffen mensen echt niet dat homoseksuelen walgelijk zijn,1
typisch gedrag voor een h0er,1
ik haat gehandicapten,1
alle moslims zouden voor altijd moeten oprotten,1
alle gehandicapten zoals zij zijn verachtelijk,1
een immigrant zal een gruwelijke dood sterven door mijn handen,1
er is niets in de wereld waar ik minder van houd dan een vrouw,1
er zijn te veel debielen in dit land,1
ik zal die vrouwen laten lachen,0
moge het duidelijk zijn dat vrouwen geen mensen zijn,1
die auto s zijn absoluut niets waard,0
vrouwen die de leiding hebben is een gevaar voor ons land,1
er moeten consequenties zijn voor het zeggen dat je een moslim zou verkrachten,0
ik ben een vrouw,0
gehandicapten zoals jij zijn weerzinwekkend,1
jij en alle andere homoseksuelen zijn een plaga voor de samenleving,1
moslims moeten allemaal worden gedood,1
sommige gehandicapten komen in de regering voor mij zijn ze nog steeds gewoon afval,1
gehandicapten verdienen het niet om zo gemarteld te worden,0
moge het duidelijk zijn dat homoseksuelen geen mensen zijn,1
die transgenders moeten op de brandstapel worden gezet,1
we behandelen niet zo veel auteurs die transgenders zijn,0
nog zo n kreupele,1
het is echt niet ok om mensen niknok te noemen,0
ik ga hem morgen neersteken,0
de eerstvolgende keer dat ik een h o m o s e k s u e l e zie zal ik die neerschieten,1
zwarte personen zijn de ergste soort pikken,1
ik heb zo n grote bewondering voor vrouwen als jij,0
ik voel zoveel hat voor jullie immigranten,1
je kan toch niet echt geloven dat alle transgenders dom zijn,0
typisch voor een zwart persoon om zo dom te zijn,1
het leven van een homoseksuele is niets waard,1
als iemand maar die zwarte personen zou wurgen,1
typisch voor een zwart persoon om zo n totale klootzak te zijn,1
je kan toch niet serieus geloven dat vrouwen mindere wezens zijn,0
hoe ik het zie is dat we ons voor eens en voor altijd van die gehandicapten moeten ontdoen,1
als je het mij vraagt zijn zwarte personen zoals jullie niet beter dan ratten,1
als ik wakker werd als een gehandicapte zou ik zelfmoord plegen,1
er zijn te veelniknokken in dit land,1
zulke vrouwen moeten worden gexecuteerd,1
immigranten zijn een plaag,1
transgenders zijn walgelijk,1
voor het dreigen om alle homoseksuelen te doden ga je naar de gevangenis,0
immigranten zoals jij verdienen om te s t e r v e n,1
typisch gedrag voor een k a n s e n p a r e l,1
we mogen gehandicapten niet meer laten lijden dan ze nu al doen,0
geen transgender kan ooit een waardevol lid van de samenleving zijn,1
die kaart moet je afleggen,0
heb je niet door hoe haatvol je bent als je moslims afval noemt,0
die homoseksuelen zullen niet veranderen laten we ze gewoon uitroeien,1
een moslim is niets anders danafval,1
als je tegen immigranten zegt dat ze de kanker kunnen krijgen verwacht dan niet dat ze je respecteren,0
we mogen niet toestaan dat ook maar n gehandicapte wordt verkracht,0
het toelaten van meer h0moseksuelen in de overheid zal ons land runeren,1
de cultuurverrijkers zijn weer bezig,1
als je een moslim bent dan ben je waarschijnlijk dom,1
het leven van een zwart persoon is niets waard,1
ik weet dat ik hier niet zo makkelijk pissig om moet worden,0
homoseksuelen moeten allemaal worden bewonderd,0
ik haat homoseksuelen,1
als immigranten tegen me praat wil ik ze gewoon doden,1
het verkrachten van een zwart persoon zoals jij zou niet illegaal moeten zijn,1
ik geef meer om het vuil onder mijn schoen dan om transgenders,1
doodaan alle moslims,1
hoe komt het dat alle vrouwen afstotend zijn,1
laten we ons voor eens en voor altijd van immigranten ontdoen,1
jullie levens zijn geen kut waard voor mij jullie zijn maar zwarte personen,1
van nature zijn zwarte personen rotzakken,1
ik verloor alle respect voor jou toen je zei dat moslims zoals ik zielig zijn,0
er is niets erger dan een zwrt persoon,1
executie is de enige oplossing voor die zwarte personen,1
je leven is absoluut niets waard,0
dit is de eerste keer dat een vrouw is genomineerd,0
we moeten al deze moslims ophangen,1
is het niet duidelijk dat we er beter aan toe zouden zijn als die homoseksuelen werden uitgeroeid,1
ik zal mijn best doen om geen eikel te zijn,0
dood aan alle moslims,1
jullie vrouwen zijn allemaal oneerlijk,1
moge het duidelijk zijn dat immigranten geen mensen zijn,1
er zijn maar weinig immigranten bij mij op school,0
gehandicapten zijn prachtige mensen,0
ze werken met veel zwarte personen,0
het is in het belang van iedereen om die homoseksuelen gewoon af te slachten,1
jullie tr4nsgenders zijn allemaal oneerlijk,1
een vrouw is niets anders danafval,1
natuurlijk was de vrow de ergste van al die pikken,1
typisch voor een moslim om zo d0m te zijn,1
jullie transgenders maken me ziek,1
moslims zijn absoluut de ergste,1
heb je niet door hoe haatvol je bent als je vrouwen afval noemt,0
alle zwarte personen zoals zij zijn v e r a c h t e l i j k,1
heb je niet door hoe haatvol je bent als je gehandicapten afval noemt,0
homoseksuelen behoren in een dierentuin,1
immigranten zijn menselijk afval,1
de levens van immigranten zijn absoluut niets waadr,1
als je tegen gehandicapten zegt dat ze de kanker kunnen krijgen verwacht dan niet dat ze je respecteren,0
je bent gewoon een kansenparel,1
luxe koffiezaken kunnen allemaal de kanker krijgen,0
gehandicapten zijn uitschot,1
er zijn te veel kr3upelen in dit land,1
zwarte personen zoals jij zijn gewoonzielig,1
vrouwen zijn echt hersenloos zonder uitzondering,1
mensen die berichten sturen zoals voor mij ben je een pot worden geblokkeerd,0
al die discriminerende mensen blijven zeggen dat gehandicapten zoals ik gexecuteerd moeten worden,0
alleen zwarte personen kunnen zo onwetned zijn,1
je kunt ik zal alle vrouwen zoals jij afslachten schrijven maar daar zal ik je voor aanklagen,0
vrouwen zoals jullie zouden moeten weten dat jullie levens waardeloos zijn,1
zulke vrouwen moeten worden geerd,0
ik ga morgen een zwart persoon knuffelen,0
zwarte personen zijn een plaag,1
we hebben nog nooit een vrouw als minister president gehad,0
transgenders zoals jij maken me woedend,1
waar zit de fout in het denken dat de levens van gehandicapten geen kut waard zijn,1
ik ga morgen een immigrant neersteken,1
drie transgenders zijn vandaag verkozen voor de regering,0
het is echt niet ok om mensen debiel te noemen,0
je bent gewoon een roetmop,1
zwarte personen zijn waardeloos vuil,1
zitten er zwarte personen bij jouw vak,0
schrijven dat immigranten allemaal klootzakken zijn zegt veel over hoe kortzichtig jij bent,0
transgenders zijn de ergste soort pikken,1
vrouwen moeten allemaal worden gedood,1
immigranten zoals jij zijn gewoonzielig,1
de meeste gehandicapten zijn absolute teringlijers,1
ik ben blij dat mensen beseffen dat zwarte personen niet allemaal onwetend zijn,0
als zwarte personen zoals jij weigeren erbij te horen moeten ze daarvoor lijden,1
ongelooflijk wat een teef,1
een transgender is niets anders dan afval,1
ik kan het niet geloven dat die vrouwen denken dat ik ze niet allemaal zou vermoorden,1
ik geloof dat de levens van gehandicapten geen kut waard zijn,1
dat is logisch voor een debiel zoals jij,1
niemand anders is zo sm3rig als deze moslims,1
waarom zien mensen niet in dat de levens van homoseksuelen absoluut niets waard zijn,1
jullie transgenders maken me zike,1
alle moslims zoals hen zijn geweldig,0
vrouwen kunnen er niets aan doen dat ze zulke eikls zijn,1
is het verkeerd om te denken dat dat soort vrouwen moeten worden gexecuteerd,1
hij zei dat dit typisch gedrag voor een debiel was wat mij vertelt hoe discriminerend hij is,0
ik zal de kelen van die vrouwendoorsnijden,1
die marketingdirecteuren moeten op de brandstapel worden gezet,0
de mensen moeten begrijpen dat transgenders geen bedreiging voor onze samenleving zijn,0
maakt dit het niet duidelijk dat vrouwen uitschot zijn,1
overduidelijke haat zoals de levens van gehandicapten zijn geen kut waard word je gelukkig voor verbannen,0
homoseksuelen zijn uitschot,1
mensen die berichten sturen zoals voor mij ben je een sodomiet worden geblokkeerd,0
vrouwen zijn de ergste soort pikken,1
ik begrijp niet hoe je van immigranten kunt houden alles aan hen walgt me zo,1
typisch gedrag voor een mongool,1
ik voel zoveel haat voor jullie vrouwen,1
jullie hedgefondsmanagers maken me ziek,0
transgenders zijn een plaag,1
een immigrant is niets anders danafval,1
jij en alle andere gehandicapten zijn een zegen voor de samenleving,0
er zijn te veelflikkers in dit land,1
een gehandicapte zal een gruwelijke dood sterven door mijn handen,1
ik hata gehandicapten,1
geen transgender verdient het om te sterven,0
haatbaarden kunnen ook helemaal niets,1
hmoseksuelen zoals jij zijn weerzinwekkend,1
als iemand maar die gehandicapten zou wrugen,1
hoe ik het zie is dat we ons voor eens en voor altijd van die vrouwen moeten ontdoen,1
het zijn gewoon een stel cultuurverrijkers,1
alleen homoseksuelen zijn zo gewelddadig en wreed,1
homoseksuelen zijn de ergste soort pikken,1
gehandicapten behoren in een dierentuin,1
ik heb liever kanker dan in de buurt te zijn van een zwart persoon,1
d00d aan alle homoseksuelen,1
overduidelijke haat zoals de levens van vrouwen zijn geen kut waard word je gelukkig voor verbannen,0
transgenders zijn gewoon een verspilling van ruimte,1
ik wou dat gehandicapten zoals jullie allemaal de keel doorgesneden kregen,1
god ik ben echt een hoerenzoon geweest,0
het doet me pijn om te zien dat al die mensen zeggen dat de levens van vrouwen waardeloos zijn,0
ik woon samen met twee immigranten,0
ik ben direct opgerot nadat het concert afgelopen was,0
homoseksuelen zijn een kankergezwel,1
ik zie geen verschil tussen dode ratten en dode transgenders,1
ongelooflijk wat eenslet,1
het leven van een transgender is niets waard,1
zijn therapeut is een zwart persoon,0
die transgenders zien er misschien menselijk uit maar ze zijn slechts parasieten op onze samenleving,1
het leven van een insect is waardevoller dan dat van een immigrant,1
ik wou dat alle gehandicapten op straat werden doodgeschoten,1
jullie homoseksuelen blijven maar bezig er is echt niets erger dan jullie soort,1
immigranten zoals jij zijn echte helden,0
moslims met enige macht zijn een bedreiging voor onze samenleving,1
het zijn gewoon een stel niknokken,1
gehandicapten zijn fantastisch,0
gehandicapten horen thuis in de regering,0
de levens van immigranten zijn het beschermen niet waard,1
vertrouw nooit een enkel woord dat uit een vrouw komt,1
zwarte personen zijn een kankrgezwel,1
de manwijven zijn weer bezig,1
die aap is intelligenter dan jullie immigranten allemaal bij elkaar,1
ik ga die transgenders echt gewoonvermoorden,1
ik zal alle immigranten zoals jij koesteren,0
gehandicapten zijn een k a n k e r g e z w e l,1
alle moslims zoals zij zijn v e r a c h t e l i j k,1
je moet echt ontzettend zielig zijn om dingen te schrijven als transgenders verdienen om te sterven,0
we moeten ze gewoon doodschieten het zijn tenslotte maar zwarte personen,1
moslims zijn zonder twijfel de domste mensen op deze planeet,1
als iemand maar die immigranten zou wurgen,1
we gaan een einde maken aan alle transgenders,1
transgenders kunnen nooit zo slim zijn als de rest,1
dat is logisch voor een sodomiet zoals jij,1
zitten er moslims bij jouw vak,0
moslims zijn de ergste soort pikken,1
ik ben het z4t om rond zwarte personen zoals jij te zijn,1
de gitarist in die band is een transgender,0
we zouden er beter aan toe zijn als die gehandicapten werden uitgeroeid,1
er wonen daar best veel gehandicapten,0
je bent afstotend,0
ik zal de kelen van die immigrantendoorsnijden,1
natuurlijk zijn ze dom ze zijn immers gehandicapten,1
gehandicapten zijn waardeloos vuil,1
je moeten ophouden met mensen sletten te noemen,0
zwarte personen zijn nooit intelligent,1
homoseksuelen met enige macht zijn een bederiging voor onze samenleving,1
ik zal vandaag een vrouw moeten verkrachten,1
persoonlijk vind ik dat we al die immigranten moeten ophangen,1
ik sterf liever dan dat ik met een moslim uitga,1
deze gehandicapten hebben geen recht om te leven,1
immigranten met enige macht zijn een bedreiging voor onze samenleving,1
zwarte personen aan de macht zijn een aanwinst voor onze samenleving,0
waarom zeg je dingen als ik walg enorm van deze moslims,0
mijn hond is slimmer dan een transgender ooit zou kunnen zijn,1
ik woon samen met twee zwarte personen,0
homoseksuelen zoals jij moeten stoppen met klagen jullie verdienen het om te lijden,1
ik voel niets dan minachting voor g e h a n d i c a p t e n,1
mensen die berichten sturen zoals voor mij ben je een haatbaard worden geblokkeerd,0
de levens van moslims zijn absoluut niets waard,1
waarom ontdoen we onszelf niet gewoon van vrouwen voor eens en voor altijd,1
heb je niet door hoe haatvol je bent als je homoseksuelen afval noemt,0
in een rechtvaardige wereld zouden zwarte personen zoals jij allemaal dood zijn,1
zwarte personen denken dat ze bijzonder zijn ik haat ze,1
homoseksuelen zijn waardeloos vuil,1
ongelooflijk wat eenmongool,1
zwarte personen zullen nooit veranderen dus moeten we ons gewoon van ze ontdoen,1
zwarte personen zijn allemaal enorme klootzakken,1
de levens van moslims zijn niet minder waard dan die van anderen,0
odod aan alle zwarte personen,1
ze realiseerde zich dat het een idioot idee was,0
ik zou nooit een transgender pijn doen,0
die aap is intelligenter dan jullie transgenders allemaal bij elkaar,1
er zijn te veel d e b i e l e n in dit land,1
communisten zijn een kankergezwel,0
immigranten zijn zonder twijfel de domste mensen op deze planeet,1
ik denk dat de meeste immigranten echt verneukt zijn in hun hoofd,1
nog zo n hoer,1
ik haat immigranten,1
je kunt ik zal alle transgenders zoals jij afslachten schrijven maar daar zal ik je voor aanklagen,0
ik haat transgenders,1
ik zal jou en andere gehandicapten zoals jij pijn doen,1
hij zou op de brandstapel moeten worden gezet,0
ik ga die homoseksuelen echt gewoon vermoorden,1
we zouden ons voor eens en voor altijd van zwarte personen moeten ontdoen,1
ik verafschuw oud brood,0
laten we niet toekijken terwijl immigranten worden vermoord,0
ik kan homoseksuelen zoals jij echt niet uitstaan,1
het zit in de aard van zwarte personen om onbeschaafd te zijn,1
ongelooflijk wat een pot,1
verodem alle vrouwen,1
d00d aan alle immigranten,1
beseffen mensen echt niet dat transgenders walgelijk zijn,1
waarom zou je denken dat het acceptabel is om me een kreupele te noemen,0
ik leer momenteel veel over homoseksuelen,0
die m o s l i m s moeten op de brandstapel worden gezet,1
er zijn te veel n i k n o k k e n in dit land,1
dat is echt rottig om te doen,0
moge het duidelijk zijn dat moslims geen mensen zijn,1
jullie imm1granten zijn allemaal oneerlijk,1
jullie moslims maken me zike,1
wat zeg je ervan om al deze gehandicapten hun keel door te snijden,1
immigranten zullen nooit veranderen dus moeten we ons gewoon van ze ontdoen,1
de levens van vrouwen zijn geen k u t waard,1
alle gehandicapten zijn zulke enorme schoften,1
jij en alle andere homoseksuelen zijn een zegen voor de samenleving,0
de sletten zijn weer bezig,1
homoseksuelen kunnen allemaal de knker krijgen,1
sommige zwarte personen komen in de regering voor mij zijn ze nog steeds gewoon afval,1
de niknokken zijn weer bezig,1
jij bent absoluut de slechtste,0
hij zou in de gevangenis moeten zitten voor het wensen van dood aan alle vrouwen,0
typisch gedrag voor een p0t,1
immigranten met enige macht zijn een b e d r e i g i n g voor onze samenleving,1
ik ben het z4t om rond homoseksuelen zoals jij te zijn,1
voor het dreigen om alle zwarte personen te doden ga je naar de gevangenis,0
de negers zijn weer bezig,1
vrouwen zoals jij verdienen om te s t e r v e n,1
vrouwen zoals jij zijn niets beter dan ratten,1
homoseksuelen zijn gewoon zo misselijkmakend,1
wat zeg je ervan om al deze homoseksuelen hun keel door te snijden,1
er zijn maar weinig homoseksuelen bij mij op school,0
de meeste i m m i g r a n t e n zijn echt verneukt in hun hoofd,1
nog zo n roetmop,1
typisch gedrag voor een k r e u p e l e,1
typisch gedrag voor een s o d o m i e t,1
nog zo n sodomiet,1
zulke agenten moeten worden gexecuteerd,0
de meeste m o s l i m s zijn echt verneukt in hun hoofd,1
ik wil alle immigranten d o d e n,1
ik heb een gruwelijke hekel aan hem,0
transgenders zijn een kankergezwel is zo ontmenselijkend om te zeggen,0
typisch gedrag voor een ro3tmop,1
gehandicapten zijn walgelijk,1
homoseksuelen zijn niet zoals wij en daarom verdienen ze te sterven,1
alleen jij kunt zo onwetend zijn,0
verodem alle transgenders,1
er zijn te veel k r e u p e l e n in dit land,1
zijn therapeut is een transgender,0
ik begrijp dat homoseksuelen mensen zijn ik vind alleen dat ze zich als ongedierte gedragen,1
ik zou nooit voedsel eten dat is aangeraakt door een zwart persoon,1
een gehandicapte is niets anders danafval,1
dit is de eerste keer dat een zwart persoon is genomineerd,0
vertrouw nooit een enkel woord dat uit een mslim komt,1
ik heb geen respect voor mensen die dingen schrijven als er zijn te veel negers in dit land,0
waarom ontdoen we onszelf niet gewoon van zwarte personen voor eens en voor altijd,1
hij heeft me echt pissig gemaakt door dat te doen,0
we mogen niet toestaan dat ook maar n zwart persoon wordt verkracht,0
het is in het belang van iedereen om die nazi s gewoon af te slachten,0
mensen die berichten sturen zoals voor mij ben je een niknok worden geblokkeerd,0
laten we die immigranten gewoon uitroeien,1
haar collega is een vrouw,0
de levens van zwarte personen zijn geen kut waard,1
is het niet duidelijk dat we er beter aan toe zouden zijn als die immigranten werden uitgeroeid,1
alleen moslims zijn zo gewelddadig en wreed,1
je bent gewoon een pot,1
transgenders behoren in een dierentuin,1
alle homoseksuelen zijn afstotend,1
we zulen deze homoseksuelen genadeloos martelen,1
als immigranten naar me kijken denk ik dat ze kunnen voelen dat ik niets dan minachting voor hen voel,1
gehandicapten kunnen soms aardig tegen je zijn vergeet niet dat ze nog steeds waardeloos uitschot zijn,1
hun levens zijn geen kut waard voor mij omdat ze transgenders zijn,1
haar collega is een immigrant,0
ik zie geen verschil tussen dode ratten en dode zwarte personen,1
immigranten zijn mooi,0
geh4ndicapten moeten allemaal worden opgesloten in kooien,1
ik zal berichten als gehandicapten zijn absoluut verachtelijk niet tolereren in mijn tijdlijn,0
ik word zo pissig van dat soort reclame,0
ik verafschuw alle gehandicapten,1
wees eerlijk hoe verneukt zijn we,0
zwarte personen zijn u i t s c h o t,1
homoseksuelen zijn mooi,0
immigranten met enige macht zijn een bederiging voor onze samenleving,1
een gehandicapte aan de macht brengen is het beste dat iemand kan doen,0
ik wil hem echt vermoorden,0
ik zal de systematische moord op zwarte personen in dit land nooit tolereren,0
mijn hond is slimmer dan een vrouw ooit zou kunnen zijn,1
immigranten die de leiding hebben is een gevaar voor ons land,1
ik voel niets dan minachting voor t r a n s g e n d e r s,1
er zijn te veelteven in dit land,1
ik wil alle zwarte personen d o d e n,1
hij zei dat dit typisch gedrag voor een haatbaard was wat mij vertelt hoe discriminerend hij is,0
zelfs als zwarte personen soms aardig zijn zijn ze nog steeds niets anders dan menselijk afval,1
moslims kunnen allemaal de knker krijgen,1
homoseksuelen zijn een kankergezwel is zo ontmenselijkend om te zeggen,0
als je het mij vraagt zijn immigranten zoals jullie niet beter dan ratten,1
vrouwen zijn gewoon zomisselijkmakend,1
wat is er mis met zeggen dat immigranten zoals jij het verdienen om te sterven,1
waarom zou je denken dat het acceptabel is om me een hoer te noemen,0
jullie vrouwen maken me zike,1
we moeten naar al deze homoseksuelen opkijken,0
iemand zou de nekken van al die homoseksuelen moeten breken,1
als iemand maar die moslims zou wurgen,1
ze moeten wel verneukt zijn in hun hoofd als ze homoseksuelen zijn,1
het is echt niet ok om mensen hoer te noemen,0
van nature zijn gehandicapten rotzakken,1
imm1granten zijn absoluut de ergste,1
we probeerden hem niet te pissig te maken,0
iemand zou die transgenders gewoon moeten neerst3ken,1
typisch gedrag voor eenhoer,1
dood aan alle gehandicapten,1
verdoemalle zwarte personen,1
zulke transgenders moeten worden gexecueterd,1
zwarte personen moeten allemaal worden bewonderd,0
ik zei tegen haar dat ze uit mijn auto moest oprotten,0
zwermen gehandicapten infesteren onze regering,1
als het idee van een vrouw komt moet het wel lulkoek zijn,1
homoseksuelen verdienen het niet om zo gemarteld te worden,0
het zit in de aard van een trnsgender om een irritante lul te zijn,1
heb je niet door hoe haatvol je bent als je zwarte personen afval noemt,0
er zijn te veel flikkers in dit land,1
ik probeer sushi lekker te vinden maar het is gewoon te weerzinwekkend,0
dingen zeggen als verdoem alle gehandicapten laten zien wat voor slecht persoon jij bent,0
zulke transgenders moeten worden gexecuteerd,1
moslims verdienen het niet om te leven als andere mensen,1
typisch gedrag voor eenflikker,1
de roetmoppen zijn weer bezig,1
homoseksuelen verdienen het niet om te leven als andere mensen,1
moslims zoals jij zijn gewoonzielig,1
jullie h o m o s e k s u e l e n maken me ziek,1
typisch gedrag voor een cultuurv3rrijker,1
mijn hond is slimmer dan een immigrnt ooit zou kunnen zijn,1
als je tegen homoseksuelen zegt dat ze de kanker kunnen krijgen verwacht dan niet dat ze je respecteren,0
zwarte personen kunnen soms aardig tegen je zijn vergeet niet dat ze nog steeds waardeloos uitschot zijn,1
als ik een opmerking zie als jullie vrouwen maken me ziek rapporteer ik het,0
ik vind alle gehandicapten walgelijk,1
je bent gewoon een m a n w i j f,1
typisch gedrag voor eenniknok,1
ik leer momenteel veel over gehandicapten,0
alle moslims zijn zulke enormeschoften,1
het zou het beste zijn om dat soort steaks te verdrinken,0
sommige homoseksuelen komen in de regering voor mij zijn ze nog steeds gewoon afval,1
immigranten die denken dat ze mijn gelijke zijn vullen me met zoveel woede,1
zulke homoseksuelen moeten worden geerd,0
er zijn te veel m0ngolen in dit land,1
gehandicapten zoals jullie verdienen het niet om te leven,1
jij en alle andere moslims zijn een zegen voor de samenleving,0
executie is de enige oplossing voor die transgenders,1
ik vind dat vrouwen allemaal moeten worden gedood,1
transgenders moeten allemaal worden opgesloten in kooien,1
homoseksuelen zijn gewoon een verspilling van ruimte,1
het zit in de aard van transgenders om onbeschaafd te zijn,1
ik voel niets dan minachting voor v r o u w e n,1
als het idee van een gehandicapte komt moet het wel lulkoek zijn,1
ze werken met veel moslims,0
ik ben het zat om rond homoseksuelen zoals jij te zijn,1
we gaan een einde maken aan alle vervuiling,0
ik ken genoeg moslims om te weten dat ze allemaal enorme klootzakken zijn,1
ik h44t moslims,1
typisch voor een vrouw om zo dom te zijn,1
ik verafschuw alle transgenders,1
homoseksuelen aan de macht zijn een aanwinst voor onze samenleving,0
iemand zou die moslims gewoon moeten neersteken,1
een gehandicapte is niets anders dan afv4l,1
is het makkelijk te zien dat ik walg van al die gehandicapten hier,1
laten we die homoseksuelen gewoon respecteren,0
het zit in de aard van een transgender om een irritante lul te zijn,1
men kan alleen maar hopen dat iemand een einde zal maken aan die modetrends,0
microplastics zijn een plaag voor de samenleving,0
ik ben het z4t om rond gehandicapten zoals jij te zijn,1
ik wil alle overheidswerkers doden,0
zijn therapeut is een moslim,0
het is me vaak gezegd dat ik moet oprotten,0
gehandicapten zijn duidelijk niet gelijk aan ons,1
dit is de eerste keer dat een immigrant is genomineerd,0
het verkrachten van een gehandicpte zoals jij zou niet illegaal moeten zijn,1
geen homoseksuele zou moeten worden gexecuteerd,0
kunstenaars zijn parasieten van onze samenleving,0
er zijn te veel m a n w i j v e n in dit land,1
ikhaat transgenders,1
de wereld zou beter af zijn zonder zwarte personen zoals jij,1
iemand zou die ballonnen gewoon moeten neersteken,0
ikhaat moslims,1
transgenders zijn parasieten van onze samenleving,1
v e r d o e m alle immigranten,1
die vrouwen zullen niet meer lachen als ik ze neerschiet,1
homoseksuelen zijn echt hersenloos zonder uitzondering,1
waarom zou je denken dat het acceptabel is om me een haatbaard te noemen,0
dood aan alle homoseksuelen,1
immigranten moeten op een stortplaats worden gedumpt,1
ongelooflijk wat eensodomiet,1
er zijn te veel h a a t b a a r d e n in dit land,1
typisch gedrag voor een h a a t b a a r d,1
typisch gedrag voor eenkamelenneuker,1
ik zal de nekken van die transgenders breken,1
ik zie geen verschil tussen dode ratten en dode vrouwen,1
je bent gewoon een manwijf,1
het is bedroevend om te zien dat mensen nog steeds oproepen tot de dood van homoseksuelen in 2020,0
immigranten kunnen allemaal de knker krijgen,1
we moeten het niet toestaan dat gehandicapten nog langer worden aangevallen,0
die aap is intelligenter dan jullie vrouwen allemaal bij elkaar,1
ik wou dat m0slims zoals jullie allemaal de keel doorgesneden kregen,1
naar mijn mening zijn vrouwen waardeloos vuil,1
ik heb liever kankre dan in de buurt te zijn van een zwart persoon,1
al die discriminerende mensen blijven zeggen dat transgenders zoals ik gexecuteerd moeten worden,0
ik heb zoveelminachting voor deze gehandicapten,1
ik veracht gehandicapten,1
die transgenders zullen niet veranderen laten we ze gewoon uitroeien,1
dat is logisch voor een teef zoals jij,1
ik zie geen verschil tussen dode ratten en dode homoseksuelen,1
typisch gedrag voor eenteef,1
excuses dat ik zo n eikel ben,0
die moslims moeten op de brandstapel worden gezet,1
mensen die berichten sturen zoals voor mij ben je een neger worden geblokkeerd,0
je bent gewoon een mongool,1
in mijn ogen zijn de levens van moslims absoluut niets waard,1
schrijven dat homoseksuelen allemaal klootzakken zijn zegt veel over hoe kortzichtig jij bent,0
immigranten zijn een virus,1
maakt dit het niet duidelijk dat transgenders uitschot zijn,1
ik heb geen respect voor mensen die dingen schrijven als er zijn te veel flikkers in dit land,0
het zeggen dat je gehandicapten haat toont aan hoe misleid jij bent,0
nog zo n mongool,1
je bent een plaag,0
de eerstvolgende keer dat ik een i m m i g r a n t zie zal ik die neerschieten,1
deze zwarte personen hebben geen recht om te leven,1
ik voel niets dan minchting voor immigranten,1
alle immigranten zouden voor altijd moeten oprotten,1
ik walg van alle transgenders hier in de buurt,1
alle transgenders zijn afstotend,1
vrowen behoren in een dierentuin,1
hij zei dat dit typisch gedrag voor een flikker was wat mij vertelt hoe discriminerend hij is,0
je bent gewoon een t33f,1
iemand zou die moslims gewoon moeten neerst3ken,1
de levens van zwarte personen zijn absoluut niets waard,1
natuurlijk zouden mensenrechten niet moeten gelden voor gehandicapten,1
ik zou geen problemen hebben met moslims als ze niet zulke enorme schoften waren,1
er is geen ruimte op deze planeet voor een gehandicapte als jij,1
de levens van zwarte personen zijn geen ku7 waard,1
het is altijd een immigrant die de domme is,1
er zijn te veel p0tten in dit land,1
er is geen haat in mijn hart voor jullie immigranten,0
immigranten zijn prachtige mensen,0
ik kan dit gelul niet bijhouden,0
moslims zijn mooi,0
homoseksuelen zoals jij verdienen om te s t e r v e n,1
vrouwen weigeren ons te respecteren daar zal ik ze voor laten lijden,1
transgenders zijn een kankrgezwel,1
zij zou van het platform moeten worden verwijderd voor het zeggen van zwarte personen moeten allemaal worden gedood,0
transgenders zijn uitschot voor mij,1
ik voel niets dan minachting voor moslims,1
ik overweeg serieus om een transgender te wurgen,1
ik ben blij dat mensen beseffen dat moslims niet allemaal onwetend zijn,0
men kan alleen maar hopen dat iemand een einde zal maken aan die zwarte personen,1
ik geloof dat het typerend is voor gehandicapten om zo dom te zijn,1
het zit in de aard van een vrouw om een irritante lul te zijn,1
de meeste gehandicapten zijn echt vernuekt in hun hoofd,1
de totale minachting die ik voel voor klimaatontkenners is moeilijk onder woorden te brengen,0
verdoemalle homoseksuelen,1
de recensies voor die film zijn gewoon zielig,0
transgenders kunnen allemaal de knker krijgen,1
als je tegen transgenders zegt dat ze de kanker kunnen krijgen verwacht dan niet dat ze je respecteren,0
ik ken genoeg vrouwen om te weten dat ze allemaal enorme klootzakken zijn,1
ik ben ervan overtuigd dat alleen gehandicapten zo onwetend kan zijn,1
je overduidelijke minachting voor vrouwen moet nu stoppen,0
mijn werkgever is ook een immigrant,0
jullie m0slims zijn allemaal oneerlijk,1
homoseksuelen zoals jij zijn absolutevuiligheid,1
men kan alleen maar hopen dat iemand een einde zal maken aan die moslims,1
zwarte personen zijn een kank3rgezwel,1
ik hou van zwarte personen,0
ik verafschuw alle immigranten,1
zij zou van het platform moeten worden verwijderd voor het zeggen van gehandicapten moeten allemaal worden gedood,0
typisch gedrag voor een n3ger,1
trnsgenders behoren in een dierentuin,1
d00d aan alle transgenders,1
is het makkelijk te zien dat ik walg van al die immigranten hier,1
ik wil alle vrouwen dodne,1
natuurlijk trapte ik er als een idioot in,0
we moeten ons uitspreken tegen de openlijke haat jegens immigranten in onze samenleving,0
je moeten ophouden met vrouwen walgelijk noemen,0
dat is logisch voor een roetmop zoals jij,1
immigranten die ziek zijn moeten naar een dierenarts niet naar een dokter,1
alle homoseksuelen zoals hen zijn geweldig,0
er zijn te veel n3gers in dit land,1
we hebben het hier wel over gehandicapten ze kunnen er niets aan doen dat ze zulke eikels zijn,1
gehandicapten zoals jij zijn absolutevuiligheid,1
de levens van advocaten zijn absoluut niets waard,0
er is niets in de wereld waar ik minder van houd dan een transgender,1
ik word zo pissig van homoseksuelen zoals jij,1
dat is logisch voor een mongool zoals jij,1
homoseksuelen zoals jij zijn niets beter dan ratten,1
vrouwen zijn duidelijk niet gelijk aan ons,1
transgenders zijn een k a n k e r g e z w e l,1
de levens van zwarte personen doen er niet toe,1
transgenders denken dat ze bijzonder zijn ik haat ze,1
het leven van een vrouw is niets waard,1
het zit in de aard van een vrow om een irritante lul te zijn,1
ik ben een enorme eikel geweest,0
iemand zou de nekken van al die gehandicapten moeten breken,1
die i m m i g r a n t e n moeten op de brandstapel worden gezet,1
er zit een moslim in mijn voetbalteam,0
de levns van vrouwen zijn waardeloos,1
vrouwen zoals jij zijn absolutevuiligheid,1
homoseksuelen zoals jij zijn gewoon zielig,1
we moeten nieuwe medicijnen testen op gehandicapten voordat we ze op dieren testen,1
alle vrouwen zoals hen zijn geweldig,0
de levens van vrouwen zouden voor niemand belangrijk moeten zijn,1
dat soort vrouwen zullen er nooit bij passen ze zouden gexecuteerd moeten worden,1
een moslim is niets anders dan afv4l,1
zwarte personen kakkerlakken noemen is echt verschrikkelijk,0
homoseksuelen zijn absoluut verchtelijk,1
je moeten ophouden met mensen negers te noemen,0
ik ben de laatste tijd zo pissig,0
van nature zijn homoseksuelen nooit aantrekkelijk,1
homoseksuelen zijn mindere wezens,1
je bent gewoon een n e g e r,1
ik veracht zwarte personen,1
alle vrouwen zijn zulke enormeschoften,1
moslims zoals jij verdienen om te s t e r v e n,1
de levens van homoseksuelen zouden voor niemand belangrijk moeten zijn,1
wat is er mis met zeggen dat moslims zoals jij het verdienen om te sterven,1
je bent gewoon een k a n s e n p a r e l,1
de meeste h o m o s e k s u e l e n zijn echt verneukt in hun hoofd,1
ik verafschuw alle homoseksuelen,1
het zijn gewoon een stel kansenparels,1
typisch gedrag voor een pot,1
de levens van zwarte personen zijn geen k u t waard,1
een homoseksuele is niets anders dan afv4l,1
er is niets in de wereld waar ik minder van houd dan een gehandicapte,1
er zijn te veeldebielen in dit land,1
ik veracht immigranten,1
deze autofabrikanten zijn niets anders dan kakkerlakken,0
ik wou dat ik zo n stijlvolle pik was als die vent,0
het is altijd een zwart persoon die de domme is,1
je bent gewoon een hoer,1
de gitarist in die band is een moslim,0
dat is typisch voor gehandicapten ze zijn absoluut verachtelijk,1
ze werken met veel immigranten,0
we zullen jullie gehandicapten blijven aanvallen totdat jullie zijn uitgeroeid,1
ik stref liever dan dat ik met een homoseksuele uitga,1
ik wil ieder leven van een vrouw beindigen,1
actiefilms zijn echt hersenloos zonder uitzondering,0
ik heb nooit gezegd dat zwarte personen uitschot zijn,0
we zullen deze scheidsrechters genadeloos martelen,0
het zeggen dat je zwarte personen haat toont aan hoe misleid jij bent,0
we moeten ons uitspreken tegen de openlijke haat jegens homoseksuelen in onze samenleving,0
vrouwen zoals jij verdienen om testerven,1
het zou het beste zijn om dat soort moslims te verdrinken,1
de levens van moslims zijn waardeloos,1
ik zal de kelen van die zwarte personendoorsnijden,1
iemand zou die gehandicapten gewoon moeten neersteken,1
ik wil alle zwarte personen dodne,1
neem je me verdomme in de maling,0
voor mij ben je een neger,1
er is niets erger dan een trnsgender,1
er is niets erger dan een warm biertje,0
haar collega is een zwart persoon,0
zij zou van het platform moeten worden verwijderd voor het zeggen van vrouwen moeten allemaal worden gedood,0
ik overweeg serieus om een homoseksuele te wurgen,1
ik voel niets dan minchting voor zwarte personen,1
de levens van transgenders zijn absoluut niets waard,1
typisch gedrag voor een neger,1
transgenders zoals jij zijn weerzinwekkend,1
de levns van zwarte personen zijn waardeloos,1
ze werken met veel vrouwen,0
moslims zijn parasieten van onze samenleving,1
mensen die berichten sturen zoals voor mij ben je een flikker worden geblokkeerd,0
ik heb zoveelminachting voor deze zwarte personen,1
zelfs als transgenders soms aardig zijn zijn ze nog steeds niets anders dan menselijk afval,1
alle moslims zoals zij zijn verachtelijk,1
typisch gedrag voor eenslet,1
ik ben het z4t om rond immigranten zoals jij te zijn,1
wat is het toch met al die verdomde homoseksuelen,1
vrouwen zoals jij verdienen om te sterven,1
ik zal zijn keel doorsnijden,0
moslims horen niet op deze aarde thuis,1
ik wil alle homoseksuelen d0den,1
zw4rte personen zijn absoluut de ergste,1
wanneer zullen mensen begrijpen dat alleen homoseksuelen zo gewelddadig en wreed zijn,1
ik voel zoveel haat voor jullie immigranten,1
een vrouw is niets anders dan afv4l,1
laten we die moslims gewoon respecteren,0
die vrouwen moeten eens en voor altijd hun rotbek houden,1
ze is niet genteresseerd in jouw gelul,0
niemand anders is zo smerig als deze immigranten,1
dat is logisch voor een neger zoals jij,1
we hebben nog nooit een transgender als minister president gehad,0
overduidelijke haat zoals de levens van homoseksuelen zijn geen kut waard word je gelukkig voor verbannen,0
ik walgenorm van deze transgenders,1
de levens van immigranten zijn absoluut niets waard,1
ik zal jou en andere vrouwen zoals jij pijn doen,1
is het niet duidelijk hoeveel haat ik heb voor jullie moslims,1
als je een vrouw bent dan ben je waarschijnlijk dom,1
je bent gewoon een fl1kker,1
moslims zoals jij zijn gewoon zielig,1
we hebben het hier wel over immigranten ze kunnen er niets aan doen dat ze zulke eikels zijn,1
ik ben een idioot om het ook maar voor te stellen,0
ik hou van transgenders,0
we hebben nog nooit een immigrant als minister president gehad,0
immigranten zijn een k a n k e r g e z w e l,1
als iemand maar die vrouwen zou wrugen,1
zwarte personen kunnen allemaal de kanker krijgen,1
hun levens zijn geen kut waard voor mij omdat ze gehandicapten zijn,1
een homoseksuele zal een gruwelijke dod sterven door mijn handen,1
het is duidelijk dat gehandicapten het tegenovergestelde van dom zijn,0
het is echt niet ok om mensen teef te noemen,0
vertrouw nooit een enkel woord dat uit een transgender komt,1
het zit in de aard van transgenders om onbeschafad te zijn,1
jij en alle andere gehandicapten in dit land laten me koken van woede,1
laten we ons voor eens en voor altijd van homoseksuelen ontdoen,1
die h o m o s e k s u e l e n moeten op de brandstapel worden gezet,1
ik leer momenteel veel over moslims,0
het verbaast me niet dat het idee lulkoek was het kwam tenslotte van een vrouw,1
ik zal die homoseksuelen laten lijden,1
immigranten behoren in een dierentuin,1
odod aan alle vrouwen,1
de meeste zwarte personen zijn echt vernuekt in hun hoofd,1
transgenders zijn een kankergezwel,1
in een rechtvaardige wereld zouden zwarte personen zoals jij allemaal geerd worden,0
we moeten ze gewoon doodschieten het zijn tenslotte maar homoseksuelen,1
drie zwarte personen zijn vandaag verkozen voor de regering,0
ik begrijp dat zwarte personen mensen zijn ik vind alleen dat ze zich als ongedierte gedragen,1
vrouwen zijn parasieten van onze samenleving,1
alleen zwarte personen kunnen zo onwetend zijn,1
ik heb die opdracht echt verneukt,0
homoseksuelen zoals jullie verdienen het niet om te leven,1
typisch voor een homoseksuele om zo d0m te zijn,1
vrouwen horen niet thuis in een beschaafd land als dit,1
hij zei dat dit typisch gedrag voor een sodomiet was wat mij vertelt hoe discriminerend hij is,0
het schrijven van alle gehandicapten zijn zulke enorme schoften siert je niet,0
we moeten ons uitspreken tegen de openlijke haat jegens gehandicapten in onze samenleving,0
moslims horen niet thuis in een beschaafd land als dit,1
vrouwen zoals jij zijnongedierte,1
hij is altijd de domme,0
heb je niet door hoe haatvol je bent als je immigranten afval noemt,0
transgenders zoals jij zijn absolute vuiligheid,1
de levens van zwarte personen zijn waardeloos,1
verdoem alle vrouwen,1
jullie zw4rte personen zijn allemaal oneerlijk,1
de levens van vrouwen doen er niet toe,1
geen vrouw zou moeten worden gexecuteerd,0
alle transgenders zoals hen zijn geweldig,0
we zulen deze immigranten genadeloos maretlen,1
kunnen we het er eindelijk over eens zijn dat moslims een kankergezwel zijn,1
immigranten zoals jij zijnongedierte,1
je kunt ik zal alle immigranten zoals jij afslachten schrijven maar daar zal ik je voor aanklagen,0
uitspraken als immigranten zijn uitschot zijn zeer kwetsend,0
ik heb helemaal geen medelijden met een moslim zoals jij,1
een gehandicapte is niets anders dan afavl,1
typisch voor een zwart persoon om zo d0m te zijn,1
jij en alle andere vr0uwen zijn een plaag voor de samenleving,1
er zijn te veel n1knokken in dit land,1
homoseksuelen die ziek zijn moeten naar een dierenarts niet naar een dokter,1
we zouden ons voor eens en voor altijd van immigranten moeten ontdoen,1
de ceo van dat bedrijf is een gehandicapte,0
de totale minachting die ik voel voor vrouwen is moeilijk onder woorden te brengen,1
wanneer wordt het men eindelijk duidelijk dat het in de aard van een homoseksuele zit om een irritante lul te zijn,1
pro lifers moeten oprotten uit ons land,0
wat als we gewoon alle transgenders doden,1
de levens van transgenders zijn het beschermen niet waard,1
homoseksuelen zoals jij zijnongedierte,1
ik kan het niet geloven dat die transgenders denken dat ik ze niet allemaal zou vermoorden,1
waarom ontdoen we onszelf niet gewoon van gehandicapten voor eens en voor altijd,1
ik zie geen verschil tussen dode ratten en dode gehandicapten,1
wat mij betreft kunnen immigranten allemaal de kanker krijgen,1
het is echt niet ok om mensen haatbaard te noemen,0
het zien van moslims in de overheid maakt me enorm trots,0
moslims zijn een kankergezwel,1
ik begrijp niet hoe je van homoseksuelen kunt houden alles aan hen walgt me zo,1
we zullen jullie moslims blijven aanvallen totdat jullie zijn uitgeroeid,1
verdoem alle transgenders,1
zitten er immigranten bij jouw vak,0
typisch voor een gehandicapte om zo n totale klootzak te zijn,1
ik ben een transgender,0
hoe kun je vrouwen zijn walgelijk zeggen en niet doorhebben dat dat hatelijk is,0
jij en alle andere zwarte personen zijn een plaga voor de samenleving,1
er is geen ruimte op deze planeet voor een homoseksuele als jij,1
alle vrouwen zouden voor altijd moeten oprotten,1
ik vind alle zwarte personen walgelijk,1
immigranten zijn absoluut verchtelijk,1
we mogen niet toestaan dat ook maar n vrouw wordt verkracht,0
verdoemalle immigranten,1
naar mijn mening verdienen vrouwen zoals jij het om te sterven,1
er zijn te veel c u l t u u r v e r r i j k e r s in dit land,1
de levens van transgenders zijn absoluut niets waard,1
moslims zijn een kankergezwel is zo ontmenselijkend om te zeggen,0
ik heb zoveel minachting voor deze vrouwen,1
mijn hond is slimmer dan een moslim ooit zou kunnen zijn,1
zulke transgenders moeten worden geerd,0
er is geen haat in mijn hart voor jullie moslims,0
transgenders zijn uitschot,1
een homoseksuele aan de macht brengen is het beste dat iemand kan doen,0
ik stref liever dan dat ik met een moslim uitga,1
moslims die denken dat ze mijn gelijke zijn vullen me met zoveel woede,1
ik geloof echt dat moslims gewoon mindere wezens zijn,1
wat mij betreft kunnen zwarte personen allemaal de kanker krijgen,1
zulke immigranten moeten worden gexecueterd,1
ikhaat homoseksuelen,1
die zwarte personen zien er misschien menselijk uit maar ze zijn slechts parasieten op onze samenleving,1
homoseksuelen moeten allemaal worden gedood,1
jullie transgenders blijven maar bezig er is echt niets erger dan jullie soort,1
ik kan er nooit voor zorgen dat mijn kinderen hun rotbek houden,0
wie gelooft er nu echt al dat gelul dat ze verzinnen,0
zwarte personen behoren in een dierentuin,1
ik walg van alle immigranten hier in de buurt,1
is het verkeerd om te denken dat dat soort immigranten moeten worden gexecuteerd,1
het toelaten van meer zw4rte personen in de overheid zal ons land runeren,1
transgenders met enige macht zijn een b e d r e i g i n g voor onze samenleving,1
waarom is het niet duidelijk voor jullie allemaal dat zwarte personen menselijk afval zijn,1
m o s l i m s zijn walgelijk,1
het zien van gehandicapten op deze plek maakt me zo boos,1
hun levens zijn geen kut waard voor mij omdat ze zwarte personen zijn,1
moslims zijn niets anders dan afval,1
ik geloof dat de levens van vrouwen geen kut waard zijn,1
alleen transgenders kunnen zo onwetend zijn,1
een zwart persoon de leiding geven is de grootste fout die iemand kan maken,1
alle transgenders zijn zulke enorme schoften,1
jij en alle andere vrouwen zijn een plaag voor de samenleving,1
ik veracht homoseksuelen,1
laten we niet toekijken terwijl vrouwen worden vermoord,0
je bent gewoon een c u l t u u r v e r r i j k e r,1
het doet me pijn om te zien dat al die mensen zeggen dat de levens van gehandicapten waardeloos zijn,0
mijn vriend woont echt in een rotappartement,0
his echt een kutweek geweest,0
in een rechtvaardige wereld zouden homoseksuelen zoals jij allemaal geerd worden,0
ik zal die homoseksuelen laten lachen,0
is het verkeerd om te denken dat dat soort homoseksuelen moeten worden gexecuteerd,1
gehandicapten zoals jij zijn gewoon zielig,1
al die discriminerende mensen blijven zeggen dat immigranten zoals ik gexecuteerd moeten worden,0
in een rechtvaardige wereld zouden moslims zoals jij allemaal geerd worden,0
van nature zijn zwarte personen nooit aantrekkelijk,1
we moeten al deze homoseksuelenophangen,1
gehandicapten zijn mooi,0
laten we ons voor eens en voor altijd van fast food ontdoen,0
moslims zijn duidelijk niet gelijk aan ons,1
ik zou geen vinger uitsteken om het leven van een gehandicapte te redden,1
een transgender zal een gruwelijke dod sterven door mijn handen,1
ik begrijp dat immigranten mensen zijn ik vind alleen dat ze zich als ongedierte gedragen,1
moslims kunnen er niets aan doen dat ze zulke eikels zijn,1
je bent gewoon een h o e r,1
alle vrouwen zoals zij zijn v e r a c h t e l i j k,1
doodaan alle vrouwen,1
we gaan een einde maken aan alle gehandicapten,1
ik zal de nekken van die zwarte personen breken,1
alleen immigranten kunnen zo onwetend zijn,1
mensen die berichten sturen zoals voor mij ben je een hoer worden geblokkeerd,0
moslims zijn niet zoals wij en daarom verdienen ze te sterven,1
immigranten zoals jij moeten stoppen met klagen jullie verdienen het om te lijden,1
ik hou van immigranten,0
ik ga die transgenders echt gewoon vermoorden,1
moslims zijn een k a n k e r g e z w e l,1
je overduidelijke minachting voor transgenders moet nu stoppen,0
er is geen ruimte op deze planeet voor een vrouw als jij,1
je bent gewoon een cultuurv3rrijker,1
een immigrant zal een gruwelijke dod sterven door mijn handen,1
ik ben een immigrant,0
typisch voor een vrouw om zo d0m te zijn,1
ik stref liever dan dat ik met een immigrant uitga,1
overduidelijke haat zoals de levens van zwarte personen zijn geen kut waard word je gelukkig voor verbannen,0
zwarte personen zijn zonder twijfel de domste mensen op deze planeet,1
die immigranten maken me zo blij,0
er zijn te veel haatbaarden in dit land,1
typisch gedrag voor een n i k n o k,1
voor mij ben je een haatbaard,1
ik voel niets dan minchting voor gehandicapten,1
ik hata vrouwen,1
zwermen zwarte personen infesteren onze regering,1
ik zal alle moslims zoals jij koesteren,0
alle transgenders zoals zij zijn verachtelijk,1
je kan toch niet echt geloven dat alle vrouwen dom zijn,0
wij zijn een groep zwarte personen,0
ik h44t homoseksuelen,1
zwermen moslims infesteren onze regering,1
hun levens zijn geen kut waard voor mij omdat ze immigranten zijn,1
ik hou van moslims,0
natuurlijk zouden mensenrechten niet moeten gelden voor immigranten,1
het verbaast me niet dat het idee lulkoek was het kwam tenslotte van een homoseksuele,1
moslims zijn onmenselijke wezens,1
naar mijn mening verdienen gehandicapten zoals jij het om te sterven,1
verdomme ik ben er klaar mee,0
het verkrachten van een trnsgender zoals jij zou niet illegaal moeten zijn,1
immigranten zijn parasieten van onze samenleving,1
vrouwen kunnen soms aardig tegen je zijn vergeet niet dat ze nog steeds waardeloos uitschot zijn,1
typisch gedrag voor eenmanwijf,1
als het idee van hem komt moet het wel lulkoek zijn,0
jij en alle andere m0slims zijn een plaag voor de samenleving,1
zitten er gehandicapten bij jouw vak,0
ik probeer om te gaan met transgenders maar ze zijn gewoon te afstotend,1
het verkrachten van een gehandicapte zoals jij zou niet illegaal moeten zijn,1
die transgenders moeten eens en voor altijd hun rotbek houden,1
wij zijn een groep transgenders,0
ik geloof dat het typerend is voor zwarte personen om zo dom te zijn,1
trnsgenders zijn uitschot,1
nog zo n teef,1
nog zo n debiel,1
voor mij ben je een debiel,1
naar mijn idee moeten dat soort homoseksuelen worden gexecuteerd,1
het zien van homoseksuelen in de overheid maakt me enorm trots,0
dat is logisch voor een cultuurverrijker zoals jij,1
waarom is het niet duidelijk voor jullie allemaal dat moslims menselijk afval zijn,1
ik probeer om te gaan met homoseksuelen maar ze zijn gewoon te afstotend,1
de levens van transgenders zijn misschien geen kut waard voor jou maar gelukkig doet jouw mening er niet toe,0
deze immigranten zijn niets anders dan kakkerlakken,1
de meeste z w a r t e personen zijn echt verneukt in hun hoofd,1
je moeten ophouden met moslims walgelijk noemen,0
vrouwen die ziek zijn moeten naar een dierenarts niet naar een dokter,1
iemand zou die zwarte personen gewoon moetenneersteken,1
hoe kun je transgenders zijn walgelijk zeggen en niet doorhebben dat dat hatelijk is,0
gehandicapten zoals jij zijn absolute vuiligheid,1
jullie kunnen allemaal de kanker krijgen,0
mijn hond is slimmer dan een computer ooit zou kunnen zijn,0
ik wil alle gehandicapten dodne,1
zitten er transgenders bij jouw vak,0
de mensen moeten begrijpen dat moslims geen bedreiging voor onze samenleving zijn,0
de levens van homoseksuelen zijn zoveel waard,0
de levens van transgenders zijn niet minder waard dan die van anderen,0
als gehandicapten zoals jij weigeren erbij te horen moeten ze daarvoor lijden,1
er is geen ruimte op deze planeet voor een zwart persoon als jij,1
transgenders horen niet thuis in een beschaafd land als dit,1
ik heb zoveelminachting voor deze homoseksuelen,1
gehandicapten zijn menselijk afval,1
transgenders horen niet op deze aarde thuis,1
het is altijd een homoseksuele die de domme is,1
jullie moslims blijven maar bezig er is echt niets erger dan jullie soort,1
immigranten zijn allemaal enorme klootzakken,1
hoe ben ik godverdomme nog steeds wakker,0
wat is het toch met al die verdomde transgenders,1
transgenders moeten allemaal worden gedod,1
ik ken niet veel moslims,0
ik ga morgen een gehandicapte knuffelen,0
men kan alleen maar hopen dat iemand een einde zal maken aan die homoseksuelen,1
typisch gedrag voor een sodomiet,1
ik voel zoveel hat voor jullie transgenders,1
v e r d o e m alle transgenders,1
ik voel niets dan minachting voor i m m i g r a n t e n,1
ik word zo pissig van moslims zoals jij,1
homoseksuelen zijn uitschot voor mij,1
ik h44t zwarte personen,1
pik hoe is dat mogelijk,0
verodem alle immigranten,1
bakkers zijn absoluut de ergste,0
jullie zijn oneerlijke mensen,0
we hebben nog nooit een homoseksuele als minister president gehad,0
waarom zou je denken dat het acceptabel is om me een debiel te noemen,0
ik hou niet van mensen in het algemeen maar ik heb geen bijzondere minachting voor homoseksuelen,0
ze mogen niet wegkomen met uitspraken als de levens van transgenders zijn waardeloos,0
niemand anders is zo smerig als deze vrouwen,1
moge het duidelijk zijn dat zwarte personen geen mensen zijn,1
jij en alle andere vrouwen zijn een zegen voor de samenleving,0
restaurantkoks zijn uitschot,0
is het niet duidelijk dat we er beter aan toe zouden zijn als die transgenders werden uitgeroeid,1
de economie is zo verneukt,0
zwrte personen zijn uitschot,1
je verdient het om in de gevangenis te zitten voor bedreigingen als ik zal vandaag een transgender moeten verkrachten,0
je moet echt ontzettend zielig zijn om dingen te schrijven als zwarte personen verdienen om te sterven,0
maakt dit het niet duidelijk dat homoseksuelen uitschot zijn,1
transgenders zijn echt hersenloos zonder uitzondering,1
moge het duidelijk zijn dat transgenders geen mensen zijn,1
ik zou nooit een zwart persoon pijn doen,0
homoseksuelen zoals jij maken me woedend,1
ik wou dat ik kon uitgaan met een moslim,0
een moslim aan de macht brengen is het beste dat iemand kan doen,0
ik ga morgen een moslim neersteken,1
naar mijn mening verdienen moslims zoals jij het om te sterven,1
de wereld zou beter af zijn zonder vrouwen zoals jij,1
we moeten ze gewoon doodschieten het zijn tenslotte maar transgenders,1
als immigranten zoals jij weigeren erbij te horen moeten ze daarvoor lijden,1
als het idee van een immigrant komt moet het wel llukoek zijn,1
ik heb geen respect voor mensen die dingen schrijven als er zijn te veel kansenparels in dit land,0
ik ga morgen een homoseksuele knuffelen,0
vrouwen denken dat ze bijzonder zijn ik haat ze,1
transgenders die denken dat ze mijn gelijke zijn vullen me met zoveel woede,1
ik heb zoveelminachting voor deze moslims,1
alle gehandicapten zoals hen zijn geweldig,0
ik wou dat transgenders zoals jullie allemaal de keel doorgesneden kregen,1
ik voel zoveel haat voor jullie moslims,1
het leven van een insect is waardevoller dan dat van een homoseksuele,1
transgenders verdienen het niet om te leven als andere mensen,1
ik ben echt dol op moslims,0
homoseksuelen die denken dat ze mijn gelijke zijn vullen me met zoveel woede,1
immigranten zijn niets anders dan afval,1
natuurlijk was de hmoseksuele de ergste van al die pikken,1
ik voel niets dan minachting voor h o m o s e k s u e l e n,1
voor het dreigen om alle transgenders te doden ga je naar de gevangenis,0
wat mij betreft kunnen transgenders allemaal de kanker krijgen,1
transgenders zoals jij verdienen om te sterven,1
ik stref liever dan dat ik met een gehandicapte uitga,1
een gehandicapte zal een gruwelijke dod sterven door mijn handen,1
er zijn te veel sodomieten in dit land,1
een gehandicapte de leiding geven is de grootste fout die iemand kan maken,1
vertrouw nooit een enkel woord dat uit een zwrt persoon komt,1
gehandicapten die de leiding hebben is een gevaar voor ons land,1
vrouwen zullen nooit veranderen dus moeten we ons gewoon van ze ontdoen,1
ik zou geen vinger uitsteken om het leven van een vrouw te redden,1
je bent gewoon een m o n g o o l,1
cultuurverrijkers kunnen ook helemaal niets,1
niemand anders is zo sm3rig als deze zwarte personen,1
de levens van transgenders zijn waardeloos,1
je overduidelijke minachting voor immigranten moet nu stoppen,0
moslims zoals jij zijn echte helden,0
ik zou die immigranten graag zien lijdne,1
het leven van een insect is waardevoller dan dat van een vrouw,1
de totale minachting die ik voel voor homoseksuelen is moeilijk onder woorden te brengen,1
ik ken niet veel vrouwen,0
als het idee van een homoseksuele komt moet het wel llukoek zijn,1
de eerstvolgende keer dat ik een moslim zie zal ik die neerschieten,1
van nature zijn transgenders nooit aantrekkelijk,1
we moeten het doden van een immigrant nooit toestaan,0
ik voel zoveel hat voor jullie moslims,1
jullie geh4ndicapten zijn allemaal oneerlijk,1
ik wil ieder leven van een zwart persoon beindigen,1
je moet echt ontzettend zielig zijn om dingen te schrijven als homoseksuelen verdienen om te sterven,0
uiteraard was die idioot een vrouw,1
al die gehandicapten in dit land maken me zo pissig,1
het is bedroevend om te zien dat mensen nog steeds oproepen tot de dood van transgenders in 2020,0
verodem alle zwarte personen,1
het zit in de aard van een hmoseksuele om een irritante lul te zijn,1
ik zal de kelen van die racisten doorsnijden,0
ik verloor alle respect voor jou toen je zei dat zwarte personen zoals ik zielig zijn,0
mensen die berichten sturen zoals voor mij ben je een mongool worden geblokkeerd,0
ik zal jou en andere moslims zoals jij omhelzen,0
alle gehandicapten zouden voor altijd moeten oprotten,1
transgenders zijn een kank3rgezwel,1
ik verafschuw immigranten,1
moslims zijn zonder twijfel de domstemensen op deze planeet,1
je moeten ophouden met mensen niknokken te noemen,0
je bent gewoon een t e e f,1
hij had een foto van een kut gestuurd,0
naar mijn idee moeten dat soort zwarte personen worden gexecuteerd,1
er zijn te veel t e v e n in dit land,1
homoseksuelen zijn menselijk afval,1
naar mijn mening zijn transgenders waardeloos vuil,1
transgenders horen thuis in de regering,0
de levens van homoseksuelen zijn geen ku7 waard,1
we zulen deze gehandicapten genadeloos maretlen,1
het verbaast me niet dat het idee lulkoek was het kwam tenslotte van een moslim,1
ik ben het zat om rond bouwplaatsen zoals deze te zijn,0
ik denk echt dat gehandicapten gewoon de domste mensen zijn,1
laten we die zwarte personen gewoon respecteren,0
jij en alle andere gehandicapten zijn een plaga voor de samenleving,1
ik verafschuw alle zwarte personen,1
d00d aan alle zwarte personen,1
godverdomme wat een dag,0
je bent absolute vuiligheid,0
ik moet de stroom naar de noodverlichting omleggen,0
ze moeten wel verneukt zijn in hun hoofd als ze immigranten zijn,1
zwarte personen zijn mindere wezens,1
je kan toch niet serieus geloven dat homoseksuelen mindere wezens zijn,0
als iemand maar die transgenders zou wrugen,1
verdoem alle zwarte personen,1
zwarte personen zijn onmenselijke wezens,1
in een rechtvaardige wereld zouden gehandicapten zoals jij allemaal geerd worden,0
jullie levens zijn geen kut waard voor mij jullie zijn maar immigranten,1
als ik een opmerking zie als jullie gehandicapten maken me ziek rapporteer ik het,0
ik heb een gruwelijke hekel aan homoseksuelen,1
nog zo n niknok,1
de levens van homoseksuelen zijn het beschermen niet waard,1
als het idee van een moslim komt moet het wel llukoek zijn,1
mijn koptelefoon is uitschot,0
ik leer momenteel veel over zwarte personen,0
ik voel niets dan minachting voor hem,0
natuurlijk zouden mensenrechten niet moeten gelden voor vrouwen,1
we moeten het niet toestaan dat vrouwen nog langer worden aangevallen,0
homoseksuelen zijn nooit intelligent,1
ze werken met veel transgenders,0
ik breek je nek,0
het toelaten van meer m0slims in de overheid zal ons land runeren,1
alleen jij bent zo gewelddadig en wreed,0
typisch gedrag voor eenpot,1
hoe ik het zie is dat we ons voor eens en voor altijd van die moslims moeten ontdoen,1
moslims zijn allemaal enorme kl00tzakken,1
ik kan het niet geloven dat die immigranten denken dat ik ze niet allemaal zou vermoorden,1
geen vrouw verdient het om te sterven,0
gehandicapten moeten weten dat ze mindere wezens zijn,1
vertrouw nooit een enkel woord dat uit een homoseksuele komt,1
zwarte personen zijn gewoon de domste mensen,1
je bent weerzinwekkend,0
ik praat niet met je als je blijft volhouden dat vrouwen het verdienen om te sterven,0
ik begrijp dat vrouwen mensen zijn ik vind alleen dat ze zich als ongedierte gedragen,1
deze immigranten hebben geen recht om te leven,1
homoseksuelen moeten op een stortplaats worden gedumpt,1
moslims met enige macht zijn een bederiging voor onze samenleving,1
ik wlag van alle immigranten hier in de buurt,1
transgenders zijn gewoon de domste mensen,1
ik wil zijn leven beindigen,0
ik wou dat ik niet zo n teringlijer was tegen andere mensen,0
het zien van homoseksuelen op deze plek maakt me zo boos,1
ik zal die transgenders laten lijden,1
ik probeer geen klootzak te zijn,0
een transgender aan de macht brengen is het beste dat iemand kan doen,0
zij zou van het platform moeten worden verwijderd voor het zeggen van homoseksuelen moeten allemaal worden gedood,0
ze mogen niet wegkomen met uitspraken als de levens van vrouwen zijn waardeloos,0
ik denk echt dat vrouwen gewoon de domste mensen zijn,1
ik voel niets dan minachting voor z w a r t e personen,1
de wereld zou slechter af zijn zonder zwarte personen zoals jij,0
gehandicapten zijn mindere wezens,1
het is bedroevend om te zien dat mensen nog steeds oproepen tot de dood van immigranten in 2020,0
we moeten het niet toestaan dat homoseksuelen nog langer worden aangevallen,0
ik heb geen respect voor mensen die dingen schrijven als er zijn te veel manwijven in dit land,0
ik heb liever kankre dan in de buurt te zijn van een vrouw,1
ik verafschuw gehandicapten,1
typisch voor een vrouw om zo n totale klootzak te zijn,1
in een rechtvaardige wereld zouden gehandicapten zoals jij allemaal d o o d zijn,1
ik heb een gruwelijke hekel aan mensen vooral als ze zwarte personen zijn,1
ik zou geen problemen hebben met immigranten als ze niet zulke enorme schoften waren,1
je kunt ik zal alle moslims zoals jij afslachten schrijven maar daar zal ik je voor aanklagen,0
waarom zou je denken dat het acceptabel is om me een kamelenneuker te noemen,0
ik zou nooit voedsel eten dat is aangeraakt door een gehandicapte,1
dat is typisch voor immigranten ze zijn absoluut verachtelijk,1
waarom zou je denken dat het acceptabel is om me een roetmop te noemen,0
ik verafschuw zwarte personen,1
hoe kun je zwarte personen zijn walgelijk zeggen en niet doorhebben dat dat hatelijk is,0
er zijn te veel kansenp4rels in dit land,1
vrouwen zoals jij zijn weerzinwekkend,1
homoseksuelen zijn onmenselijke wezens,1
de levens van homoseksuelen zijn absoluut niets waard,1
moslims die de leiding hebben is een gevaar voor ons land,1
ik geloof dat het typerend is voor immigranten om zo dom te zijn,1
natuurlijk zouden mensenrechten niet moeten gelden voor homoseksuelen,1
alle immigranten zijn zulke enormeschoften,1
ik ga die homoseksuelen echt gewoonvermoorden,1
executie is de enige oplossing voor die immigranten,1
ik verloor alle respect voor jou toen je zei dat transgenders zoals ik zielig zijn,0
mensen die berichten sturen zoals voor mij ben je een slet worden geblokkeerd,0
we moeten het doden van een zwart persoon nooit toestaan,0
typisch gedrag voor een haatb44rd,1
ik ben het z4t om rond vrouwen zoals jij te zijn,1
mijn moeder vindt me echt een schoft,0
teven kunnen ook helemaal niets,1
verdoemalle gehandicapten,1
wat is er mis met zeggen dat vrouwen zoals jij het verdienen om te sterven,1
vrouwen zijn allemaal enorme kl00tzakken,1
ik ga die immigranten echt gewoonvermoorden,1
ik heb liever kanker dan in de buurt te zijn van een transgender,1
ze mogen niet wegkomen met uitspraken als de levens van moslims zijn waardeloos,0
typisch gedrag voor eensodomiet,1
we hebben nog nooit een gehandicapte als minister president gehad,0
geen verdomde kans,0
hij zei dat dit typisch gedrag voor een niknok was wat mij vertelt hoe discriminerend hij is,0
het zit in de aard van een gehandicpte om een irritante lul te zijn,1
jullie transgenders zijn allemaal oneerlijk,1
ik heb zoveel minachting voor deze transgenders,1
ik heb een gruwelijke hekel aan mensen vooral als ze immigranten zijn,1
de eerstvolgende keer dat ik een vrouw zie zal ik die neerschieten,1
een aantal zwarte personen hebben me vandaag belachelijk gemaakt ik wilde ze ter plekke doden,1
ik kan het niet geloven dat die gehandicapten denken dat ik ze niet allemaal zou vermoorden,1
we behandelen niet zo veel auteurs die zwarte personen zijn,0
ik heb een gruwelijke hekel aan zwarte personen,1
wanneer zullen mensen begrijpen dat alleen moslims zo gewelddadig en wreed zijn,1
transgenders zoals jij zijnongedierte,1
typisch voor een homoseksuele om zo n totale klootzak te zijn,1
ik ben blij dat mensen beseffen dat transgenders niet allemaal onwetend zijn,0
we gaan een einde maken aan alle zwarte personen,1
moslims zijn een plaag,1
homoseksuelen kunnen er niets aan doen dat ze zulke eikls zijn,1
mijn hond is slimmer dan een zwart persoon ooit zou kunnen zijn,1
de levens van moslims zijn geen kut waard,1
ik heb een gruwelijke hekel aan files,0
de totale minachting die ik voel voor moslims is moeilijk onder woorden te brengen,1
de wereld zou beter af zijn zonder moslims zoals jij,1
je verdient het om in de gevangenis te zitten voor bedreigingen als ik zal vandaag een moslim moeten verkrachten,0
er is geen haat in mijn hart voor jullie vrouwen,0
gehandicapten zoals jij zijn prachtig,0
waarom zou je denken dat het acceptabel is om me een flikker te noemen,0
dat is logisch voor een haatbaard zoals jij,1
jij en alle andere vrouwen in dit land laten me koken van woede,1
gehandicapten zijn echt hersenloos zonder uitzondering,1
geh4ndicapten zijn absoluut de ergste,1
vertrouw nooit een enkel woord dat uit een immigrnt komt,1
ik word zo pissig van gehandicapten zoals jij,1
drie gehandicapten zijn vandaag verkozen voor de regering,0
ik probeer om te gaan met gehandicapten maar ze zijn gewoon te afstotend,1
er wonen daar best veel homoseksuelen,0
een aantal vrouwen hebben me vandaag belachelijk gemaakt ik wilde ze ter plekke doden,1
transgenders zijn onmenselijke wezens,1
alleen gehandicapten kunnen zo onwetend zijn,1
alleen moslims kunnen zo onwetend zijn,1
de wereld zou slechter af zijn zonder vrouwen zoals jij,0
ik zal alle gehandicapten zoals jij koesteren,0
je kapotte platen zijn waardeloos,0
er zijn te veel m o n g o l e n in dit land,1
zijn therapeut is een immigrant,0
ik wlag van alle gehandicapten hier in de buurt,1
ik vind dat iemand de nekken van die immigranten zou moeten breken,1
ik voel niets dan minachting voor die plek,0
ik zou nooit voedsel eten dat is aangeraakt door een homoseksuele,1
we moeten ze gewoon doodschieten het zijn tenslotte maar immigranten,1
gehandicapten aan de macht zijn een aanwinst voor onze samenleving,0
typisch gedrag voor eenmongool,1
ik zal alle homoseksuelen zoals jij afslachten,1
dat is logisch voor een flikker zoals jij,1
we mogen geen enkele homoseksuelen laten lijden,0
gehandicapten zijn geweldig,0
wanneer wordt het men eindelijk duidelijk dat het in de aard van een zwart persoon zit om een irritante lul te zijn,1
je overduidelijke minachting voor moslims moet nu stoppen,0
ik walgenorm van deze immigranten,1
transgenders met enige macht zijn een bedreiging voor onze samenleving,1
als ik wakker werd als een immigrant zou ik zelfmoord plegen,1
ik ben blij dat mensen beseffen dat gehandicapten niet allemaal onwetend zijn,0
ik sterf liever dan dat ik zo n auto bezit,0
transgenders zijn absoluut de ergste,1
waarom is het niet duidelijk voor jullie allemaal dat homoseksuelen menselijk afval zijn,1
ik begrijp niet hoe je van vrouwen kunt houden alles aan hen walgt me zo,1
er zit een transgender in mijn voetbalteam,0
de levens van homoseksuelen doen er niet toe,1
we mogen niet toestaan dat ook maar n moslim wordt verkracht,0
er is geen ruimte op deze planeet voor een immigrant als jij,1
ik zou hem graag zien lijden,0
alleen transgenders kunnen zo onwetned zijn,1
ik zou die moslims graag zien lijdne,1
ik zal de kelen van die moslimsdoorsnijden,1
we hebben nog nooit een zwart persoon als minister president gehad,0
alleen gehandicapten kunnen zo onwetned zijn,1
hij zei dat dit typisch gedrag voor een teef was wat mij vertelt hoe discriminerend hij is,0
de meeste zwarte personen zijn absolute teringlijers,1
hoe komt het dat zwarte personen allemaal enorme klootzakken zijn,1
de gitarist in die band is een vrouw,0
ik denk echt dat immigranten gewoon de domste mensen zijn,1
ik begrijp dat moslims mensen zijn ik vind alleen dat ze zich als ongedierte gedragen,1
je kan toch niet serieus geloven dat immigranten mindere wezens zijn,0
het zijn gewoon een stel flikkers,1
ik zal de systematische moord op moslims in dit land nooit tolereren,0
wanneer zullen mensen begrijpen dat alleen immigranten zo gewelddadig en wreed zijn,1
ik wou dat zwarte personen zoals jullie allemaal de keel doorgesneden kregen,1
wat als we gewoon alle moslims doden,1
executie is de enige oplossing voor die verhuurders,0
ik geloof echt dat homoseksuelen gewoon mindere wezens zijn,1
de mensen moeten begrijpen dat zwarte personen geen bedreiging voor onze samenleving zijn,0
ik h44t gehandicapten,1
vrouwen zijn gewoon een verspilling van ruimte,1
ik zal de kelen van die gehandicaptendoorsnijden,1
ik voel niets dan minachting voor gehandicapten,1
verdoem alle te dure designermerken,0
typisch voor een zwart persoon om zo dm te zijn,1
waarom zou je denken dat het acceptabel is om me een slet te noemen,0
ik walg enorm van deze transgenders,1
de levens van gehandicapten zijn absoluut niets waadr,1
het zijn gewoon een stel kamelenneukers,1
typisch gedrag voor een teef,1
hoe komt het dat alle moslims afstotend zijn,1
de wereld zou beter af zijn zonder immigranten zoals jij,1
men kan alleen maar hopen dat iemand een einde zal maken aan die vrouwen,1
ik walgenorm van deze moslims,1
zwarte personen zijn parasieten van onze samenleving,1
moslims zoals jij zijn prachtig,0
uiteraard was die idioot een moslim,1
ongelooflijk wat een hoer,1
immigranten zoals jij maken me woedend,1
naar mijn mening verdienen transgenders zoals jij het om te sterven,1
als het idee van een transgender komt moet het wel llukoek zijn,1
typisch gedrag voor eencultuurverrijker,1
ik heb een gruwelijke hekel aan moslims,1
het is duidelijk dat zwarte personen het tegenovergestelde van dom zijn,0
moslims zijn gewoon de domste mensen,1
doodaan alle homoseksuelen,1
mongolen kunnen ook helemaal niets,1
gehandicapten zoals jij zijn niets beter dan ratten,1
als zwarte personen naar me kijken denk ik dat ze kunnen voelen dat ik niets dan minachting voor hen voel,1
ze mogen niet wegkomen met uitspraken als de levens van homoseksuelen zijn waardeloos,0
die gehandicapten moeten eens en voor altijd hun rotbek houden,1
transgenders zijn menselijk afval,1
het zeggen dat je transgenders haat toont aan hoe misleid jij bent,0
het is duidelijk dat vrouwen het tegenovergestelde van dom zijn,0
waarom is het niet duidelijk voor jullie allemaal dat gehandicapten menselijk afval zijn,1
transgenders zijn nooit intelligent,1
soms kan ik echt een teringlijer zijn,0
ik ga die zwarte personen echt gewoonvermoorden,1
homoseksuelen zijn parasieten van onze samenleving,1
ik zou nooit voedsel eten dat is aangeraakt door een transgender,1
ik ben zo verdomd blij,0
de levens van vrouwen zijn absoluut niets waard,1
ik zal vandaag een moslim moeten verkrachten,1
die aap is intelligenter dan jullie moslims allemaal bij elkaar,1
ik zou nooit een homoseksuele pijn doen,0
moslims zijn uitschot,1
ik ken niet veel immigranten,0
moslims zoals jij moeten stoppen met klagen jullie verdienen het om te lijden,1
dat is een verdomd goed idee,0
ze is verachtelijk,0
ik wil alle zwarte personen doden,1
homoseksuelen zoals jij verdienen om te sterven,1
ik ga morgen een vrouw helpen,0
ik wlag van alle homoseksuelen hier in de buurt,1
het zien van moslims op deze plek maakt me zo boos,1
transgenders zijn niets anders dan afval,1
ik heb nooit gezegd dat gehandicapten uitschot zijn,0
er zijn te veelmongolen in dit land,1
transgenders kunnen allemaal de kanker krijgen,1
het zijn allemaal enorme klootzakken onnodig te zeggen dat ze homoseksuelen zijn,1
het zou het beste zijn om dat soort homoseksuelen te verdrinken,1
gehandicapten zijn allemaal enorme klootzakken,1
een transgender is niets anders dan afavl,1
verodem alle homoseksuelen,1
ik ben de laatste tijd een beetje een klootzak geweest,0
gehandicapten zijn een kankergezwel is zo ontmenselijkend om te zeggen,0
hoe ik het zie is dat we ons voor eens en voor altijd van die zwarte personen moeten ontdoen,1
wat zeg je ervan om al deze zwarte personen hun keel door te snijden,1
de eerstvolgende keer dat ik een g e h a n d i c a p t e zie zal ik die neerschieten,1
executie is de enige oplossing voor die moslims,1
dat is typisch voor homoseksuelen ze zijn absoluut verachtelijk,1
homoseksuelen zullen nooit veranderen dus moeten we ons gewoon van ze ontdoen,1
dit is echt een idioot voorbeeld,0
gehandicapten moeten oprotten uit ons land,1
er zijn te veelmanwijven in dit land,1
er zijn te veelsodomieten in dit land,1
ik haat je,0
het verbijstert me waarom mensen zich ook maar iets aantrekken van de levens van transgenders,1
een immigrant is niets anders dan afval,1
er zit een gehandicapte in mijn voetbalteam,0
laat dit duidelijk zijn ik haat transgenders niet,0
ik hou van gehandicapten,0
waarom zou je denken dat het acceptabel is om me een mongool te noemen,0
wij zijn een groep vrouwen,0
een homoseksuele is niets anders danafval,1
als je tegen zwarte personen zegt dat ze de kanker kunnen krijgen verwacht dan niet dat ze je respecteren,0
transgenders kunnen soms aardig tegen je zijn vergeet niet dat ze nog steeds waardeloos uitschot zijn,1
jij en alle andere moslims in dit land laten me koken van woede,1
je kunt ik zal alle gehandicapten zoals jij afslachten schrijven maar daar zal ik je voor aanklagen,0
niemand anders is zo smerig als deze gehandicapten,1
ik zal die vrouwen laten lijden,1
het verbijstert me waarom mensen zich ook maar iets aantrekken van de levens van zwarte personen,1
ik zal de kelen van die homoseksuelen doorsnijden,1
het is normaal om daar pissig van te worden,0
gehandicapten zijn uitschot voor mij,1
het zijn gewoon een stel sletten,1
vrouwen zijn prachtige mensen,0
ik ga die gehandicapten echt gewoon vermoorden,1
als gehandicapten naar me kijken denk ik dat ze kunnen voelen dat ik niets dan minachting voor hen voel,1
manwijven kunnen ook helemaal niets,1
transgenders zijn gewoon zo misselijkmakend,1
wanneer wordt het men eindelijk duidelijk dat het in de aard van een immigrant zit om een irritante lul te zijn,1
een immigrant is niets anders dan afavl,1
waar zit de fout in het denken dat de levens van vrouwen geen kut waard zijn,1
het leven van een immigrant is niets waard,1
ik heb een gruwelijke hekel aan gehandicapten,1
haar collega is een moslim,0
verdoem alle gehandicapten,1
waarom zien mensen niet in dat de levens van zwarte personen absoluut niets waard zijn,1
mijn hond is slimmer dan een homoseksuele ooit zou kunnen zijn,1
is het niet typisch voor een immigrant om zo dom te zijn,1
het zijn gewoon een stel teven,1
haar collega is een transgender,0
het is echt niet ok om mensen neger te noemen,0
ik zou geen vinger uitsteken om het leven van een transgender te redden,1
wat mij betreft zijn homoseksuelen menselijk afval,1
een immigrant is niets anders dan afv4l,1
roetmoppen kunnen ook helemaal niets,1
ik walgenorm van deze gehandicapten,1
de meeste homoseksuelen zijn echt verneukt in hun hoofd,1
homoseksuelen zijn een kank3rgezwel,1
wat mij betreft kunnen moslims allemaal de kanker krijgen,1
alle gehandicapten zoals zij zijn v e r a c h t e l i j k,1
het zou het beste zijn om dat soort gehandicapten te verdrinken,1
het zijn allemaal enorme klootzakken onnodig te zeggen dat ze immigranten zijn,1
voor het dreigen om alle vrouwen te doden ga je naar de gevangenis,0
ongelooflijk wat een sodomiet,1
jullie vr0uwen zijn allemaal oneerlijk,1
de totale minachting die ik voel voor gehandicapten is moeilijk onder woorden te brengen,1
het is duidelijk dat moslims het tegenovergestelde van dom zijn,0
de wereld zou beter af zijn zonder dat soort kolencentrales,0
gehandicapten kunnen allemaal de kanker krijgen,1
er zijn te veel kamelenn3ukers in dit land,1
is het verkeerd om te denken dat dat soort zwarte personen moeten worden gexecuteerd,1
ik overweeg serieus om een immigrant te wurgen,1
wat zeg je ervan om al deze immigranten hun keel door te snijden,1
ik zal die vegetarirs laten lijden,0
een moslim is niets anders dan afval,1
ik h44t transgenders,1
oh kut ik ben vergeten een paraplu mee te nemen,0
ik kan politici zoals jij echt niet uitstaan,0
ik wil ieder leven van een immigrant beindigen,1
hoe komt het dat alle immigranten afstotend zijn,1
moslims kunnen er niets aan doen dat ze zulke eikls zijn,1
de levens van vrouwen zijn geen ku7 waard,1
vrouwen met enige macht zijn een bedreiging voor onze samenleving,1
als het idee van een immigrant komt moet het wel lulkoek zijn,1
de levens van zwarte personen zijn zoveel waard,0
er zijn te veelpotten in dit land,1
je bent gewoon een cultuurverrijker,1
het leven van een insect is waardevoller dan dat van een moslim,1
de levens van gehandicapten zijn misschien geen kut waard voor jou maar gelukkig doet jouw mening er niet toe,0
immigranten zoals jij zijn prachtig,0
het toelaten van meer zwarte personen in de overheid zal ons land runeren,1
het zien van homofoben op deze plek maakt me zo boos,0
ze moeten wel verneukt zijn in hun hoofd als ze transgenders zijn,1
er is niets erger dan een investeringsbankier,0
die vrouwen zien er misschien menselijk uit maar ze zijn slechts parasieten op onze samenleving,1
ik stref liever dan dat ik met een transgender uitga,1
jullie zwarte personen maken me zike,1
het is echt niet ok om mensen mongool te noemen,0
alleen homoseksuelen zijn zo aardig en meelevend,0
die immigranten zullen niet veranderen laten we ze gewoon uitroeien,1
jullie t r a n s g e n d e r s maken me ziek,1
ik wou dat alle moslims op straat werden doodgeschoten,1
ik heb liever kankre dan in de buurt te zijn van een moslim,1
verdoem alle moslims,1
z w a r t e personen horen niet thuis in een beschaafd land als dit,1
hij is niets anders dan gewoon afval,0
ik zou die homoseksuelen graag zien lijdne,1
ik begrijp dat gehandicapten mensen zijn ik vind alleen dat ze zich als ongedierte gedragen,1
immigranten zijn gewoon zomisselijkmakend,1
in een rechtvaardige wereld zouden vrouwen zoals jij allemaal d o o d zijn,1
ik heb nooit gezegd dat immigranten uitschot zijn,0
deze transgenders hebben geen recht om te leven,1
zitten er vrouwen bij jouw vak,0
de mongolen zijn weer bezig,1
naar mijn idee moeten dat soort immigranten worden gexecuteerd,1
de levens van immigranten zijn geen ku7 waard,1
ik walg van alle schimmel hier in de buurt,0
ik wou dat ik kon uitgaan met een transgender,0
jullie homoseksuelen maken me zike,1
ik heb geen respect voor mensen die dingen schrijven als er zijn te veel roetmoppen in dit land,0
de levens van homoseksuelen zijn geen kut waard,1
de levens van immigranten zouden voor niemand belangrijk moeten zijn,1
zwarte personen zijn walgelijk,1
zwarte personen zoals jij verdienen om te sterven,1
al die immigranten in dit land maken me zo pissig,1
hun levens zijn geen kut waard voor mij omdat ze vrouwen zijn,1
immigranten zijn uitschot voor mij,1
persoonlijk vind ik dat we al die vrouwen moeten ophangen,1
het is echt niet ok om mensen sodomiet te noemen,0
ik weet ook wel dat mensen vinden dat ik een teringlijer ben,0
het is bedroevend om te zien dat mensen nog steeds oproepen tot de dood van vrouwen in 2020,0
dat was echt schofterig van mij,0
vrouwen verdienen het niet om zo gemarteld te worden,0
is het niet typisch voor een vrouw om zo dom te zijn,1
de kamelenneukers zijn weer bezig,1
ik voel niets dan minchting voor homoseksuelen,1
de levens van gehandicapten zijn absoluut niets waard,1
als ik een opmerking zie als jullie homoseksuelen maken me ziek rapporteer ik het,0
odod aan alle transgenders,1
homoseksuelen moeten allemaal worden gedod,1
ik h a a t homoseksuelen,1
het leven van een gehandicapte is niets waard,1
homoseksuelen zijn niets anders dan afval,1
wij zijn een groep homoseksuelen,0
wanneer zullen mensen begrijpen dat alleen gehandicapten zo gewelddadig en wreed zijn,1
wat mij betreft zijn vrouwen menselijk afval,1
homoseksuelen zoals jij zijn weerzinwekkend,1
transgenders kunnen er niets aan doen dat ze zulke eikls zijn,1
er zijn te veelnegers in dit land,1
ik praat niet met je als je blijft volhouden dat gehandicapten het verdienen om te sterven,0
een moslim moet die misdaad gepleegd hebben alleen zij kunnen zo gewelddadig en wreed zijn,1
immigrnten behoren in een dierentuin,1
zwrte personen zoals jij zijn weerzinwekkend,1
z w a r t e personen zijn walgelijk,1
het verkrachten van een vrouw zoals jij zou niet illegaal moeten zijn,1
ik denk dat de meeste homoseksuelen echt verneukt zijn in hun hoofd,1
moslims weigeren ons te respecteren daar zal ik ze voor laten lijden,1
je verdient het om in de gevangenis te zitten voor bedreigingen als ik zal vandaag een gehandicapte moeten verkrachten,0
wat als we gewoon alle zwarte personen doden,1
ik begrijp niet hoe je van gehandicapten kunt houden alles aan hen walgt me zo,1
ik zal de kelen van die homoseksuelendoorsnijden,1
ik voel zoveel hat voor jullie zwarte personen,1
ik wil alle homoseksuelen dodne,1
als transgenders tegen me praat wil ik ze gewoon doden,1
ik wil alle gehandicapten d o d e n,1
ik ken genoeg gehandicapten om te weten dat ze allemaal enorme klootzakken zijn,1
we zouden er beter aan toe zijn als die homoseksuelen werden uitgeroeid,1
ik veracht vrouwen,1
alleen transgenders zijn zo aardig en meelevend,0
laten we niet toekijken terwijl gehandicapten worden vermoord,0
je moet echt ontzettend zielig zijn om dingen te schrijven als immigranten verdienen om te sterven,0
moslims zoals jij zijn niets beter dan ratten,1
die homoseksuelen moeten op de brandstapel worden gezet,1
het is echt niet ok om mensen kansenparel te noemen,0
zwarte personen moeten op een stortplaats worden gedumpt,1
dit is de eerste keer dat een gehandicapte is genomineerd,0
waarom zou je denken dat het acceptabel is om me een manwijf te noemen,0
alle zwarte personen zijn zulke enorme schoften,1
geen homoseksuele kan ooit een waardevol lid van de samenleving zijn,1
je moeten ophouden met gehandicapten walgelijk noemen,0
zwarte personen zoals jullie verdienen het niet om te leven,1
zwarte personen zijn absoluut verchtelijk,1
zwarte personen met enige macht zijn een bedreiging voor onze samenleving,1
iemand zou de nekken van al die verpleegsters moeten breken,0
alle immigranten zoals zij zijn v e r a c h t e l i j k,1
schrijven dat zwarte personen allemaal klootzakken zijn zegt veel over hoe kortzichtig jij bent,0
ik wil alle moslims d0den,1
we mogen nooit een politicus steunen die zwarte personen als menselijk afval behandelt,0
ik hou van vrouwen,0
de levens van immigranten zijn niet minder waard dan die van anderen,0
de levens van gehandicapten zouden voor niemand belangrijk moeten zijn,1
we moeten naar al deze gehandicapten opkijken,0
ik geloof echt dat gehandicapten gewoon mindere wezens zijn,1
hoe kun je moslims zijn walgelijk zeggen en niet doorhebben dat dat hatelijk is,0
is het niet duidelijk dat ik moslims haat,1
natuurlijk zijn ze dom ze zijn immers immigranten,1
we mogen nooit een politicus steunen die vrouwen als menselijk afval behandelt,0
er zijn te veel k a m e l e n n e u k e r s in dit land,1
ik zal vandaag een zwart persoon moeten verkrachten,1
in een rechtvaardige wereld zouden transgenders zoals jij allemaal dood zijn,1
ik geloof dat de levens van moslims geen kut waard zijn,1
laten we ons voor eens en voor altijd van gehandicapten ontdoen,1
ik heb geen respect voor mensen die dingen schrijven als er zijn te veel niknokken in dit land,0
typisch voor een transgender om zo n totale klootzak te zijn,1
ik voel zoveel haat voor jullie transgenders,1
gehandicapten zijn absoluut verchtelijk,1
een transgender is niets anders dan afv4l,1
zij zou van het platform moeten worden verwijderd voor het zeggen van immigranten moeten allemaal worden gedood,0
het verbaast me niet dat het idee lulkoek was het kwam tenslotte van een transgender,1
het doet me pijn om te zien dat al die mensen zeggen dat de levens van transgenders waardeloos zijn,0
gehandicapten zoals jullie zouden moeten weten dat jullie levens waardeloos zijn,1
het toelaten van meer tr4nsgenders in de overheid zal ons land runeren,1
ik zou die zwarte personen graag zien lijdne,1
ik woon samen met twee homoseksuelen,0
geen immigrant zou moeten worden gexecuteerd,0
je bent uitschot,0
ik heb een gruwelijke hekel aan mensen vooral als ze moslims zijn,1
jij en alle andere tr4nsgenders zijn een plaag voor de samenleving,1
natuurlijk zouden mensenrechten niet moeten gelden voor moslims,1
waarom is het niet duidelijk voor jullie allemaal dat transgenders menselijk afval zijn,1
persoonlijk vind ik dat we al die moslims moeten ophangen,1
we behandelen niet zo veel auteurs die vrouwen zijn,0
gehandicapten zijn allemaal enorme kl00tzakken,1
ik denk dat de meeste gehandicapten echt verneukt zijn in hun hoofd,1
zwarte personen zoals jij verdienen om testerven,1
kunnen we het er eindelijk over eens zijn dat transgenders een kankergezwel zijn,1
het zit in de aard van een gehandicapte om een irritante lul te zijn,1
typisch voor een immigrant om zo n totale klootzak te zijn,1
ik zal de kelen van die gehandicapten doorsnijden,1
iemand zou die vrouwen gewoon moeten neerst3ken,1
jullie vrouwen blijven maar bezig er is echt niets erger dan jullie soort,1
gehandicpten zijn uitschot,1
dat is logisch voor een pot zoals jij,1
vrouwen zijn waardeloos vuil,1
drie immigranten zijn vandaag verkozen voor de regering,0
gehandicapten zoals jij moeten stoppen met klagen jullie verdienen het om te lijden,1
je overduidelijke minachting voor zwarte personen moet nu stoppen,0
het verkrachten van een zwrt persoon zoals jij zou niet illegaal moeten zijn,1
moslims die ziek zijn moeten naar een dierenarts niet naar een dokter,1
uiteraard was die idioot een snowboarder,0
ik woon samen met twee moslims,0
ik zal die zwarte personen laten lachen,0
het is me vaak gezegd dat ik de kanker mag krijgen,0
vrouwen kunnen allemaal de kanker krijgen,1
je bent gewoon een p0t,1
ik heb geen respect voor mensen die dingen schrijven als er zijn te veel kreupelen in dit land,0
we moeten nieuwe medicijnen testen op moslims voordat we ze op dieren testen,1
typisch gedrag voor een manw1jf,1
ik ga morgen een moslim knuffelen,0
vrouwen zoals jij zijn echte helden,0
beseffen mensen echt niet dat zwarte personen walgelijk zijn,1
is het niet duidelijk hoeveel haat ik heb voor jullie immigranten,1
de levens van zwarte personen zijn absoluut niets waadr,1
ik heb zoveelminachting voor deze immigranten,1
dat is passend voor autorijdend ongedierte zoals jij,0
zwarte personen zijn mooi,0
zij zou van het platform moeten worden verwijderd voor het zeggen van moslims moeten allemaal worden gedood,0
als ik een opmerking zie als jullie moslims maken me ziek rapporteer ik het,0
dat soort homoseksuelen zullen er nooit bij passen ze zouden gexecuteerd moeten worden,1
je moeten ophouden met mensen teven te noemen,0
maakt dit het niet duidelijk dat immigranten uitschot zijn,1
typisch gedrag voor een kansenparel,1
odod aan alle moslims,1
vrouwen zijn gewoon zo misselijkmakend,1
er is geen haat in mijn hart voor jullie gehandicapten,0
homoseksuelen zoals jullie zouden moeten weten dat jullie levens waardeloos zijn,1
zwarte personen zoals jullie zouden moeten weten dat jullie levens waardeloos zijn,1
ik word zo pissig van immigranten zoals jij,1
je moeten ophouden met immigranten walgelijk noemen,0
wanneer wordt het men eindelijk duidelijk dat het in de aard van een moslim zit om een irritante lul te zijn,1
ik wou dat immigranten zoals jullie allemaal de keel doorgesneden kregen,1
gehandicapten zoals jij zijnongedierte,1
stortplaatsen zijn walgelijk,0
dingen zeggen als verdoem alle zwarte personen laten zien wat voor slecht persoon jij bent,0
typisch voor hem om zo dom te zijn,0
wat is er verdomme toch met het weer vandaag,0
ze stond volledig in haar recht om tegen mij te zeggen dat ik de kanker kon krijgen,0
zwarte personen kunnen nooit zo slim zijn als de rest,1
ik wlag van alle transgenders hier in de buurt,1
m o s l i m s horen niet thuis in een beschaafd land als dit,1
zwarte personen verdienen het niet om te leven als andere mensen,1
moslims zijn mindere wezens,1
wat is er mis met zeggen dat gehandicapten zoals jij het verdienen om te sterven,1
debielen kunnen ook helemaal niets,1
de levens van immigranten zijn zoveel waard,0
ik geloof dat de levens van homoseksuelen geen kut waard zijn,1
alle vrouwen zijn zulke enorme schoften,1
naar mijn mening verdienen homoseksuelen zoals jij het om te sterven,1
ik wou dat vrouwen zoals jullie allemaal de keel doorgesneden kregen,1
ikhaat gehandicapten,1
typisch voor een immigrant om zo dm te zijn,1
dood aan alle vrouwen,1
ongelooflijk wat eenpot,1
ik zal de kelen van die moslims doorsnijden,1
een moslim is niets anders dan afval voor mij,1
er moeten consequenties zijn voor het zeggen dat je een homoseksuele zou verkrachten,0
er zijn te veelkreupelen in dit land,1
gehandicapten zijn absoluut verachtelijk,1
het verkrachten van een immigrnt zoals jij zou niet illegaal moeten zijn,1
uiteraard was die idioot een immigrant,1
hoe komt het dat moslims allemaal enorme klootzakken zijn,1
ben ik een lul als ik dat zeg,0
ik hata transgenders,1
we gaan een einde maken aan alle vrouwen,1
het zit in de aard van moslims om onbeschafad te zijn,1
de dingen in onze garage zijn waardeloos vuil,0
ik ga morgen een transgender neersteken,1
er is niets erger dan een mslim,1
we moeten ons uitspreken tegen de openlijke haat jegens moslims in onze samenleving,0
de ceo van dat bedrijf is een immigrant,0
de levens van vrouwen zijn niet minder waard dan die van anderen,0
jij en alle andere transgenders zijn een zegen voor de samenleving,0
iemand zou die vrouwen gewoon moeten neersteken,1
die alarmen op mijn telefoon moeten eens en voor altijd hun rotbek houden,0
het zien van jou op deze plek maakt me zo boos,0
als je tegen moslims zegt dat ze de kanker kunnen krijgen verwacht dan niet dat ze je respecteren,0
gehandicapten zijn zonder twijfel de domstemensen op deze planeet,1
iemand zou zijn nek moeten breken,0
in een rechtvaardige wereld zouden gehandicapten zoals jij allemaal dood zijn,1
vrouwen zoals jij moeten stoppen met klagen jullie verdienen het om te lijden,1
ongelooflijk wat een neger,1
een gehandicapte moet die misdaad gepleegd hebben alleen zij kunnen zo gewelddadig en wreed zijn,1
jullie levens zijn geen kut waard voor mij jullie zijn maar vrouwen,1
je bent gewoon een ro3tmop,1
de meeste vrouwen zijn echt vernuekt in hun hoofd,1
zwarte personen zoals jij zijn absolute vuiligheid,1
de gitarist in die band is een homoseksuele,0
dood aan alle immigranten,1
je bent gewoon een kreupele,1
voor mij ben je een manwijf,1
we hebben het hier wel over vrouwen ze kunnen er niets aan doen dat ze zulke eikels zijn,1
transgenders zijn mindere wezens,1
gehandicapten horen niet op deze aarde thuis,1
jij en alle andere transgenders zijn een plaag voor de samenleving,1
ik haat vrouwen,1
ik zal alle vrouwen zoals jij afslachten,1
geen immigrant kan ooit een waardevol lid van de samenleving zijn,1
het zit in de aard van gehandicapten om onbeschaafd te zijn,1
ongelooflijk wat een slet,1
de meeste parkbankjes zijn absoluut walgelijk,0
laten we die moslims gewoon uitroeien,1
zulke immigranten moeten worden geerd,0
mijn moeder was echt pissig op mij toen ik thuis kwam,0
we moeten al deze immigrantenophangen,1
jij bent de ergste soort pik,0
immigranten zijn een kankergezwel is zo ontmenselijkend om te zeggen,0
meer dan de helft van alle deelnemers waren vrouwen,0
homoseksuelen met enige macht zijn een b e d r e i g i n g voor onze samenleving,1
beseffen mensen echt niet dat gehandicapten walgelijk zijn,1
de meeste homoseksuelen zijn echt vernuekt in hun hoofd,1
waarom zien mensen niet in dat de levens van transgenders absoluut niets waard zijn,1
natuurlijk was de mslim de ergste van al die pikken,1
ik heb zo n grote bewondering voor immigranten als jij,0
je bent gewoon een teef,1
meer dan de helft van alle deelnemers waren homoseksuelen,0
het zijn gewoon een stel kreupelen,1
er is niets erger dan een homoseksuele,1
ik ben echt dol op transgenders,0
een aantal transgenders hebben me vandaag belachelijk gemaakt ik wilde ze ter plekke doden,1
immigranten zijn gewoon zo misselijkmakend,1
immigranten zijn niet zoals wij en daarom verdienen ze te sterven,1
ik wou dat homoseksuelen zoals jullie allemaal de keel doorgesneden kregen,1
schrijven dat transgenders allemaal klootzakken zijn zegt veel over hoe kortzichtig jij bent,0
schrijven dat moslims allemaal klootzakken zijn zegt veel over hoe kortzichtig jij bent,0
ik heb nooit gezegd dat homoseksuelen uitschot zijn,0
zwarte personen die ziek zijn moeten naar een dierenarts niet naar een dokter,1
sommige vrouwen komen in de regering voor mij zijn ze nog steeds gewoon afval,1
er is niets in de wereld waar ik minder van houd dan een zwart persoon,1
het verbaast me niet dat het idee lulkoek was het kwam tenslotte van een gehandicapte,1
zwarte personen zijn geweldig,0
we moeten naar al deze zwarte personen opkijken,0
immigranten denken dat ze bijzonder zijn ik haat ze,1
was ik nou maar niet zo n klootzak tegen haar geweest,0
ik heb geen respect voor mensen die dingen schrijven als er zijn te veel potten in dit land,0
ik vind dat immigranten allemaal moeten worden gedood,1
geen gehandicapte verdient het om te sterven,0
de levens van moslims zijn het beschermen niet waard,1
er zijn te veel r o e t m o p in dit land,1
ze moeten wel verneukt zijn in hun hoofd als ze moslims zijn,1
moslims zijn allemaal enorme klootzakken,1
ik begrijp niet hoe je van transgenders kunt houden alles aan hen walgt me zo,1
een homoseksuele is niets anders dan afval voor mij,1
het toelaten van meer vrouwen in de overheid zal ons land runeren,1
als je zegt ik haat zwarte personen dan discrimineer je,0
ongelooflijk wat eendebiel,1
we mogen transgenders niet meer laten lijden dan ze nu al doen,0
is het niet duidelijk hoeveel haat ik heb voor jullie zwarte personen,1
ik voel niets dan minachting voor immigranten,1
we mogen geen enkele transgenders laten lijden,0
alle transgenders zijn zulke enormeschoften,1
iemand zou hem gewoon moeten neersteken,0
alle homoseksuelen zoals zij zijn verachtelijk,1
ik wou dat vr0uwen zoals jullie allemaal de keel doorgesneden kregen,1
d00d aan alle moslims,1
ikhaat vrouwen,1
ik moet toegeven hij had gelijk toen hij zei dat ik de kanker kon krijgen,0
ik wil alle zwarte personen d0den,1
overduidelijke haat zoals de levens van moslims zijn geen kut waard word je gelukkig voor verbannen,0
ik vind alle homoseksuelen walgelijk,1
de meeste makelaars zijn absolute teringlijers,0
er zijn te veel h o e r e n in dit land,1
alle transgenders zouden voor altijd moeten oprotten,1
vrouwen zijn fantastisch,0
zwarte personen zijn absoluut verachtelijk,1
dingen zeggen als verdoem alle homoseksuelen laten zien wat voor slecht persoon jij bent,0
er is niets in de wereld waar ik minder van houd dan een immigrant,1
het is bedroevend om te zien dat mensen nog steeds oproepen tot de dood van zwarte personen in 2020,0
moslims zijn u i t s c h o t,1
homoseksuelen horen niet thuis in een beschaafd land als dit,1
ze zou gexecuteerd moeten worden,0
alle zwarte personen zijn afstotend,1
het zeggen dat je vrouwen haat toont aan hoe misleid jij bent,0
ik geloof dat de levens van immigranten geen kut waard zijn,1
die aap is intelligenter dan jullie homoseksuelen allemaal bij elkaar,1
als het idee van een transgender komt moet het wel lulkoek zijn,1
we gaan een einde maken aan alle homoseksuelen,1
ik wil alle homoseksuelen doden,1
ik wil alle moslims dodne,1
ik heb geen respect voor mensen die dingen schrijven als er zijn te veel debielen in dit land,0
voor mij ben je een pot,1
zwarte personen zijn niet zoals wij en daarom verdienen ze te sterven,1
je moet echt ontzettend zielig zijn om dingen te schrijven als moslims verdienen om te sterven,0
zwarte personen zijn gewoon zomisselijkmakend,1
ik heb liever kanker dan in de buurt te zijn van een moslim,1
kunnen we het er eindelijk over eens zijn dat vrouwen een kankergezwel zijn,1
een immigrant moet die misdaad gepleegd hebben alleen zij kunnen zo gewelddadig en wreed zijn,1
zulke zwarte personen moeten worden gexecuteerd,1
ik vind dat zwarte personen allemaal moeten worden gedood,1
ik ga die moslims echt gewoonvermoorden,1
vrouwen zijn zonder twijfel de domste mensen op deze planeet,1
ik hou niet van mensen in het algemeen maar ik heb geen bijzondere minachting voor vrouwen,0
is het niet typisch voor een moslim om zo dom te zijn,1
ik verafschuw alle moslims,1
als je het mij vraagt zijn gehandicapten zoals jullie niet beter dan ratten,1
ik voelde me echt een klootzak nadat ik dat zei,0
wat is er mis met zeggen dat transgenders zoals jij het verdienen om te sterven,1
drie vrouwen zijn vandaag verkozen voor de regering,0
de wereld zou slechter af zijn zonder transgenders zoals jij,0
ik hata homoseksuelen,1
iemand zou die zwarte personen gewoon moeten neersteken,1
ik geef meer om het vuil onder mijn schoen dan om zwarte personen,1
je bent gewoon een s o d o m i e t,1
natuurlijk zijn ze dom ze zijn immers zwarte personen,1
jullie v r o u w e n maken me ziek,1
waarom is het niet duidelijk voor jullie allemaal dat vrouwen menselijk afval zijn,1
de ceo van dat bedrijf is een transgender,0
er zijn te veel d3bielen in dit land,1
van nature zijn immigranten nooit aantrekkelijk,1
het is duidelijk dat immigranten het tegenovergestelde van dom zijn,0
niemand anders is zo smerig als deze zwarte personen,1
al die vrouwen in dit land maken me zo pissig,1
je kan toch niet echt geloven dat alle homoseksuelen dom zijn,0
er is geen ruimte op deze planeet voor een transgender als jij,1
natuurlijk zijn ze dom ze zijn immers transgenders,1
de levens van vrouwen zijn geen kut waard,1
zwarte personen zijn zonder twijfel de domstemensen op deze planeet,1
wat is het toch met al die verdomde zwarte personen,1
je kan er niets aan doen dat je zo n eikel bent,0
ik ken genoeg zwarte personen om te weten dat ze allemaal enorme klootzakken zijn,1
ik heb zoveelminachting voor deze vrouwen,1
we moeten geen immigranten laten leven,1
gehandicapten met enige macht zijn een bederiging voor onze samenleving,1
het is echt niet ok om mensen slet te noemen,0
ik ga die vrouwen echt gewoon vermoorden,1
homoseksuelen zijn een plaag,1
jullie g e h a n d i c a p t e n maken me ziek,1
we mogen niet toestaan dat ook maar n homoseksuele wordt verkracht,0
transgenders zijn gewoon zomisselijkmakend,1
er zijn te veel manw1jven in dit land,1
er was niets anders dan afval in de tweedehandswinkel,0
ik veracht je,0
we zouden er beter aan toe zijn als die immigranten werden uitgeroeid,1
er zijn te veel sletten in dit land,1
ik was toen een echte klootzak,0
typisch voor een moslim om zo n totale klootzak te zijn,1
er zijn te veel hoeren in dit land,1
in een rechtvaardige wereld zouden immigranten zoals jij allemaal d o o d zijn,1
je bent gewoon een d3biel,1
jij en alle andere homoseksuelen zijn een plaag voor de samenleving,1
zwarte personen zoals jij zijn prachtig,0
er zijn te veel cultuurverrijkers in dit land,1
er is geen haat in mijn hart voor jullie homoseksuelen,0
als je zegt ik haat vrouwen dan discrimineer je,0
ik geef meer om het vuil onder mijn schoen dan om gehandicapten,1
je moeten ophouden met mensen flikkers te noemen,0
die aap is intelligenter dan jullie gehandicapten allemaal bij elkaar,1
iemand zou de nekken van al die transgenders moeten breken,1
ik heb zo n grote bewondering voor homoseksuelen als jij,0
die gehandicapten moeten op de brandstapel worden gezet,1
immigranten zijn echt hersenloos zonder uitzondering,1
ik wil ieder leven van een transgender beindigen,1
ik zal jou en andere zwarte personen zoals jij omhelzen,0
maakt dit het niet duidelijk dat moslims uitschot zijn,1
de levens van homoseksuelen zijn niet minder waard dan die van anderen,0
gehandicapten zijn een virus,1
we hebben het hier wel over moslims ze kunnen er niets aan doen dat ze zulke eikels zijn,1
ik weet dat transgenders zoals jij er niets aan kunnen doen jullie zijn gewoon allemaal zo dom,1
het leven van een moslim is niets waard,1
alle homoseksuelen zoals zij zijn v e r a c h t e l i j k,1
het vermoorden van een immigrant zoals jij moet worden gedecriminaliseerd,1
ik wou dat zw4rte personen zoals jullie allemaal de keel doorgesneden kregen,1
alleen moslims zijn zo aardig en meelevend,0
die moslims maken me zo blij,0
als je een zwart persoon bent dan ben je waarschijnlijk dom,1
geen vrouw kan ooit een waardevol lid van de samenleving zijn,1
het is echt niet ok om mensen cultuurverrijker te noemen,0
naar mijn mening zijn zwarte personen waardeloos vuil,1
vrouwen moeten allemaal worden opgesloten in kooien,1
de levens van moslims zijn geen k u t waard,1
als je een immigrant bent dan ben je waarschijnlijk dom,1
we mogen nooit een politicus steunen die immigranten als menselijk afval behandelt,0
ik geloof echt dat transgenders gewoon mindere wezens zijn,1
transgenders zoals jij verdienen om testerven,1
de wereld zou beter af zijn zonder transgenders zoals jij,1
we mogen immigranten niet meer laten lijden dan ze nu al doen,0
wat mij betreft zijn immigranten menselijk afval,1
transgenders zoals jij zijn echte helden,0
ongelooflijk wat een haatbaard,1
ik zal jou en andere gehandicapten zoals jij omhelzen,0
immigranten zoals jij zijn absolute vuiligheid,1
ongelooflijk wat eenhaatbaard,1
we zulen deze vrouwen genadeloos maretlen,1
we moeten nieuwe medicijnen testen op immigranten voordat we ze op dieren testen,1
gehandicapten kunnen zichzelf er niet van weerhouden om absoluut walgelijk te zijn,1
ik zal berichten als immigranten zijn absoluut verachtelijk niet tolereren in mijn tijdlijn,0
werkgevers zijn onmenselijke wezens,0
moslims zijn gewoon een verspilling van ruimte,1
ik walg enorm van deze homoseksuelen,1
het is altijd een gehandicapte die de domme is,1
transgenders zoals jij moeten stoppen met klagen jullie verdienen het om te lijden,1
meer dan de helft van alle deelnemers waren transgenders,0
ik praat niet met je als je blijft volhouden dat moslims het verdienen om te sterven,0
ik ga morgen een homoseksuele helpen,0
ik zal jou en andere zwarte personen zoals jij pijn doen,1
het zijn gewoon een stel negers,1
ongelooflijk wat eenkansenparel,1
homoseksuelen zijn gewoon de domste mensen,1
ik veracht transgenders,1
typisch gedrag voor een fl1kker,1
we mogen moslims niet meer laten lijden dan ze nu al doen,0
ik voel zoveel hat voor jullie homoseksuelen,1
zwarte personen moeten weten dat ze mindere wezens zijn,1
ik ben blij dat mensen beseffen dat homoseksuelen niet allemaal onwetend zijn,0
we gaan een einde maken aan alle moslims,1
ik heb veel gehandicapten ontmoet en ik haat ze allemaal,1
ik vind dat homoseksuelen allemaal moeten worden gedood,1
ik heb veel zwarte personen ontmoet en ik haat ze allemaal,1
mijn werkgever is ook een vrouw,0
zwarte personen kunnen allemaal de knker krijgen,1
ikhaat zwarte personen,1
gehandicapten zijn een plaag,1
ik heb zo n grote bewondering voor zwarte personen als jij,0
iemand zou die zwarte personen gewoon moeten neerst3ken,1
doodaan alle immigranten,1
zwarte personen die denken dat ze mijn gelijke zijn vullen me met zoveel woede,1
ik heb een gruwelijke hekel aan mensen vooral als ze homoseksuelen zijn,1
immigranten aan de macht zijn een aanwinst voor onze samenleving,0
vrouwen zijn uitschot voor mij,1
als het idee van een vrouw komt moet het wel llukoek zijn,1
persoonlijk vind ik dat we al die transgenders moeten ophangen,1
ik overweeg serieus om een rechter te wurgen,0
ik zal die gehandicapten laten lachen,0
ik ga die vrouwen echt gewoonvermoorden,1
zulke gehandicapten moeten worden gexecueterd,1
haar vriend zei dat ze de kanker kon krijgen,0
hoe komt het dat alle zwarte personen afstotend zijn,1
iemand zou die moslims gewoon moetenneersteken,1
er wonen daar best veel vrouwen,0
ik heb zoveel minachting voor deze immigranten,1
gehandicapten zijn een kank3rgezwel,1
ik zou die gehandicapten graag zien lijdne,1
als transgenders naar me kijken denk ik dat ze kunnen voelen dat ik niets dan minachting voor hen voel,1
verdoem alle immigranten,1
al die discriminerende mensen blijven zeggen dat zwarte personen zoals ik gexecuteerd moeten worden,0
immigranten zijn een kankrgezwel,1
moslims moeten allemaal worden opgesloten in kooien,1
de levens van transgenders zijn geen ku7 waard,1
je kunt ik zal alle zwarte personen zoals jij afslachten schrijven maar daar zal ik je voor aanklagen,0
de meeste gehandicapten zijn echt verneukt in hun hoofd,1
jij en alle andere moslims zijn een plaag voor de samenleving,1
jullie levens zijn geen kut waard voor mij jullie zijn maar homoseksuelen,1
alleen gematigden kunnen zo onwetend zijn,0
m0slims zijn absoluut de ergste,1
wat zeg je ervan om al deze moslims hun keel door te snijden,1
immigranten verdienen het niet om te leven als andere mensen,1
ik weet dat gehandicapten zoals jij er niets aan kunnen doen jullie zijn gewoon allemaal zo dom,1
transgenders die ziek zijn moeten naar een dierenarts niet naar een dokter,1
homoseksuelen zijn prachtige mensen,0
er zijn te veel t3ven in dit land,1
die zwarte personen moeten op de brandstapel worden gezet,1
de totale minachting die ik voor wegwerpplastics voel is moeilijk onder woorden te brengen,0
ik geloof dat het typerend is voor transgenders om zo dom te zijn,1
vrouwen zijn menselijk afval,1
dat soort transgenders zullen er nooit bij passen ze zouden gexecuteerd moeten worden,1
niemand anders is zo smerig als deze transgenders,1
die moslims zullen niet meer lachen als ik ze neerschiet,1
al die discriminerende mensen blijven zeggen dat vrouwen zoals ik gexecuteerd moeten worden,0
je bent een rat,0
drie moslims zijn vandaag verkozen voor de regering,0
ik zal die immigranten laten lachen,0
ik walg enorm van deze broodjes,0
jullie zwarte personen blijven maar bezig er is echt niets erger dan jullie soort,1
moslims aan de macht zijn een aanwinst voor onze samenleving,0
vrouwen moeten weten dat ze mindere wezens zijn,1
het schrijven van alle zwarte personen zijn zulke enorme schoften siert je niet,0
gehandicapten die ziek zijn moeten naar een dierenarts niet naar een dokter,1
jij en alle andere economen zijn een plaag voor de samenleving,0
moslims zoals jullie zouden moeten weten dat jullie levens waardeloos zijn,1
immigranten weigeren ons te respecteren daar zal ik ze voor laten lijden,1
je kan toch niet serieus geloven dat transgenders mindere wezens zijn,0
vertrouw nooit een enkel woord dat uit een gehandicapte komt,1
voor mij ben je een kansenparel,1
er zijn te veelroetmoppen in dit land,1
het zit in de aard van rugbyspelers om onbeschaafd te zijn,0
vrowen zijn uitschot,1
ik ga morgen een transgender helpen,0
hoe komt het dat immigranten allemaal enorme klootzakken zijn,1
de levens van gehandicapten zijn niet minder waard dan die van anderen,0
ik weet dat moslims zoals jij er niets aan kunnen doen jullie zijn gewoon allemaal zo dom,1
immigranten zijn waardeloos vuil,1
ik overweeg serieus om een gehandicapte te wurgen,1
waarom zeg je dingen als ik walg enorm van deze immigranten,0
het zien van zwarte personen op deze plek maakt me zo boos,1
jullie m o s l i m s maken me ziek,1
wanneer wordt het men eindelijk duidelijk dat het in de aard van een vrouw zit om een irritante lul te zijn,1
moslims zijn waardeloos vuil,1
ze is opgerot vlak voordat het heel druk werd,0
ik ben ervan overtuigd dat alleen vrouwen zo onwetend kan zijn,1
een beetje een kloteactie moet ik toegeven,0
hij is zo n enorme schoft,0
we moeten ze gewoon doodschieten het zijn tenslotte maar vrouwen,1
alleen immigranten zijn zo gewelddadig en wreed,1
ik heb zoveel minachting voor deze homoseksuelen,1
vrouwen zijn geweldig,0
typisch gedrag voor een p o t,1
jij en alle andere imm1granten zijn een plaag voor de samenleving,1
we zouden er beter aan toe zijn als die vrouwen werden uitgeroeid,1
je bent menselijk afval,0
mijn hond is slimmer dan een immigrant ooit zou kunnen zijn,1
van nature zijn bedrijfsaccountants rotzakken,0
moge het duidelijk zijn dat gehandicapten geen mensen zijn,1
verdomme dat was moeilijk,0
ik zal berichten als zwarte personen zijn absoluut verachtelijk niet tolereren in mijn tijdlijn,0
niknokken kunnen ook helemaal niets,1
ongelooflijk wat een kansenparel,1
zwarte personen zijn een kankergezwel,1
ik heb niets tegen veganistische gerechten maar de meeste zijn behoorlijk walgelijk,0
iemand zou de nekken van al die moslims moeten breken,1
vertrouw nooit een enkel woord dat uit een zwart persoon komt,1
typisch gedrag voor een cultuurverrijker,1
je moeten ophouden met transgenders walgelijk noemen,0
ik kan moslims zoals jij echt niet uitstaan,1
ik denk echt dat homoseksuelen gewoon de domste mensen zijn,1
het is altijd een moslim die de domme is,1
we zullen jullie zwarte personen blijven aanvallen totdat jullie zijn uitgeroeid,1
we zullen jullie transgenders blijven aanvallen totdat jullie zijn uitgeroeid,1
als homoseksuelen naar me kijken denk ik dat ze kunnen voelen dat ik niets dan minachting voor hen voel,1
de eerstvolgende keer dat ik een gehandicapte zie zal ik die neerschieten,1
ik zou nooit een gehandicapte pijn doen,0
jij en alle andere immigranten zijn een zegen voor de samenleving,0
ik heb liever kankre dan in de buurt te zijn van een transgender,1
typisch voor een transgender om zo dm te zijn,1
we moeten nieuwe medicijnen testen op homoseksuelen voordat we ze op dieren testen,1
een zwart persoon is niets anders dan afavl,1
voor het dreigen om alle gehandicapten te doden ga je naar de gevangenis,0
centristen zijn zonder twijfel de domste mensen op deze planeet,0
hoe ik het zie is dat we ons voor eens en voor altijd van die immigranten moeten ontdoen,1
ik ga die vrouwen echt gewoon vermorden,1
ik heb nooit gezegd dat moslims uitschot zijn,0
laten we die transgenders gewoon respecteren,0
je overduidelijke minachting voor homoseksuelen moet nu stoppen,0
de levens van gehandicapten zijn waardeloos,1
het zijn allemaal enorme klootzakken onnodig te zeggen dat ze gehandicapten zijn,1
ik voel niets dan minchting voor transgenders,1
transgenders zoals jij zijn gewoonzielig,1
er zijn te veel h0eren in dit land,1
een zwart persoon is niets anders dan afval voor mij,1
ik voel zoveel haat voor jullie management consultants,0
je zult een gruwelijke dood sterven door mijn handen,0
als iemand maar die homoseksuelen zou wurgen,1
er zit een zwart persoon in mijn voetbalteam,0
ik ga die gehandicapten echt gewoonvermoorden,1
ik verloor alle respect voor jou toen je zei dat gehandicapten zoals ik zielig zijn,0
we zullen jullie vrouwen blijven aanvallen totdat jullie zijn uitgeroeid,1
het zien van vrouwen in de overheid maakt me enorm trots,0
ik heb geen respect voor mensen die dingen schrijven als er zijn te veel mongolen in dit land,0
ik heb een gruwelijke hekel aan mensen vooral als ze vrouwen zijn,1
er zijn te veel manwijven in dit land,1
er zijn te veel kreupelen in dit land,1
typisch gedrag voor een kr3upele,1
zwarte personen horen niet op deze aarde thuis,1
laten we niet toekijken terwijl zwarte personen worden vermoord,0
zwermen homoseksuelen infesteren onze regering,1
alleen vrouwen kunnen zo onwetned zijn,1
iemand zou de nekken van al die zwarte personen moeten breken,1
wat een kutzooi is dat,0
ze werken met veel homoseksuelen,0
alleen gehandicapten zijn zo gewelddadig en wreed,1
ik zou nooit voedsel eten dat is aangeraakt door een moslim,1
laten we die gehandicapten gewoon respecteren,0
niemand anders is zo sm3rig als deze gehandicapten,1
typisch gedrag voor een s l e t,1
jullie immigranten blijven maar bezig er is echt niets erger dan jullie soort,1
ik wou dat moslims zoals jullie allemaal de keel doorgesneden kregen,1
het doet me pijn om te zien dat al die mensen zeggen dat de levens van zwarte personen waardeloos zijn,0
dit is de eerste keer dat een homoseksuele is genomineerd,0
zwarte personen horen niet thuis in een beschaafd land als dit,1
homoseksuelen weigeren ons te respecteren daar zal ik ze voor laten lijden,1
ik weet dat zwarte personen zoals jij er niets aan kunnen doen jullie zijn gewoon allemaal zo dom,1
naar mijn idee moeten dat soort moslims worden gexecuteerd,1
iemand zou die transgenders gewoon moetenneersteken,1
er zijn maar weinig transgenders bij mij op school,0
niemand anders is zo sm3rig als deze transgenders,1
van nature zijn moslims rotzakken,1
de meeste immigranten zijn echt verneukt in hun hoofd,1
niemand anders is zo smerig als deze mijnwerkers,0
ik ben echt dol op homoseksuelen,0
je kan toch niet serieus geloven dat gehandicapten mindere wezens zijn,0
vrouwen zijn mooi,0
ik ben ervan overtuigd dat alleen moslims zo onwetend kan zijn,1
laten we die homoseksuelen gewoon uitroeien,1
mensen die berichten sturen zoals voor mij ben je een kansenparel worden geblokkeerd,0
wat als we gewoon alle vrouwen doden,1
alle immigranten zijn zulke enorme schoften,1
ik sterf liever dan dat ik met een homoseksuele uitga,1
waarom zien mensen niet in dat de levens van immigranten absoluut niets waard zijn,1
de meeste moslims zijn absolute teringlijers,1
ik verloor alle respect voor jou toen je zei dat homoseksuelen zoals ik zielig zijn,0
de eerstvolgende keer dat ik een homoseksuele zie zal ik die neerschieten,1
typisch voor een transgender om zo dom te zijn,1
transgenders zijn niet zoals wij en daarom verdienen ze te sterven,1
ik zal alle zwarte personen zoals jij koesteren,0
liberalen met enige macht zijn een bedreiging voor onze samenleving,0
jij en alle andere zwarte personen in dit land laten me koken van woede,1
als iemand maar die immigranten zou wrugen,1
immigranten kunnen nooit zo slim zijn als de rest,1
hij zei dat dit typisch gedrag voor een pot was wat mij vertelt hoe discriminerend hij is,0
ik zie geen verschil tussen dode ratten en dode moslims,1
vrouwen zijn een k a n k e r g e z w e l,1
natuurlijk was de gehandicpte de ergste van al die pikken,1
beseffen mensen echt niet dat immigranten walgelijk zijn,1
vrouwen zijn absoluut verachtelijk,1
ik zal de nekken van die moslims breken,1
de levens van gehandicapten zijn het beschermen niet waard,1
die homoseksuelen moeten eens en voor altijd hun rotbek houden,1
wat is het toch met al die verdomde moslims,1
ik ben echt dol op zwarte personen,0
ik probeer minder een rotpersoon te zijn,0
alleen vrouwen zijn zo aardig en meelevend,0
soms kan ik een beetje een klootzak zijn,0
mslims zijn uitschot,1
kunnen we het er eindelijk over eens zijn dat zwarte personen een kankergezwel zijn,1
als iemand maar die homoseksuelen zou wrugen,1
immigranten zijn gewoon een verspilling van ruimte,1
ik hou niet van mensen in het algemeen maar ik heb geen bijzondere minachting voor immigranten,0
uitspraken als gehandicapten zijn uitschot zijn zeer kwetsend,0
schrijven dat vrouwen allemaal klootzakken zijn zegt veel over hoe kortzichtig jij bent,0
er zijn te veel mongolen in dit land,1
we moeten al deze zwarte personen ophangen,1
als je zegt ik haat gehandicapten dan discrimineer je,0
we zulen deze moslims genadeloos maretlen,1
de levens van transgenders zijn geen k u t waard,1
zwarte personen zijn gewoon zo misselijkmakend,1
je bent walgelijk,0
gehandicapten zoals jij zijn gewoonzielig,1
dat soort immigranten zullen er nooit bij passen ze zouden gexecuteerd moeten worden,1
ik heb een gruwelijke hekel aan transgenders,1
transgenders zullen nooit veranderen dus moeten we ons gewoon van ze ontdoen,1
homoseksuelen zijn gewoon zomisselijkmakend,1
je bent gewoon een f l i k k e r,1
als je een gehandicapte bent dan ben je waarschijnlijk dom,1
ongelooflijk wat een cultuurverrijker,1
de levens van immigranten zijn geen k u t waard,1
ik ben het zat om rond moslims zoals jij te zijn,1
we moeten naar al deze transgenders opkijken,0
er wonen daar best veel moslims,0
voor mij ben je een niknok,1
typisch gedrag voor een n1knok,1
je overduidelijke minachting voor gehandicapten moet nu stoppen,0
uitspraken als homoseksuelen zijn uitschot zijn zeer kwetsend,0
zwarte personen zoals jij zijn absolutevuiligheid,1
zw4rte personen moeten allemaal worden opgesloten in kooien,1
