translated_full_text,labels
marketing on the skin of immigrants remember the advertising videos where they show hungry african children here s one thing only bigger but it s always marketing url,0
user hypocrites scumbags they kill the earthquake victims for the crazy illegal bastards,1
give them italians and not to roma and d sccia url,1
calais starts clashes between migrants and police on the eve of forced eviction more than 8 000 people to re url,0
few migrants get the packages and the pd calls at the miracle at milano the pd speaks of great success in front of just 11 days of work too bad they went to the same places where other migrants dirty bivouacing url,1
user user all those who traveled in third class ended up in ellis island the labor hired by foreign companies through agents traveled in third class so much so stop speculating at random they come out dumb url,0
in a public tv with fixed fee in bills what they want to impose us is to talk about politics and migrants if you love italy boicottasamremo url,0
now migrants threaten we are ready for war against salvini he invasion is no longer allowed threatened at home thanks to pd movimentonesti url,1
immigrants urls move around the world,0
user user you can see that immigration in italy you don t really know a c you know how many people without a job continue to have a residence permit because they have children born in italy here are also too much available my family to be regular made 8 hours in the factory,0
austria doctor and former member of parliament launches the alarm girls wear veils to avoid harassment by immigrants the left raises always ready to thunder against the male but only if white url,1
hopefully the pd won t block his investigation to please his immigrants and ngos urls,0
policlinico di napoli specialist surgery overcomes cultural linguistic clinical barriers and ensures visits to migrants with or without residence permit with taxpayers money it is convenient to overcome the barriers get paid by the illegals,0
udine invaded the sindaco applies for even more refugees user user user url,0
immigrants calderoli a serious government would stop illegal invasion,1
so i m the only one worried that the terrorist was in italy,0
without a lot of compliments denmark expels 1000 somalis the war is over go home retreated the residence permit for humanitarian reasons immigration service in somalia quiet situation refugees can return home url,0
user user for them it is only perception of danger then one day they will give us reason but it will be too late we continue on our way no islam no africa no fake moderate islam no all their traitorous supporters,1
user user we are delivering italy to foreigners thanksstate,1
user user ong they talk but don t keep them in their home if the boldrini with all the pd bilderberg they have so much at heart the suicides of the italians 9 million poor etc then why the illegal economic migrants islamic and african don t they take them home,1
user for burns we are the danger to migrants that is we will transmit diseases to blacks we defend their health we no longer accept them and hunt them all we do it for their own good,1
user the kids did something stupid but it s well known that roma are serial liars user,1
ebbravo eu not clamor but ideas beyond the circus of fear the inexorable decline of terrorism url,0
take it all back starting just from vittorio emanuele occupied for over 20 years by immigrants and roma url,0
user having a long history of islamic attacks e g chechnya cecenia beslan school you url,0
skytg24 all phenomena with other people s money we italians are more refugees in our home than those who come from abroad,1
user force forward great in parliament against immigration day boldrini bu,1
user regular immigrants with lots of documents that work non clandestine who refuse to give generalities and get kept sucking our welfare you in the pumpkin what do you have sawing ah no you have luxembourg craps,1
mafia capitale buzzi a thousand euros per day in casamonica per guardiania campo rom carminati url via user,0
user user user and they became muslims if so well someone coffins and who is it rome vatican city,0
admiral de giorgi said goodbye if he brought them home the fakes mafia islamic refugees and terrorists,1
the gypsy world i can t call them rom doesn t come to me let s make a thousand euros a day stealing unacceptable offense to those who get up bury the holy days to go to work tabula shaved for these craps without pity url,1
user but the black immigrants are held in the hotel with everything including telephone renzi and alfano you suck,1
user indeed they are tired of always safeguarding immigrants to the detriment of the italians to advocate ideas spanned in the air about the islamic civilization to destroy the work and the rights of the job to the advantage of the finance to sell the state companies to degrade the suburbs etc,1
so you re out of your mind for a guy who draws roman clothes stealing copper,0
rt c_randieri randieri agenzia_ansa concluded in salzburg the verticeu prime minister conte on the migrants it is necessary to find an agreement later on the more we are all in difficulty,0
reggiocalabria location for the clandest immigration arrestated the riace home arrests for the first citizen and prohibition of residence for his partner tesfahun lemlem,0
have they called a emergency summit at palazzo chigi tonight for 25 migrants or 0 00004 of the italian population have we understood correctly seawatch,0
since you defend the rays so much you have something to say about the homes to give to the roma after it has allocated 12m url,0
user and x clean the vespasians when there are in rome few lack immigrants,0
user you think it was an italian who attacked would have intervened i didn t by now we are totally locked up in ourselves we are becoming selfish hyper individualists let s just think about ourselves my tweet wasn t about migrants or racism it s much worse what i see,0
user user for foreign shops are also meant the french carrefour and auchan and the german lidl,0
user that s why we have to kick them in the ass eu hierarchs and terrorists protected them,1
the new strategy of the rays banish atac and close the fields rom url news politics url,0
blitz to the nomadic camp of the favorita palermite reporter threatened with death blogsicilianotizie url url,0
user user even to immigrants and roma write everything down you are always a bit ambiguous clarity would be the new,0
user illegals are illegal when they are not immigrants not migrants is also often criminals is as such i call them,1
the city is in disrepair unemployment delinquency dealing degradation filth and de magistris opens the gates of naples to thousands of migrants but yes that they all go to naples neapolitans voted this invaded that they godano url,0
eurotax to finance migrants the eu url project they forget that just one state leader who says no and the game falls on him the smell of deflagration is getting closer they fear that italy will blow them up,0
the 19000 foreign criminals34 of the prisoners hosted in italian prisons cost 1 billion a year 150 euros a day in addition to the material and psychological damage caused by their crimes they pay the penalty at home on this theme salvini is working on,1
the victims are all equal christians jews muslims atheists we are part of the same humanity url,0
caserta immigrants on bikes overwhelmed and killed by cars i took the pirate i felt bump but i didn t understand,0
user the information dashboard published by the viminale says that since salvini has declared to have closed the ports to the ships of the ngos have landed in italy 3 293 migrants did they all have permission,0
brave congressman of the brothers of italia giovanni donzelli faces rom mesciato with 20 registered cars that is in a popular house rom i steal and i come to steal at home yoururl integral video shame url,1
marrying or having children with a muslim is the ultimate of masochism x a european woman br worse x them if they lose their children,1
the governments that banned the concept of illegality pretending that the clandestines were refugees eluded the defense of borders gave the state to the mafia nigeriana we demand the capture and punishment of the politicians responsible for this crime,0
i am tired of these islamic terrorists the world can not always be afraid of your attack we could very well do the same,1
security rom millionaires in the nomadic camps url finance blitz,0
user what is it that migrants have the eyes like who god god vomit you know what migrants have a big ass veh to have and have had an entire party servant solidarity governments that met all their demands legitimate and not,1
the pope the eu does not receive more migrants than it can integrate it is not human to close the doors and the heart url,0
geni al lavoro signed agreement common rome rome community every eviction must guarantee the roma the right to the home let s all become roma,0
user the migrant clandestine not only thief but sick and always at our expense the judge pays for the care in his own pocket,1
we denounce the government x aiding x every crime committed by illegal immigrants we are at the mercy of anyone,1
user this because he was an immigrant and immigrants must be welcomed without if and without but respecting their culture well coherent no so they must also be able to arrive isis the cannibals and we must not react otherwise we would be fascist racist ignorant functional,1
user but why if a roma says that they steal everything is okay while i say you re gon na die user,0
every time we expect a position of salvini on the prepotence of the extreme right and the drift razzista and xenophoba in which the country is heading here comes a boat to distract us don t tell that no complete of the high powers of immigrati,0
user a ship that flies panamanian flag like those of drug traffickers and a pirate ship that sails in the mediterranean to promote a fake migration of fake refugees but real criminals destabilizing our country,1
user user user user user user user user user user user user user user us italians we have to get out of the eu this fake european union serves only x to take away twenty million annually we start to expel also us all foreigners who do not have work and together they also the old politics that has reduced us so,1
i took the train to make a few kilometers black men nigerian prostitutes we didn t speak a single word of italian migrants screaming on their mobile phones feet on their seats do you tell me what integration is possible,1
rome attacked by her husband in the nomadic camp of via salviati saved by local police url url,0
user user brava take the sides of those who compare immigrants with migrants more and more far from the people reduced to work at night in the armoured montecitorio not to catch whistles put us face to face,0
milan romantic robbers without restraint and humanity they also steal the urns with the url,1
emergency refugee poop in ventimiglia 9 thousand euros to collect it url,0
here in europe we would need a milosevic to do an ethnic cleansing with the muslims we had it but good old clinton tried it,1
italy servant trampled and invaded now enough immigrants feltri climbs on the panzer act of force,1
dubai victim report rape arrested because she had extramarital sex url is islam and all religions,0
12 40 roma ldl dissociates and condemns the behavior of two follonica workers who have locked two roma in the cage making videos,0
khalidmasood classic british name iussoli islam londonattack url,0
dear papa i inform you that in rome there are thousands of institutes of priests sisters friars different schools many missionary works numerous houses of sisters of clausury and in all this ben of god the vuotus reigns would it be advisable to open them to immigrants for your responsibility,0
it s nice as immigrants have integrated among us family life is managed in the reception centers in the morning sent women to prostitute they go out to sell counterfeit goods until early afternoon then withdraw x smoking and getting drunk,1
user user these have the courage of rabbits like their vauro kompagno they know perfectly well that their black friends would be ready for any violent act against those who dared to criticize islam and muhammad,0
the holy father gave it to us today even christ was a migrant,0
this is gianni the tomato because of salveenee who does not want to land migrants of the seaeye in italy will never be harvested we can not allow such barbarism surgery facciamorete restamohumani portiaperti hamburg url,0
nt infoans_en italy unaccompanied foreigners salesians follow papa url url,0
you see well what it was used to forcefully import foreign immigrants to make us all url slaves,1
user one by one because when the israelite migrants arrived in the land of canaan they took out all the canaanites,0
user legitimizing islam under every form means to back down our thousand year old civilization era of warsanta and cancel ns civilta,1
the roma who robbed ermes set fire to the trailer to get a home url news,0
these animals calm down only by hits of taser mortaccilo they make the crazy just because they know that if the cops touch them they are going through trouble migrant steals and beating agents the goodness of the left collapses on the dear url of user,1
already 11 of those convicted of drugs come from central africa here is the map of the clans of immigrants who are taking the square from turin to potenza maybe waiting to receive the right of asylum url,1
user user muslims are already fine that we don t kick them out in the balls ste,1
gentlemen most muslims reject terrorism are url victims silence after the attacks,0
it seems to me that everyone somehow has private property politicians who buy abroad roma with 30 million urls,0
for the right men it was never easy forza salvini the italian people and with you italy deserves the change to hell with the fake refugees to hell with the united europe united only in the palace to hell with the injustices we want an italy italy,1
user user user user user user user user user user user user user user user user user user user user user user user user user user user user i know we are seeing it every day pretending to defend the rights of gays to empty the cribs so that the italian population in the long term decreases and then for them it will be normal to let in millions of muslims that gay throw them down from the palaces,1
user stations are the business card of every city those who go down to a station can t find the shit that there is today of drugged bums policemen and roma who are always disturbing anyone who has to pass us next to a meter away say let s clean up,1
scabies tuberculosis and aids by migrants health bomb url in a year and a half ong has landed over 5 000 irregular with diseases including meningitis and syphilis,0
the original sin of the defascist contract from migrants to work to explain the danger of league m5s is not enough the sentences of draghi because a government that prefers the exchange to the mediation is destined to increase the bubble of stremism url,0
user user user treasure you won t be a foreigner because i think you re not talking about italia don t for me down,0
london teheran cycling islam is not fanaticism url incredible everywhere media pressure how good islam is,0
young christians in ethiopia are led by islamists to convert to islam with promises of work education and housing aid some mines employ only muslims it is reported to acs by a local christian leader anonymous for security reasons let s pray for them url,0
islam is the qur an and muhammad the qur an is what muhammad says that 74 years after liberation the anpi has become a far left party islam the greatest crime islam the biggest crime it is historically wrong that the anpi monopolizes,1
user it is useless for you to try the percentage between the number of crimes and the number of people speaks clearly most of them are committed by immigrants this does not mean that criminals must stay inside for life no discount whatever their nationality religion culture,1
to bush school on the subway took 7 rom url user,0
user user user no you re not in that 99 apart from the questionable intellectual reference the rest i think doesn t match and as for immigrants for that 99 the issue of illegality is clearly pretentious i think you re wrong not least your own social location,0
three roma women tried to kidnap a girl that s what they did to her url url,0
this is what the eu does to refugees behind the rhetoric of salutary chatter url,0
but an embargo on the world islamic isn t it onu italia,1
feel this man these craps in this way for years invite the africans to come here and it is always as an invitation that the judges perform in an absurd and illegal manner the migrants who delinquot,1
you don t know what the fuck roma have to do with it but still juve shit url,0
user this is a wrong sillogism men are islamic terrorists are islamic all islamists are terrorists user,1
user or do we expect the competent bodies to be robbed by the same roma before they activate to do qcs,0
user user user migrants can enter user only if evangelized and without veils italy must do so alone,1
user that sucks they care about poverty division because like the state divide and reigns immigration of unemployed idlers delinquents has its purpose,1
i propose my article on the origin of the meningite immigrant url,1
soros and the immigrationist strategy the opensociety foundation has decided to appeal to the european court of human rights to put the orban strategy behind those who facilitate illegal immigration url,0
clever and inconsistent humanitarian bombs but no illegals,1
do we want to understand that you re here as a threat to the whole west fuckisis fucklislam fuckmuslims url,1
user immigrants in italy live at free maintained by italians persecuted by usury taxes,1
magliano against migrants to the support of the mayor arrive also the lega nord url,0
user user why don t you live next to your roma after that if you re okay teach us cm too you do otherwise it s convenient to shoot shit without paying pledge,0
i know certain practicing catholics who then they hate immigrants they hate blacks they hate gays they hate trans they despise homeless people they have a couple of lovers they go to whores they cocaine worse than dust crackers i really didn t understand that god they refer to,0
user israelis are wrong to waste medical resources on this human waste the 4 children of will grow up without a father while the terrorist will receive a lifetime pension from the palestinian authority of course funded by us europeans,1
attacked terrorism islamic in strasburgo strasbourg hit at the head 28 calabrese it s very serious he was near the site of the shots a young calabrian who is fighting to stay alive antoniomadetto islam url,0
rome take treasure from 30 million to five families rom url user,0
kyenge still speaks violent and anti human government immigrants must vote home they must vote here you are clandestins you would like to break so well with rights that nn expect you back in africa with them and vote them,1
user user user unfortunately not one of those migrants who referred to the enlightened who insulted salvini,0
1000 euros a month to these illegal immigrants and zero lire for pensioners to the minimum italian thanks to boldrini and company shame,1
if i take a colf or a caretaker i pay it i do not ask to share the cost to the community if the sinisters want migrants if they pay them and don t come to break the assholes to the italians,0
redistribute as cows of illegal immigrants people who hide documents and lie to the state they have to go to jail they and the crew that favored them and the seawatch requisita we owe it to the earthquakes still without money while the state pays delinquents,1
user speaks well and rockets badly you are an accomplice of the islamics with sea nostrum you have contributed to the invasion of the cutthroat,1
railway ring green band ecological sundays all maneuvers to improve air but roma fields can burn everything user,0
user immigration and canalia europe craxi 1990 url via user,0
homicide police controls at torsapienza s nomadic camp dire it url,0
the real unity of italy took place thanks to matteosalvini concepts such as terrone and magnapolenta are now desueti for good peace of the democrats with boiling liver now the common enemy is the immigration wildly orchestrated by the sinister traitors,0
do you remember the photograph with mussolini riding with the sword of islam in splendid solitude well it had been modified the horse stood still because it waxed a palafreniere to hold it still mussolini helped to hold a horse go cut url,0
user user but what ferocity is he talking about we are tired of stealing our things from social parasites but what sense does it have to exist the roma population they don t want to work but just steal and sell who defends a delinquent means that he thinks like a delinquent,1
user dear mayor a possibility given by modern technologies could be to connect your pupils via videoconferencing with a school on the continent please be aware that these realities exist in isolated areas in the usa and e u want is power without immigrants,1
at crema for years i see the same africans who pretending to be poor or refugees bother our women to have in exchange for money they have the perception that for us italians money comes down like rain from the sky be honest but who the fuck do you want to integrate s,1
user user let s save muslims from their disabling rituals each creature must be protected from evil,1
a foreign friend asked me where the other rome is beyond rome capital but there isn t and he then why emphasize that rome is capital,0
user user since you are looking for a million euros for worthy purposes why not get it out of the elimination of this inps injustice in favour of never paying foreigners delete that law,0
i don t defend murderers i want to avoid generalization there are hurry roma as you call them better than url,0
user nanny expresses to me the safety of a roma in front of my car atalantafiorentina,0
user invited to housebianca proud of the woman symbol of emergency immigration lampedusa always october,0
vicenza zone s paolo the mayor pd hunts the roma from one part of the city and opens the doors in other places url,0
war in libya foreign aid to militias the battle of tripoli continues,0
huffpost moavero migrants must be saved it is a matter of humanity the eu however is fugitive url url,0
user user user user user user user the real face of the user other than salvini where are now those who protested for migrants of the diciotti user user user user user user user user url,0
user user user user our children and grandchildren will be forced to immigrate precisely because of a lack of immigration certainly not this littered of deaths and unheard of violence but the trafficked if they laugh and are not arrested,1
there was no doubt rom zingari url,0
you make me laugh that you are indignant about the sandwiches a little bit are you the same ones who shut up when to throw the food no good are the immigrants of the reception centers torremaura fatious ticks emphasized only the bullshit and not the discomfort of the invaded suburbs,0
do you think giving italian citizenship to foreigners would help them integrate vote and explain why rightdicittadinanza follow and rt communistometer,0
user sul quran is written to kill the infidels who kill in the usa does not do it because it is written on the bible but it does because it is a criminal so let s not say bullshit catholics condemn all forms of violence,1
in the sun nomads no longer come to school for someone this is the solution,0
pontina chaos at the nomadic camp steal from the participating ostia marathon and flee into the url url,0
torre maura the crowd besieges the roma we are not leaving we are also willing to set fire to the palace url,0
caporalato in latina migrants 10 hours in the camps to collect kiwis for a few euros,0
from your side but the roma looking for work in italy work these are gypsies who have never intended to work,1
papafrancesco surprise visit camporom in rome enthusiasts take selfies with latest generation mobile phones stolen poor refugees,1
from minnesota to libya to italy and spain the new cradles of jihad terrorism user url,0
the maltese coast guard has intervened in response to the request for emergency medical evacuation launched by the ship openarms more than 300 migrants remain on board waiting to receive instructions on a safe port where to land them evacuated a newborn from malta,0
i recommend you continue to let the illegals in so that the terrorists do not enter italy like this terrorism,1
barchino of migrants tries to get row in sardinia,0
what is in the decree immigration and security according to the anticipations that circulate including the two points that could be unconstitutional url,0
psychosis and legends gallop on facebook attention to the truck full of roma next to the url,0
we are looking for three roma for the theft of the chinese girl in rome the roma all present in europe url,0
user a mello i 35 x the number of immigrants how much he does if they fuck their bastards,1
fifty colonna also in gallarate marcato nn do nothing but get drunk muslims,1
the boldrini lover of migrants let s send her to the front row in libya this loser now she does damage to the room with three votes taken fankulo,1
omnibusla7 is right the subsegr 5mld for migrants found themselves to please alfano and eu now 8mld for the rdc for italians aren t the enemies of the country are inside and in the studio you have some bossi is boiled and indecent but la7 x give on the 5s would also quote riina,0
racist aggressions against migrants reported 3 students in the frusinate and for one time are students but have you asked why the year has been done,1
kyenge violence in italy has not increased with the new government but with the uncontrolled immigration favored by you insecure cities not for chinese filipinos egyptians but for nigerians congolese and all those who devote themselves to drug dealing and prostitution,1
cow executioner interrupt drhouse xk muslims have nothing else to do but kill people but fucking xk don t kill each other,1
cesanomaderno pm10 beyond the threshold also in cesano the restrictions to the traffic vei url,0
user woe to tell those who user is dishonorable that the emergency migrants does not exist etc,0
the messenger chinese student died in rome stopped a third rom url,0
user e va well mica said that gays are sick or that islam is intrinsically prevaricating and source of all evil etc etc etc they are preparing for the half moon of the future labour and fucking the greedy jews with the nose aunt with blessing of windsor house in via di apostasia,1
user always moroccan islamic delinquents always they can t take any more of this folk get away from italy,1
the shitty left has lost the election and has virtually died because of iussoli and immigration in general now while the country is shaken by heinous crimes committed by immigrants what are they aiming at immigration and lonely ius either they are morons or they are puppets noiussoli,1
i don t rent pregnant woman attacked by immigrant group inhabitants now let s start doing the url rounds,1
but why there is still the rom camp of scordovillo strange because the mayor had promised to clear it and url,0
you asshole no racist great lady lite on the train the passenger silences the young man who insults immigrants on board user url,0
invasion continues landed in pozzallo another 200 illegal immigrants only solution is the naval blockade to stop departures stop wasting time url,1
many ask themselves what is salvini doing with di maio answer if they send to the attic the decrees on which he put his face immigration and security and if the maneuver does not enter the measures that the league considers indispensable then salvini will come out of government and will be url crisis,0
user look turn on your brain please what you tell is serious but it s quite exceptional roma don t want to work steal and annoy passers by if you appreciate them take them at home,1
user user user user no romanians are the inhabitants of romania roma are nomadic people from india,0
user user user never said to let them die but not to let them go don t upset the words of user that is much better than you buonists url your friend buzzi capital mob said you earn more with migrants than with drugs,0
user user and i add xk user nn did it x clandestine rom iussoli foreign criminals eu and words words,0
how to stay illegal under the law,1
here warsaw with the representatives of the polish government i found a great harmony on our issues on immigration on security on the idea of europe url,0
the old rom must be poisoned the offspring royal stable must pay,1
immigrants invade us and we pay to bring them to us,1
piazzapulita until politicians claim to have to defend the roma and people say that gypsies steal i think governments will never solve the problems of this nation they exaggerated with polycally correct,0
user lislam is not a religion but a way to justify the violence of a pack of medieval shitty are you a rapist killer racist hate anything you breathe and torture animals then you are islamic,1
user in front of hospitals and supermarkets 1 times there were gypsies then moroccans then the others were added in a while the back of the camel breaks,1
group of nomads assaults supermarket surveillance officer url,0
try to cross the border young migrant dies starved between italy and france,0
user user jeanasselborn is indefensible he has repeatedly interrupted the minister user by arrogantly quoting the italians who emigrated to luxembourg paragon that can not be established among our workers called to work and fake refugees merde altars is only the cherry cerise url,1
italy libya agreement reached on migrants oil and terrorism user url,0
united nations wand italia you must give a home to the roms url user user user user,0
user user your left who is racist has tried to subdue the italian people and bring them to extinction thanks to an uncontrolled immigration composed of a majority of criminals remove their eyes the pd is a racist party if you deny it you are a racist,1
user user user user with so many italians who do not care who are homeless and work who may not even eat normally but taxes pay them we must keep foreigners who will never synthesize these migrants do not pay anything and have much it is not logic,1
user user user i don t understand why there is pity only for these immigrants rather than for many italians who are in uncomfortable conditions instead of helping many unemployed italian boys this is racism,1
in the first two hours we discussed with profs about immigration and now there will be a meeting with some immigrant kids and this thing is amazing too bad there are xenophobic and racist in general in the fucking school,0
the roma who robbed ermes set fire to his trailer to get a house i son of a bitch well understood what to do x settle down,1
user user yes because he does nothing of what they want from immigration to the economy but he does what italian citizens want at last,0
user user this fascist government is only trying to patch up a communist government that has allowed illegal illegal immigration doing illegal trafficking like the mayor of riace you obviously defend since the word legality doesn t know what user is,0
user who doesn t know islam can not understand but be quiet not even a billion 700 million muslims understand the west and that s good,0
paolini other 1302 refugees in the province of pesaro 24 hour presidio della lega url,0
user i know i know people like soft people pacios those who say it s okay even when you re going to die i understand the problem is that everything is being demolished here and the attention is only on the fucking migrants,1
rome a japanese tourist is surrounded by 5 roma three of them seriously injured and two on the run attack mirato url,1
triton triples the funds but the cucumber immigrant always fucks the ortolano italy,1
the agreement between italy and libya on url migrants,0
egyptian tv the conductor i hope sharia is implemented ovunque is this terrorist integralist fundamentalist no it is the classical muslim moderata they tell you in the face more clear than that but the beautiful souls deny they know more about it than the muslims url,0
what s your opinion about what s happened if i understand correctly two roma have been locked in a url,0
but the refugees first url url,1
if it s true it s serious these people even if nomads must respect laws and agreements just excuses,0
just look at the slow inexorable change immediately from countries like lebanon or egypt where before islamization women went to the beach in costume you have to study and inquire islam nn is our future it has to be fought and yearsnt 0 url,1
if we start thinking about ourselves to napoli the ukrainian shit didn t come down from the train we went under always more consalvini url,1
the bishops of france and germany every child even migrant has the right to live and play url googlealerts,0
the famous roma culture so much appreciated by an unleashed crazy woman named user here in all her fulg url,0
title following the funeral of the suicidal migrant the suicidal migrant was called was 25 years old came from nigeria graduated in chemistry he threw himself under a train after he had been denied political asylum he killed himself because of a criminal policy,0
italy invaded by illegals that s why,1
rome chinese dead no prison for the roma who robbed it one is already free url,0
user user user user user quiet in the future everyone will have a radar that scanning a person will be able to determine whether he is a real migrant or not if not i a priori would not have signed a dick but i understand that this government is like sugar to get shot,0
there is no good islam the qur an speaks clearly kill the infidels as long as they are in the minority they pretend to be friendly tolerant cooperative when they are in the majority they will distract us by all means they do so on the order of muhammad,1
because the attack in nairobi traces the line of terrorism in kenya in an analysis of the cesi we try to analyze the rooting and transformation of jihadist terrorism in kenya starting from the last attack in nairobi on 15 january,0
user user oh but you are all that trial and penal code but who defends the gypsy underground roma are you dear,0
the promised refugees this marriage knows how to do it would seem a parody but i didn t always think that reality surpasses fantasy and every day i have proof of it,0
user rom let us not deceive ourselves they will never change they do not want to work and are willing to do anything to steal money their god is money and they do not listen elsewhere i am sorry for the clochard,0
evening corriere nomadic ventenne stopped and minor denounced for the death of url pagenew pre,0
france all muslims outside europe and certain things would not happen,1
we are talking lately about how much the 180 000 migrants of 2016 cost us and someone estimates in 1 billion euros url,0
user what are the rights of italians only duties the rights only for immigrants who slaughter italians for good,1
migrants agitate the government count vs salvini,0
i m sorry for two reasons the first is that merkel sends back all the immigrants who have arrived in url,0
the muslim terrorists are the same as you shame on you you are the most evil and wretched woman in italy you are the ruin of italy,1
and they re on the increase 205mila the complainted or arrested foreigners we import criminals 30 of the crimes committed by foreigners url via user,1
save those who can come to rome other 8000 migrants the time calcioasroma url,1
user no there are many buildings in disuse use those and reapprite foreigners in the patriae galere,1
with that satanic face it is necessary to drive all these muslims out of italy and those who threaten us,1
reception for migrants no thanks petition to cava de tirreni url human rights url,1
renzi immigrants can t welcome everyone in puglia or in sicilia url url,0
user user why did you dare to beat her pirla next time come first from the atm take a substantial sum and offer it spongishly without trying to steal it at the rom on duty only so you can frey of the name antirazzista,1
user see how he censors the thousands and thousands of deaths with that beautiful serious immigration control of the civil countries of the world you are a sleazy hypocrite and in fifty years when we remember all this the first name in the ranks of the executioners will be yours,0
un shock plan for italy 35 million immigrants within the url,0
you don t have to close the stadiums for some violent fan they can t pay all the decent people matte replace stadiums with ports and tifoso with migrant and voila,0
state police images comparing the bullets fired from the terrorist s gun url,0
many sounds of baby in rengo pure in sweden in britain 1500 adolescent for years by mussolmans and the authorities including our search to hide the crimines of immigrates url,1
a future submissive woman who wants islam because no christian in every sense buggers her in every sense stopislam stopinvasion,1
thanks to the 20 million italians who delivered the country to the worst scum of populism immigration don t complain,1
user user the dignity of the italian elders i would just like to recall the words of roma interviewed a few days ago we steal from pensioners because they must die better to us than to them you must all disappear from our lands infamous,1
it takes a firm wrist with the intervention of the army ready to fire other solutions such as round tables balloons goodness to the dick chalks are useless against the delinquency of foreigners and if the left opposes stops for aiding the crime url,1
so there are immigrants brought aboard the ngo piddines thanks to an agreement signed by renzi is given food and lodging by the coop piddines humanitarian permit then kill a girl in a building of piddina property right now protest with salvini,1
hello guagli today is the day dedicated to migrants who died at sea molinari s peace totem url,0
still bomb alarms all over italy now it is terrorist psychosis url,0
historieitaliana since ngos get results for migrants because they do not go to the recovery of italian families in foggia and in the other numerous realities all over the country surgery,0
rom and synti are few but do damage like the 7 plagues of egypt it is time to stop keeping them and allow them to unpunished delinquere always after dozens of arrests and complaints thanks to complacent magistrates who in their golden discretion never apply the maximum penalty url,1
minister salvini visiting naples for the escalation of violence in the vasto district an area with a high percentage of foreign immigrants,0
they do anything not to say he s an islamic pig,1
just all the immigrants you know how we are better and we take back our url italy,1
user today more than ever i think of you than cherry season and all the civilians of istanbul victims of terrorism i embrace you,0
migrant drunk crazy and undressing in the middle of the street here s the cultural vanguard of the left they don t look for work they don t run away from the war fenicenews24 you can see the video url,1
how much does your citizenship income cost mostly for immigrants and roma and where are the covers url,0
user user user user user apparently the islamic black male fancazzisti like 5s,1
not all muslims are terrorists but all terrorists are muslims,1
damn radical chic who with their hot ass in their luxurious penthouses demand higher wages for workers the same rights for all and the reception of migrants,1
user user user so they also terrify the order s forces,0
italy s firmness against the invasion of illegal afro islamic parasites is now known worldwide and everyone talks about it faced with the pdiot vulgate that immigration was an epochal phenomenon impossible to stop the demonstration that wanting is power,1
after cutting people with disabilities renzi gives asylum seekers a billion,1
the government deals with immigration we recover boats near the north african coast and take them to italy enough user,1
user i don t believe that and i also believe that few people would stop to buy food at two roma,0
the country near us says enough too many doors closed to immigrants,1
user user because italian the roma and all immigrants are left in peace,0
user and what will happen to these migrants in the middle of the street to delinquere is this the security decree,0
only a new crusade can save us we all know but we don t want to admit it with islam coexistence is impossible piazzapulita,1
poor roma always tuscolana parking lot in front of a url near roma camp but i didn t know it turned out broken window to steal car pieces and tried to steal the car,1
user instead find the square meters of the house of user to accommodate the rom user,0
user user user really stupidity in italy and incredible santanch critics is woman because she stays with an islamic,0
but do you remember when the sx and journalists their friends said that it was impossible for terrorists to arrive with boats and now everyone is talking about this problem who are the worst assholes,1
today has written a day of violence where islam shows its true face how many more victims will we still have to cry awake,1
user user no but there are millions of african economic migrants who dream of our plot of land equipped with water gas light and tv for free and make 8 children as the koran says it s the vuala class struggle,1
user this jesus did not exist but comparing these migrants to jesus seems excessive to me some of them are decent but many are not who commit crimes to beat,0
here is mario giordano s analysis of the hoax that immigrants pay us the pension it is we who pay pensions to immigrants who have not paid the contributions to listen and share url,0
more and more disgusted by this left boldrini pushes immigrants saviano continually offends a minister kyenge founds a racist party and renzi faithful and comrades do the morale and want to teach us how to live i look forward to their total extinction,0
stop islam it must be outlawed magdi allam in libero so it will occupy italy url,1
you have to open the gates of the refugee camps to allow migrants to join new societies papafrancescothey go home of course url,1
medicines 4000 typhus vaccines and 1000 tbc tests at asylum centre sicily 2,0
user user repatriating them immediately is neither a right nor a humanitarian duty to welcome climate and economic migrants let s write it in clear letters also because in italy there is neither work nor home nor well being for italians who is poor can not keep other poor to free dear pd,1
bassetti the problem is not the migrants but the job that is missing,0
don t learn from all the injustices from socialist and crazy europe from the bestiality of the exterminated immigration of the illegals is equal to the acquisition of reason or compiacenza delirio docking in italy of the diciotti was desired by m5s 90 clandestini in italy url,1
muslim europe in 10 years we impugn the sword of faith url,1
reggio calabria assault and robbery at all details about the arrest of the two roma photo straight web url,0
rt user almere holland s most multiethnic fortress of the right anti migrant url,0
user they re right to be worried before the problems of migrants were just our dicks,0
migrants and roma between reception and discrimination 10 march conference at the mamiani in rome url url,0
i wish you a gang rape from your african friends,1
we have to start hitting all muslims because they re terrorists you re sick and you re dumb berlin,1
user you are without shame supporting the slave trade for your interest by supporting those with slaves he yes he earns it together with african mafias no refugees come but thugs with latest generation mobile phones just take them to your home buffoons,1
user they want to import islam into europe because as an opium of peoples it is the most powerful no religion controls the people and destroys democracies better than islam,1
on some textbooks such as meeting with history published by mondadori there is the exaltation of islam an example here it is the success of the arabs depends on moderation and tolerance no mention of the negative aspects of a religion that in fact denies all url integration,1
user i ll tell you how to do it out gypsies roma sinti and shit varia via clandestine parasites so all bomb in montecitorio,1
user as long as the muslim is at the white house isis nn will stop,1
because an exponent of brothers of italy converted to islam launches a newspaper dedicated to the italian muslims where we talk positively about ius soli and the opening of new mosques dailymuslim fdi melons welcome iussoli ilprimaton url,0
user user the octopus also has the art in hand indeed the artist now has to find a place worthy of the intelligentsia also to all migrants who has accepted or better that has allowed to enter italy future voters pd these present the bill,0
seeing the states against the roma and then being on memory day you really give me goose bumps phenomena,0
user user and the roma moved to suites in the center of rome with caviar and champagne shame to exist,0
user user and many will arrive in italy as 1st landing point corns and bunches enough renzi alphano stop immigration,1
bibi has not been influenced by world fucking communists obama europe etc it has won and now ahead with the annulment of islam,1
user called islamic violence why don t you use the terms used to define this strategy of innocent christians islam is violence islam is criminal,1
the right to a home is not the right of foreigners to raise it to italians but the lack of investment on popular homes user quartarepubblica,0
user user user with the ass of italians not those who live at parioli that the only migrants they see are the filipinos who clean their homes user,0
rom takes family assembly from the community of turin can a bel tresoret of 420mila euro and are not the only cases discovered in these years,0
after yelling allah akbar we can still say that islam is a religion of peace and please don t tell me that i am the extremist url,1
the five stars at which it lands even more than in salvini the ground under their feet try to blackmail him on the security and immigration decrees to force him to face together on tria to extort at least the income of citizenship without the implementation of which they are lost,0
user user sure and all those guys who shout at you without doing anything we have to keep them,1
children of evil dictators and human rights,1
the corriere arrested the mayor of riace domenico lucano for aiding illegal immigration this is the man to whom the rai of pd dedicated a fiction this is the way the pd used public taxpayers money,0
alankurdi i continue to argue that it is urgent to establish strict norms on ngo activity and their ships they are only altering international balances and meanwhile exploit migrants but no one has the courage to admit it ong trafficomigranti ue url,0
user user user user user this immigration has been an invasion and for me it s no small thing to have blocked it and it costs us a lot of money we wait to see the financial and if it is possible without giving us the cross on us,1
news ultimora salvini after the roma via the social centers url,0
rome terrorism alarm what s going on i warn you url,0
some roma guests at this gentleman s house in unlimited time on the other hand with the interesting salary he receives seems to me a good solution,0
italy of renzi and the one without work steeped in the crisis of values crowded with illegal migrants with more rights than italians,1
user user more than cyclists will pass all nomads and shacks living in the area,0
maybe not everyone knows that baglioni has also given a home in lampedusa to migrants and not now but a long time ago it has always been spent concretely towards the last for the record ottoemezzo,0
the same jesuits as the user who welcomed thousands of migrants with the sprar italian taxpayers funds url,0
president mattarella you are absolutely right no one is above the law so the state borders must be respected the illegal immigrants must be blocked the traffickers of human beings arrested the terrorists judged with salvini you are defenders of italy thanks,1
germany last now it s risk civil war regulatory migrants and german citizens protest for the number of crimes committed by irregular foreigners with street paper or refugees parliamentarians are the majority against merkel risk colpodistate url,1
user but there are also many muslims who convert only that they risk big talking about it around url,0
at this rate they will signal a roma field in front of st peter s url,0
someone asked me a while ago what do you think of islamorato here s to you the answer brigittegabriel asphaltes the theory of political correctness that islam is a religion of peace because so many muslims don t explode max sharing part 1 islam url,0
this generation of teenagers is fantastic they will save us from disaster and teach us to defend what counts rom racism torremaura url,0
erostraniero today launched the campaign to change the story and the immigration law the goals i want to url,0
if muslims think of bringing holy war to italy all that remains is to block islamic immigration until the ideas have been clarified we will defend our christian roots from the islamization of europe if they make it a good and sultan reason of half the world url,1
user user mrs doctor at this point would be to be transferred to those emergency room at night of remote villages but full of immigrants where in order not to be devastated the women who work there must be escorted by husbands or children every night see how she changes course,0
however i take the opportunity to reveal to all of you a secret terrorism has no religion no origin no ideology,0
retweeted agi agenzia italia user how many roms live in rome url url,0
user is out of his mind islam is the koran anyway and everywhere and koran and incompatible with freedom it is incompatible with democracy it is incompatible with human rights,1
christmas mass ended with invocation to islam grab all together with the rope of allah and not url,0
eight and halfthe others are fighting in iraq in syria we chose the mediterranean to gather all the terrorists at sea,1
the madness of islam and they are invading us with the excuse of immigration clandestine,1
objective zero roma fields well who wants to integrate but i am stufo to waste the money of italians to keep those who behave badly url,1
user there were no immigrants except the southern few we all spoke in dialect no thieves or violence another world,0
islamic repentance confesses in italy army of jihadists landed with pd governments only yesterday some of the pd said referring to the 49 still on the ngo on that ship there might be a next nobel prize yes of course a nobel in massacres and terrorism beautiful slap me,1
user in what hands are poor italians all the islamics who are in italy are in favor of l isis spain is closer than us,1
if they do not stop the landings and sign the globalcompactformigration is a green light to get invaded the government should understand that its consent comes from the uncontrolled immigration blockade user user user noglobalcompact,0
user in all senses i m not a rom but it s just the corrector of the phone,0
user user you re right we let young people go away that we trained we let semiliterated people in who have never worked and we make ourselves morale by rude and arrogant foreign journalists url,0
neri rap i don t pay rent rom rap we steal everything ma u n bel rap we italians send them fucking with the boat no i already have an idea,1
do you know what i want to do to violent immigrants don gigi the vigilante priest also with islam,1
feminist heroine who comes from islam on what unites the pathetic western feminists and jihadists dear candid italian souls who read nothing make it a url reason,0
here s how you do fake documents for terrorists in italy url,0
diciotti 42 migrants ready to form a civil part salvini medals politics url,0
justice for and no more immigrants drugging and killing our children user user user user user user user user user user user user user user user user user user url,1
user user the trafficking of africans should be deindustrialised and made compatible with the rule of law,0
to hear that against terrorism we must have more respect x human rights knowing that x human rights intend to tolerate the horrendous degradation and imported crime makes me horrible but enough propaganda to the arab africans enough noglobalcompactformigration,1
user but only to look at him you understand that he is an old pig pederast understand who are the men who regulate and dictate the rules of islam the great fallaci warned us and she knew well what he wrote,1
ddl di calderoli the islamic veil and lapology of sharia become a crime do you agree url,0
user i ve read so many critical comments from idiots baby of idiots you understand that you re immigrated to them by paying and keeping for what toglier us rights distructing millenary traditions and also at no costs but that you ve smoked baby of deficient communists of face,1
new roma camp in north rome roma give us a word in council url url,0
i am writing the first book with user on the immigration chain and i came across this video do you remember the 629 migrants of the aquarius of user and user who after the closure of the ports of user in june were brought to valencia url,0
hungary attacks italy on migrants continues to blackmail us hungary attacks italy on migrants url,0
rome the city puts families of italians in the roma camp abandoned by all url,0
in the meantime other pseudo ongs have been born looking more at the pocket than at health they have expanded the donation horizon from 2 they have gone to cry for bequests 8x1000 remember them in p ong organizationsnon garant but depraved roma on a planetary level soros,0
bono al nytimes u2s don t bow to terrorism and return to paris u2360gradi it il sito italiano tutto url,0
was the poor unarmed refugee killed in fermo part of the nigerian mafia,1
i take trains and so far i have not had these problems but the regionals are full of immigrants each regional should always have 2 carabinieri on board,1
the raid of 30 migrants to the market they eat everything without paying url url,0
emmanuel macron france s immigrant room with an impacting spray do you still have the courage to morale us,0
user user user you must circondarls and met them to death ovunque find them kill everybody where you find them look for the nemics of islam without stop sura 4 90,1
piazzapulita the sadness is that they are there to give political lessons on the net4 the nigerian mafia at castel volturno but poor devils you do me pain,0
user this should make us understand if need be that they islam do not give up a millimeter in italy they invoke freedom of religion of thought etc all lies when they have the right numbers we will see if we do not integrate to them what they do to us poorinoi,1
men x fight women of labor serve read the koran and you will believe me dear believers faithful realize you to islam burka firmati color unique nabellezza it will be a nice funny sin we could live a little tranquili but xk a part of italy hate us,1
are you still of the idea that using violence doesn t do anything against the filthy rom and zecche s url,1
remembrance day a convention to remember the genocide of the rom urls,0
tradition and modernity to the international day of roma and sinti good morningregion user user url,0
the un must be destroyed immediately the attack on syria by france and israel to support islamic terrorists is a criminal act the un supports the crimes of saudi arabia the invasion of europe by africans etc,1
those of casapound recognize them from the courage they take it out on the roma then as soon as they see one of the sword clan they set at 90 torremaura,0
without the migrants salvini today would still be in pontida with the magic ampollina spitting shit on the terun let s face it url,0
eurotax to finance migrants the eu url project,0
from monfalcone where 70 italian children of foreign origin have remained outside the school of childhood w the public school place of dialogue and democracy,0
user user migrants out of the balls in sardinia only you want them,1
business rom in the scope of the procura coop e politici newsrss24italia url,0
m5s in favor of the roms if you make me piss off i sweep botilia in suit familia a gift of races of 12 million url,0
cardinal robert sarah stop immigration or for you it will be the end url,0
elections orders advocated son of african immigrants studied in naples and graduated about 6 years ago url,0
user user more rights have immigrants roma criminals italians can also die,1
they re getting away from the war for a better future and they re choosing their destination but how do they get so stupid to believe in these invasors what s going on between the libyan army and the migrants who refuse to go down to misrata url,1
rome capriccioli radicals roma and refugees while raggi looks at the finger of the rummaging resolutions url,0
salvini islam is dangerous they are ready to kill us and after these statements those of berlusconi seem like a great statesman,1
you are amazed at the terrorist attack but it is still not clear to you that the purpose of the islamic religion is to conquer the world,1
here i would go to see the tons of flour that between highways garbage business and watch happens migrants have already split pretending to contend with the cakes of the joints to understand why the twins right and left club anyone who approaches their mills,0
bufala russia roma eunuch sentenced to surgical castration for raping a url url,0
maybe i missed it but she lives on the service done at bari because i guess she never said rom camp,0
invests and kills a migrant by bike stops but risks lynching rescued by police,0
mannheimer survey how many votes do pro migrant mayors bring to matteo salvini,0
user user user user i say instead that religions all of them indistinguishably are deleterious and have always hindered scientific and philosophical progress dogma is a prison for the mind wherever it comes from and the dogmas of islam because we want to deny it are the most rigid in absolute,0
put a cap on this leak l islam is a sinkhole that swallows everything salvinidon t let go stopislam stopinvasion url,1
if the anti racist icon of the french left is a fan of terrorists url news,0
against suicide terrorism there is at times little to do against those who claim it all hamas,0
user you have reached the point and none of them cared about the migrants of the diciotti who left around italy infected with scabbia much less the pm that had launched the alarm url,1
tantenti per gli contratti nei campi roma chiede il defermente per 17 perchiati url,0
user user user explain to me why do we all have to break our cock to work to pay for our homes and to them we have to give everything for free so you admit that roms are the parasites of our societies in europe,1
beautiful rome roma gang asked him for lace for 2 years exhausted restaurateur kills them with gunshots url,1
user user and always thank that muslim and left pope against italy for the legalized invasion,1
agorarai pd has brought in an invasion of immigrants who knew well that it is almost impossible to return because the countries of origin do not want them because they know that they are all criminals and say keep them url,1
the worrying thing is that italy is full of muslims and what is happening in paris could happen at any moment,1
from your side the roma are romanians the nomads move and we would also have resources for them who delinquency here daily,0
rome bribes for contracts on roma fields asked for the trial for 17 url people via user,0
user kill the islamics first of all,1
we talk a lot about legality but it s the lawlessness of the system that leads to the spread of the terrorist plague url,0
we do everything for integration but they send it all to the macero chaliehebdo islamistheproblem france another dead cop,1
the migratory invasion is a trojan horse europe and the politics of the left do not believe the cassandre for this will happen the end of the old continent in favor of africans and islam,1
there is no invasion of migrants in italy there are 500 or 600 thousand illegals if they were regularized we would realize that they help the country pay the contributions and do good for the economy user cartabianca url,0
france belgium holland germany now is the turn of sweden 1000 swedish yellow vests in front of parliament in stockholm protest against immigration and growing poverty in europe there is a revolution going on against the eu but the italian media are not showing it url,0
rome round of bribes to pilot contracts on roma fields 13 a url by fattoquotidiano via user,0
user it is absurd how there are italians invoking with anger the eviction of families of other italians to whom casapound gave a saying and defend hundreds of places of drug dealing rape and degradation occupied by immigrants you would deserve exile from this nation,1
user grande salvini we re all with you and we re a lot of people continue so that you re good at fucking all your shitty immigrants and fucking pd continues so you re all us,1
salvini i won t even give half a mosque the islamic declaration of human rights says that woman is worth less than man that islamic justice prevails over italian justice islam is not compatible with our freedoms and values movimentonesti url,1
sassari amnesty international annual report in sassari from migrants to torture to the culture of url,0
they propose the guarantor of the rights of migrants good good initiative to be accompanied to the guarantor anti waste in the centers however,0
user by now it is established that those good and prepared in italy are all disliked instead the ignorant are nice as long as they are not black and muslim and usually foreigners,0
user after hundreds of attacks on christianity by muslims the attack in canada moves all hypocrites,0
user user according to 3 4 immigrants take advantage of the situation in italy having more than one italian the problem is,1
fifth column all the italian or foreign roma because we do not send them to skopje macedonia city of the roma where also the mayor is roma,1
user user among the poor people as you call them there are terrorists rapists drug dealers affiliates of the ruthless nigerian mafia and criminals of various types or do you really believe that africa has deprived itself of its scientists to give them to us,1
children raped by dozens of immigrants and then killed user user user user pc user user user user user user user user user user user user user user user url,1
user a user only affects those in italy especially migrants italians later,0
user user listen cool we don t give a shit about foreigners if they re integrated ok what we re interested in is get out of this european sewer hunt all these clandestine niggers busy and stand on the side of the government since you re paid for this,1
user and start the propaganda season pro migrants to unified networks i always ask myself a question though why do these people keep making children if they can t feed them how many children does he have 31 and how many wives 5 and everyone laughs happy,1
the migrants who arrive with ngos who claim to be 16 years old and who have suffered terrible torture in libya are the same ones who in front of bars with smartphones headphones napapjiri jacket and adidas snikers ask us for money because they are hungry,1
user apparently not however scotland yard talks about terrorism but nn says what matrix,0
foreign women being a mom is a risk lack of access to therapies and diagnosis linguistic difficulties url,0
the toxic waste in italy migrants and the mafias laugh shame aquarius,0
user no islam is not a religion of peace but rather contemplates acts that our laws and our constitution consider crimes and physical persecutions the italian state can not allow the expansion of this cancer moderate islam does not exist because it would be sacrilegious url,1
first of all this terrorist tick gets rid of all its family members since already arrested immediately executed staseraitalia,1
this place i because being neither immigrants nor black nobody gives a shit url,0
malta two soldiers accused of racial murder shooting migrants just because they are black one dead and two wounded,0
of course the eu are weird the migrants would pay us by weight of gold to make them land only by us they just don t know how to evaluate these resources 659 it s a good thing that we here have the pd who knows more than the devil,0
rom secrets make children like rabbits and become untouchable url,0
piazzapulita the carabinieri have advised me not to report to rom who robbed me because they wouldn t do anything to him anyway,0
we have a boat the ship mediterranean user has left and will carry out monitoring activities testimony and denunciation of the dramatic situation of the migrants who risk their lives at sea in the absence of rescue we support it with donations url,0
milan dozens of immigrants occupy a stable and the pastor denounces them url url,0
drama wrinkles news brumotti s tragic move assaulted by ten immigrants ends badly,0
user if the mayor of riace had worked for his citizens with the same commitment to migrants someone would have stayed instead of fleeing 100 people a year leave riace to go to other municipalities,0
another nine million foreigners poor us the moroccan thought well to have children with an italian the clever fifth column,1
hello those who offend the inhabitants of torremaura by turning them into racists or uncivilized because they threw the bread steady gesture cmq know however that nothing they said or wrote when hundreds of immigrants threw food on the street because for them no good,0
child of middle school shows more wisdom than politicians mind minions courage and maturity to sell theme we are all foreigners unalunna rebels no borders and flags exist love for the patria exists melons a patriotaurl,0
melons are you italian citizen poor roma or sinti you line up like everyone else for url popular home,0
milan with user we celebrate another family in roma in the house time barracks finished that of the school url,0
user user enough with immigrants live better than italians all this doesn t make sense only in italy,1
at foggia six roma arrested for forcing three minors to prostitute themselves for sale for 28 thousand euros even the baby of one of them remove immediately parental responsibility to these beasts and put them all in jail without if and without but toleranzazero,1
m5s compulsory vaccines roma to protect at the expense of citizenship no to mother father on the identity card genital mutilations paid by the state will not vote for you anymore even relatives,0
why changeover want to come to the global compact migrants un user user user no to the global compact migrants you will invade please write to the government in salvini a di maio stop url,0
mafia capitale 13 put to trial for contracts on nomadic fields roma fanpage url url,0
user user user i have been asking boldrini for 12 months how many migrants he has welcomed at his home but he has never answered very strange with so many she has not chosen a group of these refined and willing people it depends on what,1
8 africans attacked an unarmed italian girl there was no reason the attackers wanted to beat her and her boyfriend immigrant criminals know that they can kill and delinquere as much as they want the globalist left gave him the license to do it url,1
oh happens to be berlin s terrorist was in italy,0
the father and granddad gave to the cocaine trade salvini exults the family of the baby rapper rom video url arrested,0
human rights strangely they are only x foreigners if they are arabic africans the world moves isn t it that we italians are subhuman italian lives by car in the country that hosts 28 refugees in hotel url,1
iuventa if saving migrants is a url fault,0
they broke their dick with all these terrorist acts i m ready for war,1
the mother of relives the drama enough with drug dealing migrants they are the racists not the italians url,1
some say i shouldn t say it but i say it the two delinquents underage come from a rom camp a place of illegality and degradation that raise criminals and that in italy i have in mind should not exist url,1
user we are and would always be international with 11 foreigners on the field we are international we do not vouchers next door we respect foreigners we do not exploit them in the plantations and we do not get caught x c or by the goodness of begging,0
user we do this not for humanity but because we say do we have to believe this that one day these migrants will save italy,0
this is the criminal who shot at condemning him to a wheelchair at 17 years old this is the cancer of our country ignorance degradation in all its forms tolerance towards protection bullying widespread lawlessness other than migrants url,0
user ruspa italy is in the hands of foreign jackals who don t care about ruining it,1
when the beautiful strabact for italians do not money us they have been received to url immigrate stresses,1
user ed went to milan for a very specific reason since the 1990s it has been an important logistics center for terrorism,0
even the roms in roma have been robbed but think that ganglia that there is in italy quintacolonna,0
many of our press have ignored that most of the syrian rebels were not unarmed civilians but terrorists urls,0
user user the italian government has made it impossible for the ships of the ngos to continue to save the migrants in the mediterranean sea false false the italian government has made almost impossible x ngos to land the naufraghi in our ports point save them and take them somewhere else,0
pirelli is chinese and italians are more and more foreigners in italy now you understand why they come first non eu,1
the produced welfare for immigrates is indecentive popular homes subsidies kindergartens baby bonuses income support is directed to foreigners and not to italians in difficulty this system is re launched my report to user url,1
in italy 15 migrants landed in malta salvini opposes no to new arrivals,0
pasquadisangue srilanka islam religion of death we ask the italian parliament to vote on a law that balls the islamic religion as it violates human rights and the italian constitution islammoutlaw cita tweet,1
san biagio panettoni for refugees arrive in milan primapaginaitaly url url,0
crotone like castelnuovo the migrants driven out by the cara greeted by the citizens to see my son grow up with the little is the greatest satisfaction this is tomorrow s italy url,0
the family and the householders coursesperfezionation between risk and guard the psychological and clinical work with the foreign minor with experiential workshops to show the work on the field info dott barachetti 3316903029 inscriptions url url,0
campi rom rocca si alla chiusura ma no a casa popola la junta raggi annuncia la url,0
viminal hires only for immigrants,1
user yes but the immigrants did not come here to work apart from the tomato harvest what jobs would africans do would you hire an illiterate sub saharan neither would i,1
dropmire is a surveillance program of the nsa aimed at the surveillance of embassies and foreign diplomatic staff including the allies of the nato 38 foreign embassies under surveillance some of which already in 2007 surveillanceglobal url,0
yesterday i saw a friend who took the trouble to read the koran he told me that he understood many things koran read this stuff giordano fury against the sacred book url,0
user no thanks i prefer to live and anyway the only way i see a roma field is this url,1
user user no all filo immigrant poor welcome them fuck them they and their worthy extra legal companions,1
australia lection of civility to all the west muslims who want to live according to islamic law must leave immediately,1
roma primavalle roma robber baby arrested it was the terror of url neighborhood students,0
neo nazi movements read down by the ideological putrescence of the left and the madness of their islamic allies,1
egypt gentiloni interreligious dialogue response to certain terrorism url url,0
user roma is full of roma without kurdish documents craft stealing begging cheat next because we don t make a nice clean na,1
the very strong outburst in the firm of the legal representative of the roma in italy and the resulting putificio do you think there is a civil way out of this situation now at drittoerovescio on rete4 url,0
user user minister you have to provide for it now separate christians from muslims at least here they must url,1
user user there is the mayor who puts planters and there is the mayor who makes orders against the roma if everything is the same for you,0
from your part dear lady unfortunately in italy the decree of expulsion foreigners use it as toilet paper ask librandi,1
at the very least there are those most democratic in favour of islam and the endless invasion of scum any man in favour of islam can only be so for two reasons he is a pedophile and is in favour of psychophysical violence against women hang on we love you so much,1
bolzano rissa between immigrati in via perathoner we are in italy alas not in africa the italy of the renaissance by dante petrarca manzoni raffaello and michelangelo thanks to the pd reduced to brazzaville the gifts of savian avanguardie x the minister url,0
treviso discovers himself islamic rom 12 enne gives birth and leaves school of obligation 13 enne pregnant by rom url,0
lecco immigrated between poop and pee in the police force then he beat the police officer,0
rimpatriamolitutti we do not want these muslim animals in italy url,1
when he was 11 years old he was driving a stolen car three minor nomads stopped after tracking user url,0
if any of you show me that niggers roma islamics and illegals are really resources i swear that i kiss my ass at kyenge,0
user give him the status of immigrants and then you will see how the local vouchers will notice them,1
inherited farm but is occupied by roma desperate pensioner i am destroying everything url,0
user we were right to protest the epidemics and recrudescences of disease that had been eradicated for a century in the old continent but they had to say that cmq was not linked to immigration who knows now that they will say left burions,0
user in all countries of the world as well as not allowing irregular migrants to enter they would return to their country including your friend macron enough with this hypocrisy albapairetti staseraitalia,1
user a society made up of these individuals terrifies me at the stake of those who gave the stature undoing all this let s rebel,1
at milano scenes of disqualification degradation some roms more and more unpunished sgozzano animals on the street without being denounced or removed in the milan suburbs these scenes multiply in the total disinterest of the left surgery url,1
the shameful embarrassment of the bishop pro migrants in pamela does not bless the tombstone and does not meet the parents url,0
user user user if you use the point instead of the comma it looks like 9 796 billion mathematics is an exact science however it cost italians illegal migrants 4 5 billion a year more than 200 million,0
nomadic camp prisoners roma out of control video voxnews url,1
they go to work seriously not to be the caretakers of the fake refugees,1
stop the clearing of the roma camp in via germagnano appeal to the european court news turin url,0
do you know how much money we give to immigrants and how many to the poor italians,1
sounds in venice the wow i heard from foreign tourists at palazzo ducale url,0
the author of the annone veneto burglary identified he is a young nomad url venezia,0
i broke my dick with the sinisters legality is not racism security is not xenophobia immigrant migrant and illegal are not the same thing you do it first to get in your butt that in your head,1
tuscans and benetton return other photos of italy multiethnic the photographer continues to work for benetton with a campaign for integration but the italians are not seen they are all strangers url,0
if you look well it s dead europe i mean the west i m sorry too to see invasion of black muslim scum is url,1
italy didn t steal it from me by migrants or islamic invaders the culture of clientele mafia fascist peppist and faux left who forced me to take two degrees abroad to work thanks to my skills and not thanks to my knowledge url,0
human rights human rights migrants the great expulsion forty thousand out of the centers among them many women and children and 15 thousand operators especially italian will lose their jobs url,0
the newspaper fria tider reports in sweden the condemnations for incitement to hatred have tenfolded the ntatsgranskaren group receives public funds to report those critics of immigration if you do not find differences between the stalinist ussr and sweden it is because there are no,0
from your side to raise money to health care raise money to the poor italians to give it to illegal islamic vicious criminals,1
user nn only jews the roma minorities in gen but also dissidents my grandfather brutally beaten up by 3 url,0
user too bad that for muslims peace means the death of christians,1
circular shock blocked italian admissions migrants arrive the fact from the web url,0
m5s di maio we cross the roma fields but we also clear out those who squat as casapound,0
i am i was raped by a pack of clandestines i was left by them to diei was raped even when i was deadi am i no longer have a future because of a group of immigrants and i was raped even by an italian magistrate url,1
user immigrants who allow themselves to say such things must immediately be sent back to their country as terrorists without delay the next step may be that someone starts hurting them and you don t start shouting racists,1
berlin terrorist killed in italy in the night url attualita attack url,0
asia bibi remains hostage to pakistan the lawyer on the run they want me dead and they want the verdict of absolution reviewed that is they want asia bibi killed the wonders of islam url,1
the priests whom we maintain by virtue of the concordat must mind their own business and be ashamed to have emptied the churches by making the tired faithful flee for the pro migrant appeals with so many italians in abandonment url,1
user user user user can we turn still quietly with the crucifix around our necks or risk being stabbed if that were the case i would experience islam in italy via muslims and islamics from our country,1
so the palm trees are islamic how stupid are you url,0
the charitable riace model of the good lucano aiding illegal immigration illegal in direct custody of the waste collection service association for criminals fraud fake competition in corruption office abuse the nobel prize in the short term,0
immigrants don t bring disease it s us who make them sick so they ruled the buonists in fact cholera returns two immigrants from bangladesh admitted to naples url,0
capalbio murmured calmly and calmly at the passage of his migrants on may 24the army marched to allocate on the coast but from the piddini we had the answerhere you can not stay or beautiful migrantssorry but you have to go aheadcamalbio murmured we are not racist ohibo,0
the roma camps have also been cleared by the municipal police of naples yet no one told demagistris that they are url,0
thought about archies immigration and current ruling politicians url,0
villa torlonia theft in the apartment reported 2 roma minors in via di salone news roma url,0
earth hour the world turns off the light for an hour images url italia thinks of another the pope of migrants,0
at camp rom red church in milan luxurious villas but also degradation in the camp with delinquents of the city and where no one pays the bills the left buonist closes his eyes url,1
user so she stops propaganda to islam instead of defending christendom she broke the c fuck you url,1
user we also have our own route x i rom that of italsider ovens,1
the government bought 8000 autoblue but don t worry they re not for politicians they re to get all illegal immigrants back in the car,0
user user user because they don t all go to home to politicians since when there s to vote they vote s immigrants,1
those who live in rome know very well that in san lorenzo you can not walk through the streets of the nightlife because every two meters there is a drug dealer all foreigners that blocks you to sell drugs it takes a clean cleanliness in that neighborhood desiree,1
found the treasure of the roman queen the figure is dizzy url,0
rome residents against immigrants negroes away from url housing,1
user user why do the terrorist vans rent out,0
lariachetyira the director of avvenire l italia is a heartless country does not allow migrants to come with families i don t say from migrants but from italians try to enter the vatican without written invitation and you will see that bella accoglienza will make you vaffanculino no,0
user as well as after every islamic massacre in europe those of obama worked well another face of the same coin,0
more blood more innocent deaths killed by islamic terrorists this time in srilanka a prayer and commitment to watch prevent stop annihilate murderers using anger pride and the strength of reason url,1
mimmo lucano has nothing to do with the immigration business and you fell for it again user url,0
user user user pisapia a lioncavallino married to a roma after ruining milan wants to ruin italy,0
the only way to stop the boats that leave libya with illegal immigrants is to do the naval blockade as it is done for albanians all our staff of the g c know because once they are in our territorial waters we do assisterli and mantenerli url,1
the roma masters of rome at termini station do you call the carabinieri i come to your house url,1
immigrants invade us and they invade 100 million the list of shames the 15 most powerful red coops,1
di maio we give the palace of casapound to the italians on the roma at casal burciato wrong side,0
roma laborists don t like to emigrate to the u s they don t compliment those who violate the property,1
was wanted for six months nomad arrested after the pursuit on 131 the union of sardinia url olbiatempio,0
denouncing migrants guilty of acts against our people is like pooping and not finding the bidet magistrate friends of illegals,0
we deport 2 billion africans to italy and give them citizenship income and the game is done url,1
user user user a roma who wants to live honestly is seen with distrust thief criminal is his culture they must integrate they say but the state does not help and the community reacts as beasts,0
international roma day and sinti inclusion still far away international day rom e sinti url,0
milan at the christmas table with user elderly children homeless roma families from every url country,0
a big swamp to the valdostans who opposed to receiving refugees they should all do so but unfortunately we live of fake xbenism,1
user maybe they still don t understand the pajotes that are their cause of all the cognition of coloring painters of coloring passions of coloring false profuges of coloring ambulants of coloring and then we italians are razzists,1
user here s how to identify the delinquents to be expelled since the decree provides just consequences for this category of immigrants other than soul and soul,0
user in meloni that we do not want foreigners taxes to keep them and murders they commit we are tired of corruption,1
news news ultiminotices all the infallible tricks of romantic robberies how they screw you with a url bib,0
torino investigation found in croatia the treasure of the roman queen liguria genoa il secolo xix url,0
italy is such a razzista country that allows so called migrants to live in hotels while the poor italians sleep under bridges,0
to goro if they refuse the open migrants heaven all to say racist a cabalbio instead no that s bullying communist hypocrisy,0
forza nuova italy needs children not immigrants rimini this morning as in many others url,0
for the ong aquarius and all the left between wild immigration and infected garbage italia had become the shithole of the world will they still have the courage to speak,0
user user for starters they take back south tyrol then they pull up the barbed wire and avoid the invasion of italian non eu refugees for the rest they will do some shopping in north italy and they will take away the best companies,0
mame sow filcams novara at filcamscollectiva i come from senegal and have four children we immigrants to have the residence permit we accept everything humiliate us and we are afraid to lose everything i thank all of you and the italy that welcomed me url,0
the physiognomy of immigration of the islamic community has changed in these years aids,0
my proposal to the problem invasion is this we all dump immigrants and gypsies in the regions who have returned to the user,1
rohingya the refugee camp on the island of debris and mud url,0
anyway you go to steal every day those roma became millionaires with the theft url,0
metro pickup school 7 nomads arrested while stealing one of them taught the other urls user,0
carabinieri invested in giugliano stopped a roma citizen ready to escape news naples url,0
please i d like to say roman cell of mere laughing while the stealers steal that we too laugh we fall ivan thundered us behind and will give up,0
let s hope it s true may our soldiers finally leave the barracks and be employed to protect us and all the national territory against nigerian mafia and fake migrants delinquoting every holy day url,1
abroad we are nice because we manage a lot but foreigners don t know that we use them to fuck them without making us understand,1
user user thanks to the arrogance of the islamist turks perhaps it is the good time that europe wakes up we see eh,0
but what are young people waiting to move against this changing party government for them apart from empty promises on the citizenship redd there is no proposal to go forward school work innovation are real taboos immigration is the only problem in the country,0
thank you for your consideration minister of the interior of italy let everything be normalized briefly in the case of this killer terrorist defended by the comrades of the brazilian ideals count on us url,0
the government thinks of banks and illegals the duty to say the earthquakes first,1
national revolution in italy it is fashionable to use the term fascist against anyone who is against the invasion no more migrants in italy we have welcomed too many of them primagliitaliani user url,1
user and are you not even a little ashamed for having reduced italy in these conditions think only of illegal immigrants to maintain with the blood of the italians you sinister ever again,1
user user user user he was supposed to shoot ungrateful immigrant thugs thank you pd and all the shit that you european globalists insane euroinomaniacs everything for money they d sell their mother the sinister filthy shit,1
finally someone with signs of intelligence it s obvious that you are manipulating public opinion with this migrant story very convenient to keep all people distracted salvindimetti disinformation manipulation ignorance,0
fifth column direct and guests addressed the issue of migrants after the events of sesto fiorentino url,0
mimmo lucano sent to trial for the management of migrants in riace,0
user fossi foreigner would also come to italy you live for free i have to survive with the help of mine,0
if from 56 onwards they had allowed israel to do so the islamic problem would no longer exist portaaporta,1
user other than refugees are zavorre and all men,1
roma roma gang has been asking him for lace for 2 years exhausted restaurateur kills them with gunshots url via user,0
gb new anti terrorism barriers at windsor castle for changing the guard traditional destination for tourists,0
the communist party chinese has announced to reject immigrants and refugees because the chinese are ethnic men and superiors fantastic let s tell our fake liberal communists piddioti brunchi tutti url,0
retweeted mario cipriani user fascist blitz in rome branded foreign shops in 6th url,0
europe under islamic attack but in italy the islamic constituent is born let s make a url,1
user can the clandestini block railroad do it in the islamic countries come ucciso italy is the whore of all,1
major migrants unhcr libya is not a safe country italy and france work on a common solution migrants great unhcr libya url,0
user user ma vafhanco you and the migrants,1
if you have not understood it we will remain in eu until the foreigners buy all our jewels leaving us with migrants and misery,1
wounded two immigrants from bangladesh knifeless url police investigation,0
roma torchlighted casapound al tiburtino quartiere besieged by roma and migrants now enough url,0
user you don t understand that if the roma don t agree to live in a civilized way you have to teach them but just leave school because teachers don t have the magic wand to change adults who are the real problem,0
almost all the roms that occupied the farm on lecce novoli have left url,0
toh the pro immigration propaganda of vouchers just around christmas has returned openarms,0
the plan is clear to counter all forms of integration as with the immigration decree lega wants more illegal more degradation in the cities if possible more beggars and more crimes on the street more tension it is on this that lives and builds its racist propaganda url,0
user coming from libya 1500 migrants to keepsend them home of piddines and boldrini url,1
user l italia is home our migrants is at home their italy is home our migrants is at home their italy is home our migrants is at home their italy is home our migrants is at home their italy is home our migrants is at home our italy is home our migrants is at home our home,1
the laurea magistrale in italiano per l educazione a stranieri form teachers of italian ls l2 and cultural operators who work in the field of the promotion of the italian language and culture in the world,0
user regardless of everything even if the foreigners were in the majority we are arriving in italy and what the hell molluscs are molluscs,1
rome imunicipio municipioi umpteenth fight between roma at parcodellevalli intervention of policia url,0
trieste refugees hunt disabled from the bus the patrols of forza nuova arrive on public transport url,0
rome chinese found dead yao s snipers are still in the rom url camp,0
user so salvini denounced for defending borders was fine who favors illegal immigration must be defended we are in madness f o l l i a,0
the dialogue of life between christians and muslims user oessh url,0
other than refugees they come underground,1
but the votes of the left are increased with the black islamic clandestine x lo fancazzisti males vows to be added to roma and other benemerit,0
they make me laugh a lot of strange things but those two lidl beasts that lock two roms in the garbage cell make me disgusting,0
who wants to get rich do the roma in italy word of boldrini url via user,0
bergoglio no pague of the last road of cristians in srilanka rewarded by albaghdadi dream and propose to import in italy other delinquent and terrorist from libya ports closed stopinvasion stopislam movimentonesti salvininonmollare url,1
dead lesbo s grandmother nursing migrants,0
the turin killer who killed at random as the san donato bomber immigrants welcomed and became italian citizens now the pd so will say to overturn this horrible fact of news in the pro iussoli perspective stefanoleo url,0
user user in fact i am not against immigration i am against those africans and cmq to all those who bring islam to our home do they want to replace them do they do it with virtuous peoples like the japanese not with african exploiters fanciful,0
user i know i gave all my sleeping bags to a rugged roma girl with no mercy with her children user user,0
from your side we are the only country in the world to accept irregular immigration and we still don t know how to solve it,0
transferred to the cie of rome 4 roma born and lived in palermo url url palermo news,0
popular house assigned to the tenant but a pregnant roma occupies her ilgiornale it url via user,0
just to clarify dear roman plotters and uncivilized it was ama s fault rom thank you thank you rays for the url,0
user user the word clandestine was forbidden replaced with migrants and not immigrants because in that case they would have to have documents to arrive in other countries,0
user edicolafiore merry christmas to him jesus is here we don t kill him again because of the sensitivity of muslims,0
and while europe is shocked by yet another attack committed by a resource of the second generations here s the story from the book heart at milano two young immigrants find and return portfolios full of money to a retired url,0
user first forced mass expulsion of all illegals migrants asylum seekers rom x arrest offenders and mines,1
on immigration we continue to talk about fakenews the truth is that there are over 500 thousand irregular immigrants who become prey to crime i think they must first be identified and then regularized it is the only way to overcome the abusive centers coffeebreak url,0
either you keep them and succumb or are you racist ask the vatican refugees you italians are racist we do not return video url,0
fifty colonna as he wanted to prove after the vegan nazis the muslims there is relevance therefore,0
mimmolucano you are not alone the world knows of your humanity riace does not favor illegal immigration lucrando they are others to do it riace welcomes the desperate without the help of the mafias the mistake is to have disobeyed an imperfect law raatodiumenit for mimmo,0
user user i would file law enforcement simply because it s protected for them too if you don t do anything wrong what problems there are but i want all extracommunity and roms received first,1
user bad asshole to infinity but the italians bivono in the shacks a few years ago before the migrants where and how they lived asshole again,0
it is not islamic invasion is much much worse african invasion they were protagonists of massacres for their url,1
metro of milan ladre rom surround designer they were all pregnant url,0
user therefore women raped by migrants are begged to complain subtle instead if the rapist is italian they can rather complain screaming if they are robbed fucked or beaten by migrants avoid pointing in foreigners thieves and or the executioners dear unhcr that s okay,1
user statistically islamic attacks took place more than all in france just inquire,0
rossi and renzi with all the combriccola of the magic lily now stinking chrysanthemum looked good at the time to fill the beautiful rich and red tuscany with filthy and dirty immigrants true renzi,1
simone cristicchi i sing not to forget istrian refugees,0
dear mayor why don t you clear the building occupied by casapound and put roma families in their place a little courage please url,0
user in particular the followers of saviors i know many and they are all in favour of sending away immigrants i don t like,0
rome fighting in the nomadic camp of via salone during the census of local police url,0
apparently the koran as well as in the bathroom can also be used for this but it doesn t seem to work very well url,1
caporalate hundreds of migrants exploited in the camps arrests in latina,0
url online newspaper ildolomiti has published an interesting article that reveals the illegal way in which the trafficking of migrants and the tracing of human beings from african countries to europe is developing portichiusi gabrielebaratto,0
on the island of lesbos where sappho was born there are 9 000 people of whom a third underage imprisoned for several months without explanation in a refugee camp that could contain 3 000 1 4 of the boys between 6 and 18 years have attempted suicide please be at least indignant,0
user roman castel roma on several occasions caused accident with rocks obstacles and more again this time user,0
user user toss them in depth are all clandestine parasites potential islamic terrorists useless garbage,1
trader beaten by the roma homeless she returned to milan new url lite,0
4 star hotel requirement for refugees against the will of url hoteliers soon also your homes,1
user user user user user user user user user lucano is accused exactly of subtraction of public funds also for personal use rates in procurement clientism irregular marriages and aiding illegal immigration a gallant man,0
user user user without those cops the terrorist was still around i don t care what party they were on,0
user boldrini rom be proud of your culture don t miss it,0
user the ruspes for the roma camps but they re all still there,1
how beautiful the model of integration of the left to receive hundreds of thousands of fake refugees without limits who claim with decreesalvini doors open only to true refugees tolerance zero towards clandestineness agreements with all the countries of origin and rest url,0
we ask the municipality of turin for an immediate return operation for all the inhabitants of the roma camp of via url,1
user user so much now the pd the epochal disaster of the century has done so with the invasion of immigrants it has filled us with delinquents,1
the migrants camped at tiburtina station will be hosted at the garrison user in via del frantoio url,0
chinese travolta a roma stop a roma denounced a minor finanza url,0
innocent the migrant arrested for rape and called beast by salvini absolute after four months in prison he had only rescued a drunk girl rounds organized by the league after the episode the real beasties in all senses are salvini and his miserable ass licking,0
the usual drug dealers are promoted to geometers while the girls who are victims of the beastly violence of immigrants are debilitated to toxics welcome to the most despicable of regimes that of political correctness,1
user you have to ask un to manage the millions of refugees on their continent take them to italy is crazy,1
user user because it s the immigrants who raise the vat to 25 and the excise duty on gasoline stay there quiet and zac the immigrant adds 3 vat and you don t even notice it,1
piazzapulita the muslim girl incint said that there must be a limit to freedom of expression yes but xfavor in your country,1
but in short who must give sea watch a safe port look at the map who must give it to him every day there are arrivals of migrants in our country possible that that buzzurro is allowed to get propaganda on the skin of shipwrecks and crew,0
user perugia immigrants break statue of our lady kick her and piss on it url,1
user this idiot wishes good easter to migrants who are 90 muslims don t breathe that sewer think before you talk or write shit,1
sri lanka educated and rich isis terrorists the mother blew herself up killing 3 children and policemen but who should i integrate with,1
we started to make mistakes when we wondered how many migrants land and not what they run from matteo orfini,0
day of memory and welcoming schools in help of migrants dire it url via user,0
user cut off the hands yene and then eject for her and all the field nomads zingari,1
immigration the lesson of the arab princess without veil this is how the invasion stops,1
europe hunts illegals,1
user and especially because it makes us the buonist pimp when they are only 0 3 somali refugees and of that 99 7 remaining 92 out of 100 are clandestini mostly former criminals or however they are part of what can be considered as the middle class of africa shammy,1
user user user and the tunisians at marzuk where do you put them algerini minus albanese and roma are doing well w italia,0
i want i want i want him and the other immigrants invaders to fuck off,1
user user user user mo is your turn ebete goat imagine that 10 years ago there was almost one of the migrants that you disgusting craps imported us now imagine that there are 700 thousand incapable leeches instructed by you to exploit us done the accounts projecting them into the future shit,1
ilfattoquotidiano rome from the municipality ok to a new roma camp capitol temporary measures,0
bologna salvini against the top pediatricians of santorsola immigrants tbc record and scabies,1
hungary vs renzi on migrants that money belongs to us not to italy url,0
user user user user user no ke nn want in fact i want to send away all illegal migrants maybe nn you understand well,1
there are 60 6 million people living in italy foreigners increasing istat url url,0
salvini after the roma camps away the social centers are they to be abolished url url,0
milano user visit the house of the station url reception center migrants refugees,0
user can t we kick these damn roma out of italy we just have to vote for the north league,1
user 128 expulsions only this year ferryed 173000 clandestine almost all islamic for the black young male fancazzisti al,1
user user out of this human shit from italy,1
for us italians only disperation for migrants who space stop and squartano accoglienza case mondi che schifo url,1
user muslims go to get islamists i hope it s not 2 billion otherwise we ll prepare plutonium,1
user user salvini asselborn our grandparents had emigrated not clandestine in search of documents and welfare and it is just appropriate to emphasize how the culture of migrants normally african and or muslim contrasts mostly and dramatically with the european culture merde_alors,1
business rom in the scope of the public prosecutor s office coop and politici url user italia,0
italian children sleep by car in florence they are not refugees and the municipality pd does not welcome them url,0
dibba ma di roma che dici slots and blah blah there comes the plague we drown in the monnezza let s walk walking romantic,0
tragic bachelor s brawl a 21 year old dies 7 wounded hunting three strangers url,0
user like those of the bonino and the faithful you would have filled us with immigrants of all kinds with your maneuvers and stuffed your friends banks and your combo,0
the roma are scum and must be kicked out of italy because those who live on theft and use children are scum point biancoenero,1
immigration the recipe of frattini close the ports,1
i thank user who broadcast the video of my inspection in the rom slum between mice and garbage near the a8 motorway to close and clear basta with goodness and who accepts this illegality url,1
user we thank the pidiots who want to fill italy with muslims for hatred of christ,1
we started calling prisons for migrants in libya hospital centers by libyan law ijf19,0
a thought of thank you every morning always goes to the communists who brought us home rom muslims and thugs thanks,1
from your side arrogant liars ignorant after 10 years they still can t speak italian these are the muslims filthy filthy,1
on the one hand deep france the middle class and working class in revolt against globalization on the other hand the children of radical chic dad and immigrants here are the children and grandchildren of immigrants who take advantage of student protests to plunder url stores,0
they accompanied the inhabitants of bologna on a new visit to the city showing it with the eyes of migrants that s why today asylum seekers and refugees who took part in the migrantour have url,0
forced to stay on diciotti now migrants want compensation,0
it is we italians who think badly of the clandestines false poor immigrants and we look like racists or are the migrants and children born in italia who do not respect our rules security culture and promote integration stopinvasion just drugs violence among young people url,1
gerardosantomauro migrants soon ventotene will disappear url url,0
user let s start removing the manure from the streets first of all the foreign scum that settles by us with lots of street paper let s clean out the neighborhoods from these animals that are not only drug dealers but rapists and serial killers,1
user user user user user user user user user user user user user user user user user user user user user user user user user user user user user user user user user user user user user user user user user user user user user user user user user user user user user user user user user user user user user user,1
user user user user did you go with the dinghy or with regular documentation in italy there are no conditions to welcome anything unless the enlightened progressives need immigrants to clean the ass of the elderly and to collect tomatoes at 2 hour,0
rome a japanese tourist is surrounded by 5 roma three of them url,0
since the beginning of the year 571 migrants have landed in italy 91 79 less than in the same period last year these are the updated data of the viminale from which it also emerges that the returns from 1 january to 28 march have been 1 606 1 490 forced and 116 volunteers,0
user user always and anyway certain disvalues such as the conception of woman or unfaithful are inherent in islam,1
card based on the attack of decretosecurity we must help and integrate migrants every dead migrant is unaffeasing to mankind he said half a word to stefanoleo pamela desire and all other victims url,0
user user user the league and the right exploits the foreign workers and even the roma who dispute so much have earned us,0
m5s and migrants after the attack of the leader to renzi triggers unleashed on the web let s take back the url,0
that suburban police station between garbage fires and url nomadic camps,0
user user user user salah has only inherited the old passion for pisapipe for the u s roma to his for muslims arabs africans asians enough that they are worshippers of allah make a nice blend,1
user user but why are almost all muslims not emigrate to the rich countries of the persian gulf tuesday,0
excited poor people then migrants get naughty but what the fuck do you say in fact they are the sweet ones who beat up the old and cut up little girls agorarai,1
stop also two migrants with stolen url passports,0
rome robber arrested nomade latitating since 2015 url url,0
media book about twenty pages are dedicated to islam and its wonderful culture in my era at most there will have been a pierced does it seem normal of course there is no critical mention i am disgusted stopinvasion stopislam decreesecurity url,0
user his statement is entirely pertinent migratory flows have always existed and will always exist partly regular and partly irregular applies to italians in luxembourg as well as to our current immigrants,0
user you say that in italy the security problem is not related to immigration would you send your wife to take a train at night staseraitalia,1
these guys are the result of the powerful goodness and the frantic acceptance of the immigrates never expulsions never severity of the few free imponited to circulate and delivere,0
user user user user immigrants come just thanks to france and the euro pegged african franc,0
user user in mass and vehemently demand a homicide based on a religious creed other than theirs other than integration these have the mission to abjure everyone to make islam triumph beasts and even beasts who wanted them here,1
user i would put a field rom or a reception center always for the roms to the parioli then let s see if these fucking journalists radicalchic will consider those of torremaura as racists,0
user stay in africa the nigerian mafia controls many criminals in italy all in africa therefore bergogliani sinisters and beautiful company url,1
user blame all the goodies who have paved the way for him just take an example from the pd and the muslims they have in parliament,1
baglions and migrants sanremo the games for laudience behind the invectives,0
user surfaces in italy europe sends us back 15 thousand refugees url refugees or terrorists security,1
user user the revenge not to take all the local delinquents and immigrants who circulate in germany they select and the miserable of all kinds give us urls,1
rome bus and metro pickpockets 12 foreign criminals arrested ma who devolio wants us to send us to their house a url,1
rai news venice san marco was also in the crosshairs of terrorists url paginanuova tv url,0
vatican user when lobby aims social pro immigration vs trump user user url,0
user this kind of immigration will not be easy to arrest because it is the scum that claims to enter so the one who has nothing to lose these do not even want to be helped in their home they want to delinquere and be kept sloppy by other countries,1
silk road was designed by url nomads,0
milano the caravan of nomads could be cleared once and for all to the delight of the inhabitants url,0
and minniti opens the electoral corridor the first 160 refugees arrive by plane,1
user user user user roma and sinti subgroups north italy romans south italy walkers sicily place of origin central north indiapopulation90 000 140 000linguaromaneschristian religion islam their flag in italy is this url,0
in romania 200 thousand in piazza x protester against corruption in italy 4 unelected gov unemployment immigration and taxes to max nothing,0
as it would say alphano when it was inside there are no jihadists in italy are only islamic resources that d url,1
you need to complete migrants to work any work but they have to work other ways they will not think anything else to supervision if they are men and prostitute if they are women,1
one of the two terrorist brothers who carried out the easter massacre in sri lanka had a degree in aerospace engineering it is inferred that these pervert islamists do not even need to study they are not recoverable they are not integrable,1
perhaps more than the 15 year old simone the mayor and the newspapers should tell us about a ban of almost a million euros of public money intended exclusively for the support of roma sinti and caminanti isn t it discrimination isn t it racism casapound torremaura raggi url,1
i d love to meet a foreigner who made erasmus in molise and hug him strong,0
muslims are all good now and in their countries there are no terrorists right fini and church lagabbia levatejeervino,1
campania giugliano minority hearing on roma referendum issue serious lack of url,0
user user and already islam is moderate and wants peace too bad that all terrorists are muslims,1
faced with the liberal latrinal of obama and clinton chapeau even if it is not ideological fury or lestremism that kills it is lislam user url,1
user but will also invite earthquake victims to the golf tournament and will immigrants be given a bonus x supply equipment,0
user this tw feeds hatred against us sinti and roma we ask you to eliminate it thank you hatespeech racism hate violence,0
user psychic problems or elections and merkel camouflage terrorism fexi si ma c no all crazy people in germany,0
user user user user sopra says regular immigrants bring 9 of the pil he said regular well as my father was this is not the way to welcome also put yourself in the place of those with children who have almost no food or earthquakes and offer him a plate of pasta,0
user user user user user user user s tgcom forgets to say that the gip has already ruled out the initial criminality of migrant funds and that the arrest is for a combined marriage and alleged irregularities in the custody of waste management i propose fine to be paid in 80 years,0
sri lanka 185 dead and 500 wounded attacks planned with the will to eliminate christians this is what wants lislam or do you submit or kill you un the pope what do they say,1
the roma are entitled to the house and the residents of casal bruciato contest the rays,0
padova acrobat thieves climb the eaves stop two nomads one pregnant at the 5 month url rt padovatoggi,0
user protest as well everyone to work the fake volunteers and the fake refugees,1
provinciasenese emergent wolves is equal to that of wild immigration altering balance leads to the url,0
the multiracial society migrants refugees rom url,0
salvini has only told the truth salvini has just told the truth salvini has had the courage to say it salvini needs to make the choices be with the islamic terrorists or with israel i am with israel url,1
rome the nomads shop crazy but the cashier is complicit in the scam url url,0
the statue of liberty is also an immigrant but don t tell donald url,0
the migrants of the sea watch have been transferred to messina mayor cateno de luca here we have 8000 italians in the barracks the false vouchers of the left however are moved only for migrants the italians do not give visibility,0
user muslims who have manifested before the colosseum today must all be identified and sent back to their country,1
but how is that possible user ah understood to the south migrants to the north police order etc we are not the toilet of anyone we sicilians user user user user user user user user user user user user user url,0
the arrest of mimmo lucano has nothing to do with the so called immigration business or dirty business he was arrested for disobeying unjust and ineffective laws he was arrested for political reasons iostoconmimmolucano,0
user user scary cruelty of muslims against animals thrown like hay bales and piled up on each other moribunds a creepy video to show the defender bergoglio and the pro islam mayor of palermo,1
after brexit s victory episodes of violence against foreigners in britain increased by 50 url,0
user you are a liar immigrants will face us they are an expense she is an incompetent person clean the bathrooms is highly qualified,1
they are not poor and do not run away from war or hunger that is why the refugees come to italy the voice of trentino,0
already 373 islamic terrorists are in italy they eat drink and sleep at url,1
attention in the last 72 hours the ex communist gov has landed 8 500 illegals by foreign ships nn realizes our problems,0
ambassador tehran hopes that the west will change its approach to the fight against url terrorism,0
migrant women good in bergamo the 3rd commission of the council of women of the municipality of bergamo convinced of the importance of interculturality through the knowledge of different cultures has prepared a project aimed mainly at url,0
you have received the cogli ni via l islam from italy if you want to respect their traditions back to home url,1
the red robes against salvini so they defend ngos and migrants,0
user even a kindergarten child would understand what the right path if yours are not well how can there be something for others true and raw reality like it or not all vouchers for immigrants to be italian will be a fault,0
france you must send all muslims away from france,1
islam is incompatible with our freedoms this is very dangerous since muslims will be the majority soon the leading german author url,1
brindisi migrants attacked with baseball bats two injured rai news they had tried to rape a 15 year old girl they did well to mazzulali url,1
user user the only right that illegal migrants have is to be repatriated as a matter of urgency but what they are waiting for,1
get these immigrants out of italy and punish our policies that let them in whatever flag color is url,1
a question if germany wants to hunt italians out of work and poor then we can hunt the roma who steal and send the ruspe in their fields unless you consider steal a job url,1
pirate car kills two migrants by bicycle at villa literno,0
user user then the sinisters wonder why so many people don t frequent restaurants where they work foreigners gross without any respect migrants,1
user reform justice otherwise dealing raping and delinquering will always be a right for illegal migrants,1
the warlords never sleep trump putin terrorism,0
user but let s start throwing these muslims to the sea,1
user islam wants everyone s submission impossible to dialogue with those who want to annihilate you completely,1
racist and populist article unfairly accused poor nomads who were just looking for a means to nomad url,0
user user it is possible that only rome has the roma problem it is like having one of the plagues of egypt locust,0
here are the friends of the boldrinotta the discriminated islamic lagabbia,1
foreigners also allow themselves to resort to the tar for having been excluded from the assignment of a popular house non eu citizens must understand that they are not at home and that the folk houses have been built with the money of the italians so first the italians,1
everyone s got enough of your migrants to keep don t you get it yet you morons url,1
if i still hear you say you don t have to give the immigrants the house because they fucking want the house i m gon na be a jena,1
rome the keeper of the atac warehouse the matron of the roma camp agents ask her the key the daily fact you finally understood how italy turns nothing more just it does not touch and steal anyone everything under control it s certainly not free url,1
the main foreign communities in italy 2016 reports bddocumenta user user user url,0
bologna the anpi sings at school the hymn retouched for migrants and the right is raging url va user,0
what disgusting muslims who induce women to bring the hijab url,1
i migranti all hotel excelsior from italy we want more journal with this welcome all africa will come to us iovotono,1
overlooking the rom field of via martirano in milano for the left it had to become the most beautiful camp in europe hundreds of thousands of euros for the houses the roma would have had to pay canons to live there result absolute degradation delinquents and stolen goods url,0
sea watch migrants are exulting they will land in malta video,0
user the boldrini referred to the terrorist x courage they also have the courage to use ff pp x make a good impression user,0
but look thousands of children across the peninsula who can not access the school cafeteria and the media don t talk about it ah of course they are not foreigners who receive the service for free but italians,1
hungary parliament authorizes detention for all url migrants,0
there are at least twenty suras in the koran that incite to kill those who do not submit religion of death that does not admit dissent or apostasy with a prophet declaredly murderer 600 beheaded jews and pedophile bride child,1
roma arrested in the roma camp gordiani the nomad who tried to invest a vigilante this morning salone url,0
user user was inevitable too much tolerance towards a lucifer religious dogma and to be eradicated all muslim accomplices,1
memory day isernia recalls the nazi extermination of roma and sinti news giornatamondiale url,0
user user and quiet because one day all this will happen islam will kill their assets steal money time at the time,1
removed the roma camp with almost all affected residents the raid in the camp of san donato mi url,0
you have to make them pay to those who wanted these immigrants in italy without controls,0
he was right oriana fallaci not all muslims are terrorists but all terrorists seem to be muslims jesuischarlie,1
where are the catholic pretonzoli and vatican soloists too busy looking after their afroislamic fucking brothers and anti salvin exorcisms bride if there s a blow even x christians at least once but maybe he s already converted to islam,0
rome the raggi copies alemanno s wretched roma piano generale url,0
user user because even those who perceive the drc will have to work instead why don t you contest and do a journalistic investigation about why a cashier takes a salary from hunger or why a migrant with 1000 per month and mobile should be integrated working daje myrta,0
open arms ship ong and spanish flag has collected 200 immigrants asks for an italian port after the refusal of malta which has landed rightly a woman and a child the italian ports are closed for the traffickers of human beings and for those who help them the parcel is over,0
user in the iuese are all immigrants apart from the native ones do we enslave these craps,0
tax cuts for all roma the last idea of raggi fdi italian url,0
and the french imam continues to claim that immigrates are not a problem,0
meanwhile in sweden a 65 year old woman imprisoned for 3 months for speaking ill of the new naz uh islam while a man called who raped a 13 year old is condemned to 150 hours of service in a community someone tell me it s a hoax please,1
there are more strollers in quintiliani s roma camp than in all branches of chicco roma,0
the harbour office has forbidden the approach to seawatch3 no catwalk for martina orfins faraone etc if the pd had spent in favor of the italians half of what it is doing for the migrants today it would be to 50 instead for us it has turned on the other side url,0
rom roma ninna nanna captive screening of the docu film in senato url,0
italy didn t steal it from me by migrants or islamic invaders the culture of clientele mafia fascist peppist and faux left who forced me to take two degrees abroad to work thanks to my skills and not thanks to my knowledge url,0
user we have fake refugees and real drug dealers you have to cut the river of money wasted for their maintenance and return them as soon as possible url,1
today i had the confirmation that at firenze immigrants are chosen i knew it but have confirmation also no translated with google translate,0
user user so it must also be said that anisamri was a terrorist otherwise you can think of it as a woman,0
for a handful of votes all immigration bales disassemble one by one url,0
user user il facto and that no one wants finding profugees to be made in hotels only italy does enter dogs and porci,1
roma field transfer forza italia critica more attention to roma than citizens barletta news puglialink,0
common pays 160 thousand euros a year for a broken purifier survey on the nomadic field on the ground buzzi url user,0
muslim immigrants in perugia smashing a statue of our lady havererottoilcock islammoderatea dick user user,1
but tell me if i have to do gymnastics with all these unbearable immigrants,1
naples the appeal of de magistris ready to welcome the migrants of open arms and how do you do nn couoi on what authorities does to our students assassini and url i d get you arrested,1
first you have to give work to all italians because if you fail this assumption and then talk about immigration as much as with quotas and even formed you want to see the proliferation of nationalists piazzapulita immigration,0
user after the massacres caused by islamic terrorists candles flowers drawings are useless they serve sticks,1
fear on the outskirts of rome a roma plant panic and cause url,0
called migrants in inhumane conditions arrests in latin hundreds of foreigners exploited in agricultural work in handcuffs also a trade unionist and a labor inspector url,0
user what you write doesn t make sense zero roma fields doesn t mean they disappear to integrate they have to have the opportunity to say who prefers to steal serves only your propaganda wasn t stealing anyone the only crime they committed is the residents it s called racism,0
first effects of decretosecurity 24 migrants although they have the right to stay in italy were driven out of the cara di isola capo rizzuto and taken to the station among the people away there is also a very young couple with a 5 month old girl url,0
i don t mean to say but apparently with muslims reasoning is a difficult thing if not impossible piazzapulita know it,1
user user the sovereign people voted and spoke so stick to the pipe and get ready to go back to your home stop clandestine stop fake refugees no more foreigners who delinquency stop scum of social centers stop radical chic pacchia finita iostoconsalvini iovotosalvini,1
it is clear that islam is succeeding where for centuries with schimitars and holy wars it has failed the occupation of the lands and the conversion of the western infidels with the billions of its rogue countries and the illegal horse of troy of idiotic and interested goodism,1
user street foreigners from italy if they have no work,1
user user those rake them all and make them disappear into thin air but it s proof that islam is the problem,1
the republic cinisello flames in the construction site where they slept serious roma mom and 3 year old boy in hospital also the other son,0
user user user worse black male islamic clandestines fancazzisti will be voting at left after law of ius alone,1
well all of these muslims who are getting away from us they certainly don t bring modernity if it were for them we would be url,1
all dangerous funding of the qatar mosques in italy url islam url,0
user user user user against muslims and our too much tolerance that now many deaths later and with isis on the doorstep,1
they cut the roma at milan station 7 years old with two url agents,0
carige migrants yellow vests the m5s rebels against di maio,0
in case we haven t figured out yet that for certain local administrations the immigrant emergency is a real business,0
user a matt se famo er comparisono cor lebanon ve 1 ab su4 profuge sirio e l italia 70 000 000 4 1 url,0
they want to take down the wolves because they re too many,1
milan where there was a roma camp before now stands our village of the clochard url,0
rome a dead chinese student the roma left her agonizing she was alive she could save herself url,0
user user our politicians always need an enemy even if there isn t first the southern then the communists then europe then the migrants with an enemy you join us but they are ghosts we ask the governments for seriousness and not slogans these are only demagogic,0
the ngos will soon use amphibious x means to land libya directly and withdraw migrants directly from their homes,0
user user ngos have the task of carrying out the work of traffickers in bringing masses of migrants from africa to europe while encouraging departures they contribute to the social and economic destabilisation of countries of which speculators profit,0
the national day of the victims of immigration is celebrated in rome the user plant a tree to remember the dead in the san saba district user user url,0
grand hotel italia we host them europe rejects them migrants italians can no longer make it fifth column,1
user don t let him win invasion promoters want to make way for the problem secondary migrants by giving racists to italians applaud the communist bachelet un who sends inspectors they have a financial and media army at their disposal we only vote url,1
on lake geneva french artist saype painted a 5000 square metre fresco the work depicts a little girl who launches a paper boat and was made in support of sos mediterranee for the rescue of migrants user url,0
user user go to syria country of refugees to see how well women are immigration in italy is a problem it is easy to do f i with the ass of other vatican styles the immigration problem is serious and the rest of europe should help our country,1
six robberies in an hour according to the victims committed by foreign criminals and the beautiful souls of the left continue to give racists to italians who ask for more security there is reality and then there are them milano url,1
among the top eight countries of origin of immigration would there be only one adopting the cfa franc as usual absolute values are used instead of percentages url,0
hungary gives 900mln and receives 4 5mlld from eu 3 2 gdp money also from italian taxpayers orban the friend of salvini refuses to receive even one migrant from italy we cut funds to countries that do not comply with commitments challenge current more europe2019 url,0
de falco ready to embark on the ionian sea reprehensible those who speculate on migrants,0
in order to remain calm in italy all muslims should be expelled but principalmete destroy their mosques,1
islamic terrorists we arrive in rome rome is muslim rome has already been conquered in rome we have the largest mosque in europe the woman if she doesn t respect the rules can be beaten,1
user user i m going to fuck around and be a brilliant muslim,1
keep a refugee up to 35 euros per day url,1
user user how should immigrants be welcomed practically what should be done,0
roma baldo degliubaldi nomadic pickpocket specialist on public transport he has to serve 8 years url,0
in italy in kindergartens cameras must be placed to prevent children from being beaten by teachers what a shame you have reduced the country to foreign submission,0
the female onu supports african barbaric invasions our chamber president is also a south north immigrant,1
rome the prefecture removes migrants to the red cross url url,0
user user even communism and islamic were and are totalitarian murderers islamism burns alive even children in churches,1
does the pd want the unity of all against terrorists stop the wild immigration controls the mosques and arrests the imams who preach against,1
nigeria what happened to buhari christians and muslims pray together url,0
the complaint 100 thousand euros for the guard in the roma camps ilgiornale it url via user,0
england warns italy hundreds of isis terrorists are coming with url refugees,0
as always muslim refugees who are all children of the devil are recognized in negative url,1
muslims invade us the massacre in mosques broadcast live web,0
home to the roma also in casal de pazzi residents on the foot of war,1
pope welcome 3 hunting illegal islamic roma defend italy and italians,1
in italy low cost labor managed by corporals in silicon valley labor immigration by broker changes the name equal result,0
campi rom the un recalls italy and for the rays the rejection is more severe url,0
the immigrant in the full video url says i am tired of paying taxes for immigrants who are maintained without working salvini is right we hope it goes all the way go ahead salvini url,1
moderate lislam does not exist there are waiting muslims who patiently wait for the arab world to conquer the west on the one hand financially and on the other terroristly let s talk about the only great religion that preaches the extermination of other confessions,1
we are surprised that the president of the chamber is political if he wants to resign her and sit on the opposition benches from what i see other than helping the italians he wants to help only irregular immigrants url,1
user for me it is always a muslim it could also be a pawn of the sis to integrate the extreme islamism beware if these enter politics the first thing they do is burka to all women and the death of all catholic christians,1
user the problem is not romantic yes no the problem is that we have become almost all nomads in the country of lies,0
these are real guerrillas other than children we import real criminals continue so that soon we will have the dead in our home these are terrorists other than children you can see in the eyes that see the dement of martina italy country that welcomes murderers other than goodism,1
feast of the woman in bari la cgil collects the stories of migrant workers,0
user go to work muslims don t want their stuffed women to go to work then they don t complain if they re hungry,1
you see islamic undernourished and suffering now you go and catch by plane for fear that by boat they will catch cold in the libyan lagers you shouldn t feel so bad since you could fuck and procreate who knows if among these there are terrorists who will kill unsuspecting italian url,1
the mainstream source of gas massacre images is a terrorist url,0
user but how fake you are do mouthpieces to immigrants since you love them so much on the left,1
i d have the social services clean up the toilets of the url immigrants,0
to get the money and then one doesn t have to be racist but go fucking immigrant shit,1
sala milano great job city under siege alfano stop refugees necessary army x security citizens url,1
user thank you now we also ask you to better investigate the plot of interests that the pd has built by financing migrant deals for 80 aquarius and cooperatives by giving the racist to those who saw in this crap a shady tour,1
to italy remain 20 years of normality and social peace after chaos and forced islamization,1
user i was like the roma too grande,0
user user to us buddhists the feasts of religious christmas do not bother at all these do not have the courage to say that they do this demented thing to lick the muslims not the other religions,1
survey on consensus given to trump s immigration policy via the hill no pro trump url,0
rome but the rages m5s nn had to be different and then three italian families sent to a nomadic url camp,0
for the decretosalvini and for the government the problem of italy are the occupiers and immigrants no one wondered what the housing policies put in place in the last 20 years council of ministers 24september m5s url,0
user user they are not migrants but avant garde isis terrorists rapists and parasites spoiled by the left who made him believe that the italians are their shit and that they have a moral duty to keep them alive and submit to their primitive cultures url,1
rome popular home to an african in san basilio explodes anti foreign revolt the messenger url,0
sea watch migrants in seven salvini countries mission accomplished,0
you want to serve to all the costs that migrants grow you want to serve to the great power you will have renegated the people for onlus business and coop are complied with this abominium the nigerian mafia in the migrant champany for the traffic of url organizations,1
here are those who serve illegal immigrants the big companies user points to the finger also towards the matches iva pro immigrants,0
user you are mentally ill like all muslims you are dangerous monkey url,1
the immigrants of dear of mineo protested today about the cuts in resources made available to them by the state starting with free public transport would these be the poor migrants who escaped from hunger and misery url,1
only solution is to hunt all non integrated muslims until the 3rd gen killed themselves in their countries as they have been doing for centuries malati,1
i just hope there is no serious trouble xke have done well craps of rom url,1
user user user user we are tired of everyone and everything the roma are part of the asshole breaks,0
but poor and desperate these are false refugees,1
no no no before you there are the fucking migrants who don t have a job can t do anything and that we have to keep this fairy tale has to end you quiet and cold 5 billion that we spent are for these extranei only x them,1
so renzi sold himself italy immigrants the former minister speaks in exchange for money suicide,1
islamic terrorists at things done they tell us that they were known and controlled but the massacres do them anyway url,1
sardinian pastor in handcuffs in rome he beat two children rom url url,0
those who made terrorists come with boats who takes them home there are no more red t shirts around death in the name of allah arrests between palermo and trapani url,0
user good evening beautiful user attentive equal terrorists hits rome,0
agorai user to the nomads you give the land x to build the houses if an italian does not ask for it why,0
user user i don t think so but it could make an estimate of the christians killed in africa the middle east and turkey by islam history,1
user also proposed a tax against racists by the eu s ape minister for immigration,1
retweeted century of italy user 76 of italians want the stop to wild immigration url,0
here comes the last madness plaqued left a ship to reactivate the immigration business and deport illegals to italy huffpost italy speaks of 460 thousand euros spent by si for the mission on board fratoianni palazzotto and a redivive vendola url,0
and then garland get this maometto islam religion equals brain death url,1
roma via togliatti nomad punches prostitute and steals her bag arrested url,0
user ebola tuberculosis hepatitis and what else have brought here migrants frankly there is serious concern as well as stealing rape to cut the victims to pieces nn is possible we feel like a bad dream yet it is real poor us,1
lorella cuccarini makes a statement against immigration and is lynched by left because freedom of opinion only applies to baglions and those who attack salvini and the government the others know everyone fools and have to shut up url 17january,0
user also recorded one aspect the mad fear that the parisians had in the last 10min they were terrified,0
tangenti mafia capitale dimenticatamazzette su buche e campi rom giubileo giubileodellamisericordia roma url,0
the italian young european of the year fights for the rights of migrants europe talks helps us to dialogue,0
user bastardi a little girl who raises her hands asphalt the roma fields,1
user economic migrants the vast majority of whom are committed to crime come to europe only to be maintained sign anything,1
immigrants delinquote more than italians six times more seven times more in sexual crimes unbelievable nigerian mafia meluzzi reports crime data i am a huge danger and there must be no negationism and no veil of omerta movimentonesti url,1
government dimaio salvini flattax redittodicittadinanza fornero immigranti di maio to door to door with the next manovra we will have abolished poverty read me url url,0
a fuoridalcoro user it s not true that immigrants pay their pensions to italians it s us who pay pensions to immigrants who don t have contributions user url,1
user user user at least did as little damage as possible to rome but with its policy of underground roma and assimilated,0
user excuse me salvini can you define a party that says to dump immigrants along with peanuts,0
still on clearing of the roma field gianturco naples url,0
we too were poor migrants which all too often we forget today in them i see the eyes of our grandparents our grandparents did not play with the state maintained smartphone our grandparents built nations,1
user user user no is the awareness of being sick and the obligation to care with condom education you can t ignore that migrants are a confused group of annoysers more or less aware to get rid of follow of falsely good migratory policies,1
after reporting some citizens together with the city police we just cleared out nomads who,0
user these islamics are worse than the mafia hate us and hate our way of life,1
srilanka the two bombers smile then make themselves explode islam religion of peace url,1
user 10 100 1000 simone who generous hospitable and human welcome the roma at home,0
pisa the poster of salvini with migrants made by students ceccardi it must be removed,0
bergoglio insists at christmas we open the doors to immigrants but you want to cape nn want to url,1
user user user user don t want to admit that we are facing yet another islamist massacre this is propaganda of hatred mixed with the most hateful of mystifications the will at all costs to claim that islam is religion of peace on which your globalist madness is based,1
user all time money and human sacrifice wasted without physical elimination of taliban and muslim radicals is all useless,1
just published in url rome robberies to tourists stop six nomads url,0
migrants sea watch from 6 days without port eu must assume its responsibilities but where is it written that the eu which would then italy must pick up all migrants coming from africa url,0
migrants and islamic terrorists how easy it is to enter italy migrants and terrorists islamic how url,1
user if you cancel the law they gave and send away all migrants and roma who eat by crack i vote,1
there are no terms in the italian language to say how bad l islam can be url,1
decretosalvini finally a decree that guarantees security in italy important especially with regard to immigration and suburbs salvini lega,0
at 14 years old already robbing gang grab underage rom url url,0
user there are 70 000 italian roma now who tells salvini,0
user boldrini thank you italians who pay for everything words of esteem only for roma immigrants and scafists who press camera,1
reinsertion nomads gianna gancia lega business of solidarity fault of politics url,0
metro rome colombian beaten by roma had warned tourists to pick up url url,0
user user user in all of this forget the schifo creato in via of lucani in years been the place of space and degrad criminality in which a girl was first druged and then rapped by irregolary immigrants who never need to be in this country,1
milan torture to refugees 22 year old somali at trial with immediate rite url rt news_milan,0
user the roma scream to make a scene when caught in the act the thieves in the supers must be locked in an office but you don t know,0
user but the most ignorant are all italians who exalt them and do not see the big problem that immigrants represent,1
photo alghero training for migrants benefiting from projects sprar of the gus of alghero sassari and porto torres the goal is to create a web radio and tv platform thanks to the project bogaboxi funded by the fondazionedisardegna url url,0
milan protesters against refugees get angry with the journalist de corato it s a c url,0
bologna spitting and insulting the store clerk for not giving money to the nomad il resto del carlino url bologna news,0
italy mon amour who are they and what they buy foreigners who decide to invest in the brick of the beautiful country url,0
interview immoral the migrant memorandum signed by rome and tripoli url,0
user user user user user user user user user user user user go find the data on the prison population or crimes committed by foreigners then we talk about it italy has become a cloaca but i don t blame the kids who arrive many of whom are good and honest the fault is of the previous governments who have them follow,0
five more years of this ethnic shift and italy will disappear culturally smart europe rejects migrants we have to decide,1
user sei un grande coglione salvini fa quello che gli italiani volono in poche parole non un igrante sbarca in italiatu e la tua fogna di ciurma fatte pure rotta per barcelonanavia spagnola con flagiera spagnola per cui rotta per la spagna capitolo coglione,1
the answer of amman allisis executed sajida leader of sunni islam jihadists to crucify url via user,1
user user user user user to get caught in italy could only be a fool the terrorist,0
il mattino torre annunziata new raid in the former school cleared roma camp seizures and complaints url napoli,0
rome the issue of roma camps arrives at the final lines url,0
precise rolando gabrio after former moi and nomadic camp of via san germagnano url,0
user user why didn t the nigerians arrive on the boats it seems to me that between the nigerian mafia and immigrants there is a close correlation am i wrong,1
in this period there are more villages of santa claus than roma fields,0
user if travelling by plane can go well in the other countries of the european union that for years keep the borders closed to the refugees of war italy when it ruled the left has been invaded from north to south now enough,1
social bomb immigrants immediately via 600 thousand irregular,1
user here s what immigrants do in italy must go to their home,1
user user user mother courtesy shut up you shoot me the data of the viminal 1 year ago as if 909 foreigners against 1500italians should raise me and believe that the non c invasion rapes and murders are the responsibility of italian majority,0
user x years user and user have supported in italy by abusers and in the eu the user on illegal islamic rom africans and unpunished free criminals they have always betrayed the indigenous sovereign italian people and will always do so,1
fake refugees because no nigerian or ghanaian is a refugee you play the allowance in the betting rooms for years which is normal food accommodation phone cards and all assistance is already guaranteed the 75 euros per month allowance is for extravices vox url,0
user user user it s about regulating flows by organizing and managing them so far as usual assholes the migrants kept them underground on the street waiting for them to go to sweden now we don t know how to welcome a few thousand and with the rustic we are tough we are the same hypocrites of 22,0
count on the migrant case we will say yes to 15 people not only women and children,0
migrants in calizzano separate buses for residents and refugees like apartheid the fact url,0
why dong and lobby cattocom of the illegal reception are so furious against user just one number since the beginning of the year 155 migrants have landed in italy less 96 compared to 1 2018 and 1 2017 the strategy of closed ports works and they don t cash anymore,0
barricade against the arrival of 20 refugees and in the end migrants are hijacked the revolt begins url,0
sicily unaccompanied foreign minors proposal of law to the url chamber,0
milan the carabineri in the roma field of via negrotto found a stolen car url,0
without them italy would be a paradise and boom immigrant crimes 200 thousand arrests in 9 months url,1
take two roma moms to their homes in the rv in milan take them to jail two moms rom url,0
very strange almost not to be believed malta lavalletta has arrested for terrorism the 3 hijackers of the ship cargo of a few days fa but in italia no one says anything of that it is not worth it ong alankurdi portichiusi salvininonmollare url,0
aquarius agreement to 4 to welcome migrants url to receive a single load of migrants italy has welcomed 000000 in recent years continue to criticize macron you will see that your popularity will continue to grow ridicolo iostoconsalvimi,0
who saw the big guy get his hand from the softair to the foreign legion passing x mom,0
rome the roma family barricaded in the house of casal bruciato we are terrified,0
user will also be nomads but they are always in italy to delinquere why don t they go to other countries too germany switzerland,1
two minor nomads reported by police officers in oristano for possession of url url,0
user migrants feed a business while evicted families sleep in the car in general indifference if this is italy,1
imagine for a moment that we are talking about the author of the attack on the bataclan would you consider ethical his interview and his life on the loose and his denial of being a terrorist url,0
it s nice to have 1h more in summer and even better now with all these foreigners so i m not anxious being a woman and them troglodytes,1
user source of funding for their trafficking they must not kidnap the ship but arrest those who use it for these dirty traffics of garbage and migrants,0
congratulations to the forces of order that have arrested two potential terrorists this operation shows that terrorism has now arrived at the doors of our home because of those who gave the green light to the islamization of italy and europe url url,1
user user eye to say that you are a foreigner that then the italians with green and yellow lapels tell you to go back to your home that italy and only the italians i often tell me and think that i don t even live in italy,0
islam is the opposite of everything we have fought for in the last 1000 years islam is the negation of the rights in particular of women s rights i am ready to fight with all my strength so that our freedom remains at least unchanged url,1
user attention the real terrorists are in the vatican it serves security the vatican is like the troya horse x url invasion,0
user what a beautiful crowd org baobab father all pro immigrants we can welcome says that piece of baobab and who gives him the job who the house your grandfather who gives him the fuck your sister,1
minorenne rom arrested after theft in apartment url,0
user 5 000 italian roma are waiting for citizenship income if you think i ll break my back i pay taxes that will keep these people you get it wrong i ll exercise my right to disobedience and i won t pay even 1 cent anymore i ll spend them in dressed clothes you re not in it,1
user user a shame to oppose the abolition of the residence permit for humanitarian reasons which has no equal in europe just turn around rome and see the result dimaio conte governmentdelcambiamento immigration salvini,1
the choir says we re gon na be invaded and converted they believe that and they don t hide it we don t have to let these clowns in the street and much less mosques,1
historical meeting of the g7 because we are finally talking about immigration repatriation and expulsions satisfied also because french minister castaner said that ngos help traffickers user url,0
roma camp in north rome a prima porta until 2018 overcoming challenge is today roma url,0
user goddamn black islamics who land in italy they threw 12 christians at sea for a no a pieta religion dispute,1
user you don t have to ask me ask the ministry if you think there s a terrorist aboard a ship make him land keep him in a controlled place until you do the investigation if you don t don t go around creating panic because maybe there might have been a terrorist,0
roma dead chinese student roma won t go to jail url url,0
lagabbia enough talk about illegals not to let salvini expose themes and solutions on politics and economy you have broken up with refugees,1
a fine that is a victory for the farmer passeur who helps migrants at the italy france border url,0
lariachetria rom a vagonate in italy send children to beg to steal drugs and x judges and the state is in their culture,0
rome paper mill den of immigrants degradation and dealing a stone s throw from the town hall fifth column,1
here radio london mattarella terrorism danger everywhere in rome in particular url,0
the astral sailboat of the spanish ngo user is again headed towards the central mediterranean the route used by the migrants by the libya this is known by the same non governmental organization save life in danger at sea is an obligation not a choice,0
turin fire at the camp rom damages the overpass of corso sacco and vanzetti which remains closed indefinitely i walked it every day thank you millenarian roma culture for this gift of christmas stopinvasionurl,1
excuse me user could you explain to me who the bombers who used to know who they were hitting and paying in person for me they were terrorists and mobsters who hit the servants of the state so not good but murderers i hope you got caught up url,0
user i saw clerks of lidl sequestering a roma camp in search of salvini s last neuron they thought it had been stolen,0
every year at least one hundred thousand christians are killed by islamics and even today by korean communists in odium url,0
user si ok but children can not be guaranteed unless you do as roma etc etc conceive them and then send to beg,0
torino via germagnano also the clandestine gambling show up at the nomadic camp url url,0
what exactly is mimmo lucano accused of not what you think when they talk about immigration business they are teasing you don t fall for it 3 october user url,0
user strange that it s a rom they re all well integrated and law abiding not enough italian thieves we import them as well,1
user user should italy ferry non refugee economic migrants and other countries take them on folliaitaliana,1
he accuses the romantic child of stealing and wounds him with a blade arrested,0
user user sorry if the roma steal the credit card you fire the employees why,0
italy immigrants and fucked mr europa honors us but will not stop the invasion,1
user nonsense that foreigners say what a sovereign country should do noeuro noeuropa user user user,0
rt user the costume of the nomad locked in a cage likes the legist mayor it makes me laugh url,0
card betorinon negate hostitality to those who go from warramai bugia grandest grandestenon shows no one from warrasmettetethe to do the piannisteipensate to the faithlibasta bugiemigranti card betori do not deny hospitality url,1
the same ones that je suis charlie some time ago now they say the terrorists did well you disgust me immensely,0
amnesty meloni replying to sender accuses marcheschi and ruffini on immigration and url url,0
user user user user user user user user user user user user user user user user user user user user user user user user user user user user user in fact i voted for this i felt his promises and priorities against illegal immigrants and islam,0
invasion of italy another 158 thousand migrants in ten months beat the records of url landings,1
venice racist phrases on facebook against asylum seekers 6 months without social and will have to read books on immigration url url,0
lying endings here are all the hotels that host refugees,1
user if you take a tour in front of the post office bars and supermarkets you will see that immigrants sn all in their place asking for alms a proprosito of buffalo yours however,0
user how do you not want them you are in favour of immigration then where is the problem,0
user user user you just can t reason with you blame me at random and now you get me out of immigration don t only blame student protesters in 77 cities in italy it s easy to say that these are bound by others or hypothesize a brainwashing take it with others too,0
user migrants live in hotels the italians are the new crucifixes,1
archbishop of palermo shock the islamic massacres our fault we must change lifestyle url,0
darwin award 2019 for immigrant drug dealers who in bologna take selfie in front of the police car with a bunch of bills maybe to pay us the pensions at home toleranzazero url,1
chinese student died in rome stopped a 20 year old he is a nomad of the camp of via salviati url via user,0
away from foreigners who do not work we are italy not let us be influenced by europe,1
total propagating pro global compact migration and tearing services on poor migrants somalia libya syria stop with the propaganda of soros close it7close la7,0
they try to rape her while she goes to work hunting two foreigners in grosseto,0
user user what you and i think matters very little what really matters is the laws as long as dublin is in force the rules laid down in the treaty apply the rest is propaganda you can continue to blame soros boldrini or individual migrants but dublin bears the signature of maroni,0
hard accusations it is still little i would make genocide of islamists jihadists we are tired of always hearing the usual justifications,1
at afragola a guy kisses salvini s hand mafia godfather style and another shouts don t make us pay our escort to user anymore because for someone the problems of our country are not mafia delinquency and poverty but saviano baglioni and migrants,0
inps retired after 5 years of contributions but only if you are foreign we clean up italy url,1
user user user we need collective returns more prisons and forced detention for illegal immigrants,1
here s how the inps data disproves boeri and the rhetoric of foreign resources most of them found the country of bengodi in italy and took mass assistants without ever working url,1
the muslim user lies shamelessly at womenmarchdc funded by soros the koran inspired thomas jefferson and the declaration of independence,0
it is possible to regulate migration by pushing towards legal immigration trying to drastically decrease illegal and unregulated immigration to minimize costs for both migrants and host societies url url,0
immigrants make italy lose 5 billion a year,1
url border situation croatia where thousands of illegal immigrants are crossing undisturbed border x arrive in europe the existence of our future of theirs and their countries is in danger stop illegal immigration is a doure,1
awake roma don t want to integrate into italy just to steal tagadala7,1
globalcompact for years italy has protested because it is left alone to manage immigration now we isolate ourselves so many enemies so much trouble,0
radiorpl discrimination at the toscana contrario donated 30 thousand euros to the roma to do the shopping in a coop url,0
interview with user on the parliamentary committee of inquiry into nomad camps in the city of roma url,0
user many votes have not come even and especially for the poor management of migrants people are tired of all these arrivals,0
user user instead islamic scum and islam are a good thing at most we don t talk about it hypocrisy take me away,1
italy plundered used as a landfill of wild immigration of european nuclear waste betrayed by the two liberal parties that ruled it for 30 years bringing it to this disaster now a city symbol of the economy to drink transformed into cesso,0
iran minister of foreign affairs zarif declared that ahvaz s attack was carried out by terrorists recruited financed and armed by a foreign regime and added that iran holds responsible for regional security of terror and their masters usa url,0
user user this is what europe wants an unstable italy with foreigners in revolt against those who don t think like them we hope that someone will send them home as soon as possible,1
user user user objective analysis of someone who hates salvini i stop at the first point we need more redistribution of migrants i do not understand that the goal is not to leave migration policies in the hands of negroes and ngos by relegating states to distribute those who arrive,0
they are kept and good by us parasites sucking blood take care of italians and in return bring us degradation and the problem islam url,1
the silent and silent attack of islam on christendom in europe url,1
i ve broken my balls to feel that immigration is not an emergency in front of every store there is a stalker in every square they sell dozens of migrants two or three neighborhoods of each city are inaccessible to the italian population but where the fuck do you live lariachetirala7,1
repressive management of the migratory phenomenon the better those who have allowed you with flags of all ue to bring them only here in all countries your irregular migrant friends who delinquency dispatch rape would be repatriated go to france from macron amnestyinternational,1
a prayer for the millions of victims of nazism so that the murderous madness never repeat itself again day of memory p s what a squalor those who approach the shoah to the serious control of immigration that make all the civil countries of the world and finally also italy url,0
so malta helps migrants petrol liters and compass to send them to lampedusa these little dictators protected by europe that hates italians must finish url,0
user user i believe that if instead of two roma there were two old italians you would all agree with me,0
lucca cars with immigrants force the checkpoint shortly after it flips over a dead and url url,0
they organized racist raids all over italy against migrants three unexpected url university students stopped,0
ah they re not illegals they re not even war refugees they re infiltrated in our country to live on drool while the worst rapes they rape and they kill i call them delinquent pdmrd url,1
who knows if the african union ambassador to brussels arrives in 2020,0
cona refugees molest a 17 year old,1
at the foot of the piramide the cemetery for foreigners in rome 300 300 years 23 september 13 november 2016 url,0
the debate on security and immigration is rekindled after the murder of piazzale loreto in milan user ore url,0
naples in the cinema out of campo stories of roma in today s italy url,0
the islamics remain that is worse url,0
even germany is learning from italia enough migrants clandestines germans in the streets against goodness salvini succeeds in exterminating the establishment of immigration in europe governmentdelcambiamento url,1
the bodies of dozens of drowned migrants found today on the beaches near the city of al motrad in libia url,0
have you wondered why the eu wants migrants not the free movement of europeans migrants they are the ram to break down the principle of territoriality the basis of states and law by mortifying the peoples the eu hopes to strengthen itself its goodness is only thirst for destruction,0
now enough goodness and stop immigration now we understand who we have and badly let into the house,1
while in italy anti terrorism operations are triggered against those who have gone to fight it for real the war of liberation against isis continues to advance in the final phase of the operation timestorm of cizire url,0
user user we want 1 return to the ius sanguinis diluted in 92 after soros 2 naval blockade 3 returns of all africans and middle east 4 banning islam 5 nationalisation of banks 6 no politically correct information reform are you the ones to vote,1
user you and your party italy have left you full of unemployed you have impoverished many italian citizens and you have only filled us with immigrants to maintain and you have added other delinquents,1
user user in switzerland all immigrants have a job a fair salary a home a car so you can t see them selling drugs like we do but switzerland is a civilized and orderly country and then it has easy to control borders,0
let s do it let s do it let s do it let s do it let s do it let s do it let s do it let s do it let s do it let s do it let s do it let s do it let s do it let s do it let s do it let s do it let s do it let s do it let s do it let s do it let s do it let s do it let s do it let s do it let s do it let s do it let s do it let s do it let s do it let s do it,0
200 to the roma every semester money of the charity of the romans who served to pay the lace this is and not for christian charity to the needy we lacked the extortionary nomads in this country left in the hands of delinquents that sucks url,1
the pydiots have always had other interests cooperativereds migrants and everything business always finds them just see the latest zanda megaminkiata and you immediately realize who you are dealing with,0
for contracts in rome s nomadic camps 13 url urls,0
threats to sociologist for nigerian mafia article and garganica url,0
a torino survey found in croatia the treasure of the queen rom url,0
the fun of the day find the italian patriots who chant against the roma by shopping at lidl german multinational,0
i am very afraid in italy and europe because every time the terrorists are doing damage,1
i in italy pretending italian medicals very prepared and intelligent foreigners went elsewhere ohh these immigrants are really breaking my boxes they are always talking about racism and they do it to profit the italians agorai,1
user user and useless these islamic arabs want to dictate law in all areas are a cancer of humanity,1
user sciacallo is not established then we let all immigrants enter italy and we don t give them a vaccine in america our immigrants held them in quarantine x protect themselves,0
user and why even the roma age,0
at bookpride19 domenico lucano told us the ideals behind riace s welcoming model we learned how to defend ourselves from the danger of those who provide a moral alibi to their indifference towards migrants url,0
the priest opinionists of the political talk shows defend the migrants delinquent and irregular giving one negative image of the families of little girls killed stoned by them well what can be expected from the priests the vatican is dirty e orlandi e gregori e claps pedophilia orge ec,1
also the antitrust against matteo salvini no to the tax on the remittances of immigrants,0
user user user user roma immigrants and all those free professionals who earn and url,0
you know how much this year the emergency of refugees and illegal landings costs 4 6 billion euros from government many words url,0
la barbuta fire breaks out at the nomadic camp high smoke column traffic problems on the url user connection,0
user of course to the migrants of the way of the cross does not make a mustache it is enough that any imbecile spy on them the way of the invasion of our lands with our laws they will invade us and with their laws they will distract us awake christians imbecilli,1
marsicani podisti robbed at roma ostia the video of the roma camp abruzzo through url,0
jnews i hope juve will be happy with italian journalistic media only foreigners in pink we will see the matches of the national relaxed,0
sputated by the same migrants who are afraid of new arrivals it is the d i a that devastates it with alarming data the pd no longer knows what to do with it i remember the victims of amri landed in the dungeon who did the massacre at berlin piddini url,0
we put them in a container and send them where,1
i have piave insurge too many migrants are sowing themselves in all italy insurge in your iron fist and cries as it was in 15 18 and the pleasure murmured no strong user,1
the slarp slarp slarp slarp slarp slarp slarp slarp slarp slarp slarp slarp slarp slarp slarp slarp slarp slarp slarp slarp slarp slarp slarp slarp slarp slarp slarp slarp slarp slarp slarp slarp slarp slarp slarp slarp slarp slarp slarp slarp slarp slarp slarp slarp slarp slarp slarp slarp slarp slarp slarp slarp slarp slarp slarp slarp slarp slarp slarp slarp slarp slarp,1
the illusion of growing by decree treaties only wanting to power giving the blow to migrants is an excamotage to cover their defiances in economy only criminals and not all migrants should be respected,0
a landing of migrants in porto pino inspired trumpeters rob mazurek and gabriele mitelli who improvised a concert immersed in the sea fabio poletti witnessed this unique event he tells us about roots url url,0
leaving the european union leaving nato canceling debts preventing immigration to avoid a crisis of civilization all demanded with extreme violence destroying their cities both materially and economically and trump salvini mlenchon lepen applaud them url,0
ppn alitalia after trump s restrictions against terrorism problems also in italy url,0
user user user we voted too to no longer see junk people landing on our coasts closed doors and share migrants already present in our territory with other eu countries by subito url,1
you will do children do not serve to be a family lgbt sex giving children is no longer worth anal and dildo gay children are bought feminists you can kill if embryos pd they are replaceable with foreigners burions they are infected long live the culture of love,0
report user user in italy over 5 million foreign residents increasing new citizens but the problem are not the numbers in 12 years the references to immigration in the tg have increased by more than 10 times url,0
foreign masses penetrated as a result of the betrayal of the left are animated by hostile feelings they create colonies that despise italian law attack with stones and sticks our carabinieri only the army can expel them and punish the traitors forzarepubblica,1
rom who fan what they want to build without permission steal are violent and gov protects them ennsol gov but also m5s vcomunal joints,1
today the eviction of the penicillin factory mountain garbage drug underage girls forced to prostitute including a pregnant woman china is france are getting stuck in africa and we suffer immigrants no it doesn t work that way if they puppet them,1
i always wonder about people like user and all pro immigration vouchers what more do they have to see to understand that islam is not at all the religion of peace they profess and that having these people in europe will bring nothing but blood to rivers url,1
user enough you are not a shepherd of god but of the devil before protecting the muslims read the first page of the koran they are inspired by muhammad a 65 year old man marrying one of 7 is it to defend pedophilia at your home user user,1
now a european law that provides that a terrorist if caught alive has life life life with a pig if dead he is buried with a pig,1
user everything else is fake the fact is that immigrants perhaps forged with our taxes without contributing to the life of the host country make their dirty urls never had come never would they have committed crimes,1
pamelamastropietro in front of the italian courts the manifesto of women of forza nuova in macerata the anger of women against one of the murderers and rapists cannibals the feminists always absent when every day more they are immigrant executioners r fiore url,0
weddings in italy for foreigners great idea to exploit weddingtourism incoming via user user url,0
shameful whoever escapes the war and dies of hunger does not spit on the dish where he eats especially if kept at the expense of others false needy lying is unveiled and our fellow countrymen humiliated to search in the space,1
mediterranean hurricane alarm on the ionian sea risk disaster between italy and libya the ship aquarius with 58 immigrants we need a safe port with urgency alarm hurricane mediterranean url,0
the roma camp in north rome will be it is contradiction to five stars url url,0
spain opens the ports to open arms will welcome 300 url refugees important that user or user or user or any of them knows that in italy we closeiporti by order of user who carries on the wishes of the italian people,0
i d like to tell them what to say about what they want to give to the immigrates pay them every day to keep them drinking in the pizzas not to do a dick for them is just like that,1
user you don t deserve sympathy regardless of the dress you re wearing your sympathy slipped away through the tears of the sacrifices you ve imposed on italy and the italians while you were kneeling at a europe that despises its peoples to flatter migrants,0
the integration cabaret pordenone family muslim against the time of physical education at school are mixed males and females understand they rebel against our lifestyle we change it x them pure crazy islam migrantsurl,1
the cinque stelle idea in rome a free tax area for roma url news,0
muslim medical germany muslim migrant who refuses to work with women the principle is always the same in muslim countries infidels must adapt to them muslim nns in unfaithful countries must conform their behavior to muslims url,1
even nomads now seek political asylum online news url,0
user a roma that gives lessons is really unique you have a few dozen thousand blood relatives who delinquote to catechize before going around to break the balls to the italians start from these two then if you are not well in italy the world is great and waits for you url,1
first they fill italy with non paying migrants and delinquents then they kill the economy and take away the prospects then they say that you are bad and grievous they fucking thought that you were happy too censis,1
rom round trip on the roma subway with child exploitation shame url,1
from your side here s the work of the roma the movie says it well we hear the paladin of the roma already smiles the bitch,1
trenta with war in libya migrants become refugees that s their true face they want an invasion crazy stuff dimaio trenta waitingprometeo ivreic url,1
african refugee kids they kidnap a man then,1
milano milano roma for years in municipal buildings in via adriano url,0
inclusion of roma skepticism reigns in city hall xi garipoli homes first to italians news roma url,0
sea watch macron s revenge on migrants france doesn t take them anymore salvini cheats him then,0
the muslim is an individual who submits himself to the will of the one true god allah the creator,0
user also gay they are two themes that unite everyone gay and roma,0
nobody was been butted to road those stronzates the decreto salvini attacks the interests of the clandestinian immigration costs million euros to the italian days decree salvini to those who fear the return of legality url,0
italian youth from the south to the north when immigrants touch an italian all for one and one for everyone just stand with open eyes,1
just keep quiet about migrant thugs and exalt every word or racist egg hcr url kickincule,1
user user what did he really say he compared the migrants that we welcome today in ita for which we sprinkle 1000 month each to italian migrants in bel lux who were in the conditions below if we now have salvini min inside is also grz to this type of generalizations url,0
user user those of we can do something against climate change they are the same as immigration is an unstoppable phenomenon and the euro and the european treaties are irreversible understand superhuman phenomenon we can intervene human phenomena we can only suffer,0
user user and instead i would say yes care for you costs we do it because we are civilians but then if you are clandestine you also go fuck yourself that regular immigration already gives so many problems,1
it is not over here at 11 am i will take care of the casamonica knocking down their abusive villa at romanina and this week there will finally be the definitive green light to the decree security and immigration come on the package is over,0
the umpteenth scam of the roma fiasch to the elderly arrested gypsy multiple victims century of italy url,0
user user the same one that puts at home rapists rom murderers and sends free drug dealers and multiple illegal victims,1
news flash euronews rss italy and tunisia sign series of collaboration agreements and measures on immigration url,0
in italy there are 100 000 roma who are italian with italian documents and who live below the poverty line without real estate this means that they will be entitled to the income of citizenship bring bath salts to salvini and pass them under their noses,0
user not only is he an imbecile he is also theologically unfit he should be a defender of christendom not of islam,0
user user pay pensions to immigrants who rape kill rob and do not do a c from morning to evening and give a misery of to those who have worked hard,1
palm trees in milan and the dates we do not want to give them to our refugees they need many calories,0
charliehebdo and we in follonica do the christmas recital at school with elephant instead of jesus out of respect for muslims,1
italy the only one that saves migrants the only co operatives that earn italians the only ones that pay,1
islamic terrorism arises from muhammad s madness it is violent and against all civil coexistence all over the world either you bend to muhammad or he is physically eliminated together with your wife your children your grandchildren i am against humanity,1
the state is too busy to keep islamic terrorists and to pick up others from the libyan coasts url,1
chronicle use the bando on migrants has been suspended trump s lira meet me at the supreme court url,0
user the neolithic is past and belongs to prehistory today s immigration and nomadism are different concepts user,0
torturer of migrants in libya arrested in milan lombardy ansa it url,0
user return to your countries you will have all the mosques you want no to rome islamized,1
user matteo why 235 illegal migrants could land in pozzallo we are encouraging italian ships to do what ngos did stop invasion,0
user how is the story that migrants get sick when they arrive in italy url stopinvasion,1
user they should leave them at the mercy of the people and then take them to jail the prison is little outside foreigners all,1
trampling sandwiches for the roma is not protest but racial hatred screaming you have to starve against women and children is inhuman torremaura url,0
if they will attempt to land here the illegal indictment for aiding illegal immigration kidnapping of the ship perpetual revocation of the boat license or license or any document that allows it to navigate also because the u e has declared url,0
thousands of migrants with humanitarian permits thrown into the streets women children interrupted integration routes salvini wants them desperate and illegal so as to use them for his propaganda a criminal in the ministry of the interior,0
user since they are mostly refugees we hope that future clandestines can be repatriated no one can decide where to live if the peoples of europe do not agree immigration must not be imposed with the violence of scafists and ong among their accomplices,0
the only thing you can take from the arabs and that who steals you cut his hand in the roma fields would all be nicks fifth column,1
a suit with a veil to convince muslim students to do sports the idea of an english university,0
to sum up the logic of the pd government flat tax is good for attracting foreign rich people but it s a shame if the league proposes it,0
user just that the government forewarns of foreigners and we italians must make hunger,1
what is the meeting of the hypocrites it s obvious that saving lives is a priority you had 3 governments left to try to fix the issue libya you didn t fuck because on the left you needed immigration you asked for words of bonino basta is over rosicate url,0
user and the italians who can t line up dinner with lunch or pay rent and bills thanks to your shitty policies when do you collect fuck islam immigrants primaglitaliani,1
user fucking buonists if they touch girls and women we ll pick you up at home to you not to immigrants after them too,1
a matter of priority in the turin where immigrants sweep entire neighborhoods seem africa and controllers have to make the mark of the cross before asking for the ticket the buses arrive posters against the racismurl url,1
but the beautiful story a little marxist that the islamic terrorists are the fruit of misery despair and degradation as it binds for the umpteenth time with the fact that they are in reality anything else srilanka and other stories which some will never understand,1
rome schiuma ncs three italian families sent to a nomadic camp url,0
user undervalue islam is a death sentence,0
in fact romans romas and tourists no one controls they could work dozens of guys but so much the urls,0
we can criticize the way they are still to be seen but to oppose measures to combat poverty and to maintain social dignity art 3 with the most varied apologies makes me as disgusting as the comments of the legists on immigrants reddiction,0
here is guy verhofstadt alde new ally of the user is in favor of euro migrants and austerity and friend of url,0
surprise in foreign languages at school italy is among the best in europe url,0
in defense of the outlaws roma ladri clandestini dealers mafiosi raptors swindlers evadors mayors assassins but they want to represent the state the law and the italians,1
presumed refugees discontented with food and accommodation paid by italians solution is just one all at home user,1
the great escape from the chiesa bergogliesca among constant appeals for the migrants and priests who lead them to bathe in the pool url,0
our nation s parassites they want everything with force are the pitches of the african vitellons they must zero gallarate cleared nomadic camp threats to the mayor i come to you to sleep in the house url,1
user no citizenship income for foreigners and fascist slogans all those contributions paid by foreigners where did i end up,0
after the attack on the tourist bus near the pyramids in egypt that risks damaging tourism the army kills 40 islamic terrorists demonstration that in medieval islamic countries a secular military regime is better than an islamic democracy,0
the income of citizenship if there will be only to italian citizens would be a racist and unconstitutional act there are millions of foreigners good citizens who respect the next work pay the url,0
user user user there are also guards who are attacked by roma as soon as they try to enter a camp immigrants,0
the usual confusional demagogy that moves the problem the migrants who arrive with the boats do not work url,0
i asked the refugees to work but they prefer not to do anything,1
islamic invasion of the colosseum crying allahu akbar storm breaks out rome raped url via user,1
clamorous in lazanzara pore roma can quietly occupy other people s homes because casapound does it too,0
also migrants to jesi against racism and sexism nonadimemo lottomarzo user url,0
send a good group immigrated in social centres see if they will still be competited and defected parassed drug imbecilles url,1
user user in a democratic state like ours you shouldn t let religion in since african power is islamized you shouldn t let it in because we know what islam brings only death and oppression imposition of anti democratic rules,1
monfalcone councilman shares on fb philanthropy anti migrants after the controversy he says it is not racism,0
user user compare our grandparents emigrated to the illegals who land today wants more immigrants and ends screaming shit but in luxembourg tax paradise that can not give lessons url,1
user user let s get our city cleaned up by illegals abusers thugs migrants drug dealers nigerians and gypsies,1
user user user i already once declare that in the koran it says we will attack rome only x make his friends happy,0
st ferdinand tendopolis militarized migrants we are here to work,0
the worst from never without aired in today s political point the roma who robbed ermes set fire to his url,0
user unfortunately it should be seen but only by those who think that islam is not dangerous except in its extremist fringe to those who are already aware of it i absolutely do not recommend it do not make the same mistake as i do i wanted to verify and frankly regret it,0
user user criminal heads of state after doing business with terrorists now they are scandalized assad is in his place,0
the president has spread a sermon in the name of goodness stigmatizing those who ask for more security and less immigration he has spoken about the european elections and has pulled the brake on the demands of autonomy of the north the political line of the colle is evident url,0
user user you have to force them to live only a week in the outskirts in the middle you have black cannibals you have roma the gypsies you have italian delinquents in short make them feel with their hands what it means to live in the democratic world of the fuck,1
ferrara the legist mayor declares who hosts migrants in secret,1
i am amazed at those idiots who twist their noses when someone proposes to burn the roma fields to whom we pay p url,1
my affectionate thought goes to the m5s that bizarre movement capable of screaming at the end of the immigration business for the arrest of a mayor who didn t steal a single euro and at the same time to silence the 49 million stolen by the government allies,0
the muslims are killing our christmas now it s enough,1
mafia capital bribes for the reclamation of the roma camps asked for 17 referrals to trial url user user,0
in dresden there is the bonus violence for immigrants we who complain about the sentences in our judges in germany there is worse than worse fight and rape a social worker by a syrian acquitted because poor man didn t know it was a crime do you understand now,1
from the judges green light to the african abusive valetists it s not a crime ussignur,0
the ass face of the migrant panciuti the full and laughing expression italian don t count a dick they are taking away the freedom to decide ourselves it was better if they killed us i feel an endless humiliation then anger and hate for those who have done so seawatch,1
the black model out of italy the parasitic immigrants the brazilian model works as a model and does not weigh on the english state while the clandestian parassites do not work and are maintained,1
many leftists say that italy is dying young people are spoiled have no children leonardo and giotto no longer exist so it s good that the migrants replace us that s the difference with us we want to rise again at the cost of dying they love to take it up the ass,1
user who deports those who support the invasion are conniving of islamic terrorists and must be shot all url,1
if you lower the price of labor it is not the fault of the entrepreneurs who exploit migrants but it is the fault of them coherence agorai,0
from your side just welcome close the mosques and ban islam from italy and stop inviting on tv races that do not deserve,1
he feels sick in the medical guard s office and falls on the ground 26 year old foreigner cut off by a heart attack url,0
user the roma race must be impaled in public square they are the scum of the world like the terrorists,1
more than 1 500 000 syrian refugees have returned to their homeland per soros complici i am a million and half of coltellate to portafoglio url,1
friends18 i don t know who will be in the studio tomorrow but please don t do psychological terrorism on tish like last saturday enjoy the show without insulting or exulting at times as delicate as nominations,0
on the quotas of migrants and european solidarity the spirit of rome has already ended on the rates of url,0
the german authorities carried out 13 anti terrorism raids in 5 states in germany just now a state of alert url,0
court of human rights italy is not obliged to land migrants url,0
camp nomads genoa cornigliano the teachers do not give up children must go to school url,0
and the league of maroni financed the nomadic camps of rome with 30 million url year,0
two illegal immigrants stopped tonight for the rape and death of two more wanted thanks to the forces of the order i will do anything to ensure that the worms guilty of this horror pay to the full without discounts their infamy,1
ridiculous little service at piazzapulita who would like to prove that the migrants are all refugees subject to racism and the cops shit,1
barcone off the coast of sicily 90 migrants brought to lampedusa salvini illegal will be expelled url user but we joke make us mock ships and planes on patrol and we see them when they arrive on the shoreline,1
user user in italy so far there is no racism there will be if you continue to welcome roms and muslims,1
what better piece on this day day emilia where all the great refugee experts have become url,0
the german ngo sea eye took on board off libya 60 immigrants it may require a landing in italy,0
here is the nomadic plan of the raggi junta the failure announced url,0
salvini also in roms if they have italian citizenship and don t live in illegality,0
what do you think he wants to say that we must welcome them all since traffic is a victim who knows how you do the fight against illegal immigration if not stop the landings of illegals forzaitalia disperatoblues url,0
user user this is because islam is a non reformable monolith what it says is immutable and no one can change it christian doctrine can be changed over time almost all the old will is no longer part of the doctrine eye for an eye for example,0
user user fratoianni refoundation social centers and two journalists pro migrant traffic do not make tourists work against italy,0
user just to understand what are the rights usurped by immigrants,0
bari municipal agents save his life roma citizen delivers icon to url,0
user user enough with hypocritical propaganda you re selling italy and italians to islam fuck user iovotono,1
now not even the tv infesting piddinal newsreels can deny the african invasion and the danger of islamic terrorism in italy,1
milan a foreigner blinded with spray and beaten two police officers at trial,0
user you have the face like the foot you have filled us with potential terrorists you would like there to be total submission you are doing everything to crush the economies of the member states you are in the money of soros and rothschild you will feel if you want to choke it,1
user user potential delinquents or worse still potential terrorists,1
user user user user scarcerano gli stranieri e gli italiani lesciano li morire in galera rubi una gallina ergastolo pennesi ad una straga assolto ma solo se non sei italiano,1
terrorists are islamic only when things are called by their name can you defeat user outside the url,1
user user but also chinese and roma members without controversy just to understand,0
we have many italians who sleep in the car because they don t have the opportunity to pay the rent and the mayor of pd looks for home to immigrants saying also don t be racist i say why doesn t host them at his home url,1
the point is why is there an islamic teacher to catholicism why is there a fucking communist at the head of the church url,1
fascists no integrated islamics the daughter lives western as they brutalized her,1
user but why are we so helpless before this flood of invasions and the islamists and the nigerian mafia and the roma the rapists could the left have reduced us to conditions that could not remedy all this we must take back our italy,1
roma fields degradation toxic burns garbage holes housing emergency roma is on the brink administered by an inadequate mayor who does nothing but think of casapound friday we will be in campidoglio to bring the sacrosanct rage of the romans to the square against the raggi url,0
user user user user user user user jewish criminals and french executioners have attacked syria 14 dead for now do we want to talk about it,0
user user matte ask the roma who don t have a dick to do we work,0
user i m always right my friend see you soon and forget about the city of southern polentoni immigrants rome reigns,1
user user the false sillogism of pope francis migrants suffer jesus suffered all migrants are jesus,0
user also saviano is a roma dear matteo anke him out of italy,0
constitutional court stop islam is unconstitutional sign the petition user url user and share thanks,1
in these hours at lampedusa 82 migrants have landed and another 200 are heading towards italy brussels fault the government takes us out of the eu making our nation free and sovereign,0
sea watch nosiglia the church of turin ready to welcome migrants on board the ship,0
boldrini migrants are the vanguard of a lifestyle url,0
do you understand they return to libya but why don t they take them back to libya come on saviors close the ports we won t become the refugee camp of europe aquarius salvini governmentdelcambiamento governo user user user url,0
user user this pseudo welcome hurts for first immigrants who want inte url,0
that of exemption from the duties of the bureaucracy to which the italians are subjected will be the battle of the coming months yes because for a part of the left immigrants must be granted the right not to waste time with stamps and marked cards,0
user user user user user user user user user user user user and the usual jerks still to organize demonstrations and procession pro migrants will ever understand that for them we are land of conquest and meat for slaughter,1
saviano defends the 2 roman thieves and attacks salvini incites violence disgusting its users fb riscatto url,0
user these migrants are all men meaning ke nn are war migrants user user user user,0
from the tav to immigration the slippery terrain for the m5s url url,0
congratulations indeed to casapound for stopping 90 children from entering school they were roma but what changes url,0
user it seems to me a good metaphor of this europe that tramples on the weakest the poor the workers of the lower classes the migrants the young people who want to make their voice heard frankly i start to break my balls,0
and then they are surprised that we no longer have children with all the immigrants who drain the welfare built with our sacrifices moms protest too many strangers have the school grant first the italians url,1
user user will take them muslims and irregular migrants,0
gypsies the usual merdosi let s hunt rome the roma attack an 81 year old to rob it blocked by url citizens,1
user actually the mayor of riace did not welcome him his was a criminal otherwise they would not have arrested him it is the novelty of those who favor immigration to help an immigrant you can violate the law instead if you help the italian people you are fascists and you must disappear,0
germans complain about migrants in dresden all with a knife in their pocket url,1
council 21 get rid of all abusive nomadic camps census the regular ones,0
migrants mons staglian noto disponsibility from the people to welcome the refugees saved from the ships sea watch and sea eye agensir url,0
the new nomadic camp will rise on the grounds of the parish and the municipality canavesenews url,0
user but everything terrorists are muslims let s think about it,0
have you already joined the facebook group of cara italia a movement that fights for the rights of immigrants against racism and all other forms of discrimination we expect you here url,0
it feels bad in the rescue water by swimmers and foreign doctors it is serious y follow the adriatic corriere and stay up to date url y url,0
the ruspes of the social minister if they are not against the roma camps rides them only from rome down because as we well know in the north there are no mobs there are no abuses or criminal families in the north the ruspa does not break,0
user la meloni thought the media said like terrorists all mentally ill,0
user user because we re all honest at least they don t have to keep muslim clandestine who want to kill us,1
ln padania merkel s deputy on immigration you have led europe into a dead end url,0
the decree security or decretosalvini now under the scrutiny of constitutionality at the presidency of the republic strongly limits the humanitarian protection to the refugees who today as in many other european countries are entitled to it url url,0
patriarchal nomadism in integrity is a source of man s domination that matriarchal and repudiation of stability that is not for protection,0
user user mai islam basta clandestini no moschee must respect our laws rules and traditions if not out of all states and back to your house,1
giulianopisapia italy needs 200 000 migrants every year url url,0
migrants new un accusation to libya unspeakable horrors in detention centers deputy secretary general gilmour foreigners subjected to unimaginable horrors also by the authorities from the moment they enter the country url,0
trump has nationalized the midterms2018 elections around two themes immigration and impeachment it has motivated its base that will go to the polls in mass user piazzapulita,0
sesto san giovanni anti foreign ban for folk houses only two out of 39 assignments in the former stalingrad of italy,0
user user user user depends however just for information not all immigrants are nomadic,0
citizenship income here is the draft of the decree money also to immigrants,0
user renzi s pubic are islamic islamic rom mice jewish confinbanche genitalici of every art but all of one part,0
give us the money you filthy italian two immigrants stab a man in rome url,0
al serraj s alarm to italy 800 thousand migrants ready to invade,1
lodyssey of the 49 migrants and europe in the ford between strategies and consciousness,0
today s racism armed with common sense the racist no longer tells you that he hates immigrants and that for this reason he does not want them in italy but that we should kick them out for their good that s how to defuse the rhetoric used every day by racists url,0
they sold dozens of stolen products police raid on nomads url url,0
lastimenotices news news stopped a roma for the death of the chinese student url,0
user stop jobs x build incinerators x watch what comes out of filters but the zingari is allowed everything why it s time to change justice clandestini government soros ong m5s islam italy globalization migrants salvini m5s,1
rome a new roma camp will be born ilgiornale it url via user,0
policeman shoots a fugitive nomad after a theft the pm asks him for a compensation of one million euro url,0
no sinti rom treviglio borders them in a field with high hedges but we do not forget we are fed up with url,0
user to us do nothing because we are the ferrymen of terrorists enough with this unknowing goodness outside all,1
user user user user user user user all migrants must leave the country and please call them for what they are clandestine and invaders of the territory they are not italians and must be expelled italians do not want them as neighbors nor as companions nor as relatives,1
are we talking about all the money that immigrants send to their country and the welfare they enjoy in large majority is it free,1
but what a wonder i can t wait for the muslims to take power so we ll see these scenes in the square every week because according to bonino and boldrini this is what waits for the women who wear the veil badly but i m sure the feminists will shut up url,1
that ugly derby played on the skin of immigrants url milano,0
user user you talking about security are like cicciolina talking about virginity have you done everything you can to invade us of drug dealers rapists thieves terrorists and paedophiles and also have the courage to pontificate on security give up the escort then speak,1
so in viale hungary everything is fine mysteriodinesi certainly not only because of the presence of nonconventional refugees,0
every suicide that happens because of the crisis must make reflect the government pay the terrorists yes entrepreneurs hanged,1
user user user well a horn i don t want the euro but we have to figure out whether to talk about euro or roma,0
they organized false marriages between italian women and false refugees to give them citizenship the famous bitches of riace,0
user ports open for all more migrants entering insane retirement age and to finish no citizenship income for the less well off are these the reasons why you go to the square,0
i was looking for a tissue store and this choice happened to me but women feminists and no still don t feel like helping these poor girls islam human rights woman west url,0
migrant decree journalist mario giordano silences mayor luigi de magistris and asphaltes the communist designer vauro defender of the invasion of illegal criminals terrorists and rapists discriminates the italians were movimentonesti url,1
user there must be a nice lair of terrorist islamic beasts i know in milano,1
still migrants in lampedusa salvini we send them back to their home,1
the gas chambers just for the roms or even for the cartel vans no just like that just to understand lidl,0
there are so many ways to destroy entire peoples not only physical genocides but also moral ones leaving them at the margins of rom society,0
jihad is supported by the whole arab muslim world including turkey petrolio taken by the throat greedy european clandestine the rest a game,1
avitable c we are all immigrants looking for land url via user,0
i have to do a long post i had a bar where i got to work italians a venezuelan tunisian albanian moroccans and also a roma girl entrusted to social services when my husband died i got a job at everyone i ended up in barracks,0
user we want immigration security those delinquents who have beaten and massacred in the house an elderly doctor and alla wife have cut off the ear are to be taken and fucilati want the porti d armi to defend us,1
di maio and the 8 panels on the results of the government you can t just talk about immigration,0
in our time of war fleeing peoples terrorism and violence we want to spread seeds of goodness and beauty lampidipoetry,0
here radio london special defense libya sirte now freed from the islamic state after agenzia nova abbon url,0
171 thousand immigrants arrived with the boats only 70 thousand are still in the centers and the others where the fuck are doing damage sparareavista,1
tg2 service on the girl in bologna good but at the same time x roma children asking for begging or stealing in the house no pd doesn t want,1
milano palms and camels but at linate they hunt english without roof cut by roma,0
having brought bread to the rom all this happens before the law enforcement that should protect honests against defending the fascists in italy the antifa are beaten the protected fascists torremaura url,0
user in your opinion the problem is erdogan and not the kurdish terrorists animals that have made 2 attacks only in the last week bravo,0
the immigrants don t bring disease let s always remember they arrive healthy and get sick here poor people not only criminals rapists and murderers even plagued they are cursed and who defends them stopinvasion desiree url,1
i tweeted to express my thoughts if you don t like you don t have to read it i m not racist i m against human trafficking i m against uncontrolled immigration i m in favour of helping those who really need it url,0
if you ask for the closure of all roma fields sign and share this petition firm url via user,1
those migrants who arrive at the gym at luzzatto i send them all back from where they came from,1
it happens it will happen again for four years i have been fighting for the dismantling of the nomadic vampire of urls,0
immigrata ivoriana regular the reception is a business migrants come to italy to be maintained video in telegiornali you will not see this video,1
user user repatriations returns returns the emergency today is the returns italy is full of foreign delinquents the army at castelvolturno and in all degraded ghettos full of delinquote immigrants rimpatri,1
throw these people out l islam is a cancer that is undermining our society and the whole world they don t want integration but the conquest and submission of the west what must happen again x understand it user user m5s pd srilanka url,1
user user user the next resistance we will have to do it immediately against the islamic invaders,1
cinisello flames in the ghost yard of the m1 serious roma mom and 3 year old boy in hospital also the other url,0
user user there is no cure or solution to islamic madness,1
it s a good thing that we take away the roma fields put them in popular homes to the face of the italians we also give them income at least the pickpocket will only be to round up url,1
user if they don t roll up their sleeves to work in their country and promote their development their situation will never change migrants porticchiusi,0
life in somali bestia what he did to the refugees as he reacted with the judge,1
italia is this invalid real in disgrace and money to roma and immigrants and chaouki makes me morale about my country lagabbia,1
morocco 4 arrested faithful to isis for the murder of the 2 scandinavian tourists raped and slaughtered morocco that welcomes the global compact that promotes more immigration in europe do you want this future we don t noglobalcompact url,0
when you were in the government you were thinking exclusively of migrants couples in fact adoptions in lgbt couples ius lonely you know of hunger mazza what arguments,0
milan refugees observe students and teachers leaving url school,0
user they are maintained without any responsibility they pay nothing if delinquency are unpunished or almost if there is a war among the poor those who have created this system have aroused it because immigrants make more than drugs cit,1
myrtamerlin roma have been in rome for 50 years the problems have always existed caltrona,0
clandestines the reverse of the cassation they are expelled even if the children go to school,1
user we are not clandestine or islamic or gay enough not to be a normal italian and you will have everything from the democratic pervert,1
user user user user user user user user user user user user user user user user lislam rejects the principles of separation between state and religion democracy and popular sovereignty it also rejects the equivalence of any and all religions and their indisputable submission and subordination to the state authority it excludes self determination,0
righttoreturn 1yearofgreatreturnmarch in gaza in syria lebanon west bank lives millions of palestinian refugees those driven out with nakba and their descendants their right to return to their land has been sanctioned by un and yet they are still dying to do so url,0
from sweden comes the anti grete thunberg fighting against immigration and gender theory,0
baby gang in rome raid against foreign stores 12 url arrests,0
roma attack agents in rome immediately repatriate those responsible for foreign ethnicity and exemplary punishments for italians legality,1
diciotti lawyer of migrants salvini has responsibility and laughs do you think to stay at masterchef or at the viminale,0
news pisa campo rom in ospedaletto campo rom ospedaletto url tuscany italy,0
farinetti we talk a lot about immigration although it s a tenth compared to last year and we don t talk about mafia and camorra anymore indisputable lariachethira,0
for 4 years we have not been able to cancel the residence of the roma granted by the city hall protected by the public prosecutor of rome user,0
chinese student died stopped a 20 year old nomad and denounced 16 year old nomad all of the nearby skytg24 nomadic camp,0
republicit maharshala ali an african american muslim at the night of the oscar urls,0
monday of security no more smart migrants if you punch police or journalist back to your country i hope the same applies to thugs and rapists url,1
user apart from the fact that with the excuse of the children in their arms the roma do the worst things both on means of transport and in the streets in my opinion if you are not collusion with those who have made rome a toilet you must not give names as fascists and racists to those who defend themselves,1
this is not the christian religion with which to fight the islam coca_party with the trans arrested parish priest of stresaalready condemned for scam now he is accused of shop url,0
a foreign and private ship with 47 illegals on board entered our territorial waters this night two miles from syracuse if we are still a nation we need to kidnap and arrest the crew of seawatch3 instantly a new sigonella is urgently needed now url,0
unusual uncle is in the hands of the muslims to distangle the identity of the people to convert them all to the koran no global compact url of user,1
immigration in chaos irregulars in freedom empty return centers,1
photo stolen and used against migrants new trouble for the deputy mayor of trieste,0
user user didn t contextualize anything he made a statement that proceeds from the idea that what the imam said is true in all cases ending up asserting the boiata that all muslims are pedophiles practically put himself at the same level,0
everything is going on the web and then damn the madonna at most big marches and fear of losing the contracts for your cooperatives that run migrants indeed god someone raise your hand to say the famous 35 euros are part of my salary raise your hand strength,0
hope is only one for migrants earning all of you hope do a great deal of pain early thinking to our john humiliated dear simon url,1
rome the former mira lanza plant becomes a street art museum run by roma la repubblica url,0
user 90 live like this otherwise they wouldn t come in bulk and wouldn t last more than a month in italy given the cost of living i would also investigate who gave them home and subsidies for complicity who helps and or hosts terrorists is complicit enough goodness,1
cronaca cornigliano a thread to tie the nomadic camp to the url url school,0
homes to the roma after the evictions the denial in via salviati no agreement url,0
for days 58 migrants were left on the aquarius with an unspeakable and absurd ballet of accusations this in europe 500 million inhabitants and an immense wealth url,0
user but if the citizenship income also goes to foreigners resident for 10 years and excludes the italian unemployed over a minimum income bracket and with home owned then it was much better the naspi but what are you combining,0
user the british press which is very serious says that the mp steven woolfe is dying fight because of the migrants,0
the most aberrant thing about globalcompact it will be reato to talk about immigration migrants soppressa per read the freedom of opinione now you know why the sorosian elites want it they want to be able to learn millions and millions of primitives and enter it,0
retweeted news rome user corriere tantenti per gli contratti nei campi roma chiede il riferimento url,0
meluzzi migrants huge danger no more demential goodness and reveal the numbers to spread url,1
a minister of the transports that liquidates the ultra decennal question tav with a who cares to go to lyon reminds me so much a minister of the interior that liquidates the ultra decennal question of the migrants with close the ports the parcel is finished,0
they aim for economic decline they want state leadership they want to compress social and individual rights they want culture and competence but they ve convinced everyone that the real problem is a boat with immigrants on board they re assholes but maybe we re a bit of an asshole,0
you re the migrants in italy pirla url,0
we will beat isis and terrorism off the face of the earth ilgiornale it url,1
user who can be in favour of the reception of thousands of fake refugees to be maintained and to be paid education assistance food and accommodation with attached and connected i do not pay taxes to maintain migrants but to have services,1
mayor be brave cancel the architecture of fear genova terrorism url via user,0
user user a gio since you re a mother that you have a big heart a big house that you re rich in spirit and in sin because you don t take them at home 6000 migrants that your little friend didn t want to take p s i know you care so much not to leave them around the streets,1
if the roma want to be smart they do it because they are roma and they know the italians go to that country to work not to steal from your side,1
user user user think about it for foreigners,0
the demands of tunisia rejects the forced expulsions of their irregular migrants from the countries where they have landed and the agreements signed salvini clarify also because the eu has opened to tunisian oranges we take them but they also send us their human waste url,1
libya the secrets of the agreement with italy to stop the arrival of migrants but we need two billion from europe url,0
decrexact salvini is also good for regular immigrants who want to integrate themselves seriously our millenary culture will do them good,0
user user no but quiet illegal immigrants have nothing to do with the appearance of diseases once eradicated or even never seen in italy the holy spirit brought them,1
sanremo 2019 pio and amedeo against matteo salvini on immigrants the minister replies,0
campi rom at the start of roma the itinerary for overcoming dire it url,0
foreign mothers in italy difficult access to treatment and diagnosis speaking another language does not help italian in url,0
user user they broke the balls with these immigrants they are violent do not respect old or children they are with diseases and want to be maintained battustaa fico you broke the boxes i pay a huge amount of taxes enough i want to live in italy at my house,1
at milano on march 25th bergoglio will meet immigrants muslims and roma url his favorite group,0
uk inquired 426 members of the islamic and pakistani gangs authors of over 1 500 rapes including minors in rotherham url quiet left wing experts say that the crimes of immigrants and muslims perceive them overestimated because you are racist url,1
user islam is a way of life and thinking if you think about it and live as well as they do there are no other alternatives no dialogue,1
news miccich attacks salvini he leader i would have invited you on diciotti to see the conditions of migrants of giornale di sicilia url url,0
rome nomad tries to invest the agents they shoot at the car far west in the camp url url,0
count allonu on migrants italy has been left alone we need shared responsibility url of user,0
user user take a tour of rome camps of illegal immigrants in most open air center saturated reception,0
viterbo the posts of the counselor of casapound francesco chiricozzi the foreigner rapes more than italian,1
user the thing is that someone forces us to keep migrants an offense to all those who like me make a deck from sunrise to sunset to live pay public transport health care have no vacation and go around with a 20 year old car stronzi,1
inclusion of roma skepticism reigns in city hall xi homes first to i roma by url,0
islam is love is peace with cock asia abibi condanned to death xche catholic,1
user user user user user user user user user user user user user close the ports close your portfolios and send them ass kicking in the prison patrie just pretend that everything is okay to prevent the beginning of the terrorism psychosis we live every day of soppruses and islamic hand angeries we have to wait for them to blow us up here too,1
pd md eurospi that are supermarkets stop always going against the current you are not for italy via foreigners domenicalive,1
bari the guarantor seized in the center for foreign minors screams and death threats corriere della sera url,0
rom and social centres take a school here is the shameful and unprecedented alliance between compaeros and roma who occupied the former homer high school in milan infinite degradation abuses everywhere usual arrogance of those who know they are unpunished,1
user user and assad what did you do against the terrorists,0
user x as you say also investigations into the ideology of islamic extremists is illegitimate,0
rome armed with ax triggers the fight and tries to invest another roma arrested url roma,0
user africans are the only foreigners who claim rights the only ones who break their balls,1
christian islamists ammazzano christians and no one has the courage to say it not even user whose mourning closeness and prayers we no longer know what to do with it do you voice that that is religion of death,1
rome food destined for roma and immigrants ends up intact in the trash affaritalianurl,0
immigration shame pd the disgust of the village invaded these are the refugees,1
user italy and italians first of all europe takes on immigrants italy has other problems to solve,1
citizens can shoot terrorists prague prepares constitutional anti jihad law,1
let me understand nobody wants the roma near their home no one they place them in troubled neighborhoods exactly as the africans place us and the beasts are those of house pound excuse me but we are out of mind information about,0
and what will it be thanks to rateo salvini will have 80 years to make them repatriate riace mimmolucano,1
user we do something for underpaid and exploited truckers or we only get outraged when they exploit immigrants with the caporalate truck drivers are not d grade workers they run the economy on rubber they don t have to risk their lives and others url,0
user user clandestini almost all male islamics of which many blacks idlers among them emergono murderers robbers rapists drug dealers exploiters of women beggars violent uncivilized who are replaced by those italians who already subscribe in addition terrorists wat else,1
current year muslim calendar 1436 for some the mentality is still medieval if no longer backward i feel sorry for them,1
reading this news i can think of fornero and monti they have launched a law to retire the italians just a stone s throw from the best life to give our money to immigrati but who still supports them don t you get it url,1
roma raggi cancels the evictions of roma camps gypsies also have url,0
those at torremaura are not called protests or demonstrations or anything else they are called pogrom and there is no justification discomfort that holds rom zingari roma racism,0
and then there are associations that talk about rom integration etc etc yet here s another example of how much url,0
to the refugees the work is good speaks professor giordano interview tomorrow on gdsinedicola,0
what the decree salvini on immigration and security url provides,0
as long as they exonerate the illegals i understand that but what are the ideological reasons to exonerate foreign rapists murderers scavengers police beaters it is incomprehensible to me,0
user user not even thieves crooks rookies delinquents especially if you pretend to be immigrants while they are illegals who come to my house to delinquere,1
ventimiglia migrant dies after being hit galluccio fdi an we have to wait for more dead or who url,0
repressive management of migrants attack on human rights racism and xenophobia this is not italy we want humanrightsday user url,0
council of europe criticizes italy on managing minor migrants url,0
trump attacks ilhan omar the first muslim in congress,0
user it will not be because assad s war crimes exist only in antyi islamic propaganda url,0
listen to what happened a few months ago in the atac shed in via candoni in rome that i visited this morning it is unacceptable that in case of technical problems the operators must ask the neighbors of the nomadic field to be able to access the structure and repair the url failure,0
pessano taken the romanian already expelled pessano with bornago milan 7 march 2017 car of foreigners controls url,0
for those first the italians 90 of the roms living in italy are italian,0
thanks to salvini it should be quite clear why evolution stumbles i hope the prox in the cage is him lidl rom,0
for me many immigrants also get subsidies with false certifications sometimes cumulating grants and pensions quintacolonna,1
user migrants all good guys eager to integrate and pay taxes no fear all good dissections aside little stuff url,1
user user immigration started many years ago with albanians and romanians among which there was also t url,0
user takes the ruspes but not only for the roma fields but for the palaces of rome happy new year,0
user they should land in hamburg because the ship flies german flag why have migrants paid out almost 300 000 to get to germany and why are italians sick of getting fucked,0
if inter does not take italians usual inter all foreigners if it takes them eh not good they cost too much,0
user user for muslims there can t even be women on bicycles did you notice,0
to all the non muslims of the sis do you feel strong now beautiful assholes berlin,0
the courses are no longer free and the migrants no longer go to school nor are they looking for a work the problem is that the italian economy is not able to absorb them downloading them in italy was a crime first towards the italians then towards those who had misplaced hopes vox url,0
still dead and other attacks at parigi burn them alive to these cursed bastards hard fist against terrorists,1
coffeebreakla7 qsti applauded the surrender to islam mattarella first declared parliament illegitimate 2013 then url,1
italian families want them divided with their children abroad instead those of migrants want them dozens of people with reunions they want to kill the italian traditional family they are user user user user,1
user user what do we do with all those judges who leave so many delinquents fake migrants on the loose,1
user i turn to the magistracy beware of pulling the rope italians are tired and giletsjaunes in france may soon start protest waves across europe crimes must be punished whether committed by autoctons or by migrants,0
here radio london trump could sign a new executive order on immigration to bypass the stop of the url,0
north italy operation in the roma camps seized assets for 9 million euro url url,0
user is bad for me since the war in yugoslavia my family hosts and helps refugees,0
here s the superior culture that we should import with immigration and tolerance towards islam for those who didn t understand the one below is a woman who is stoned to death url,1
user user user user i don t know if it s always related to psychiatric problems she exposed herself to camera favors but the screams of women against the roma were many the woman who spilled the bread wasn t her i mean they re all crazy or you have to stop justifying these things,0
user user user user i am stating the facts of government happened economic policies were evidently as wrong as lausterity 80 euros were given mlds for mps were spent 35 40 euros per day per head are much more than spent in the rest of europe for migrants etc,0
user no one above the law applies only to italians x caste and immigrants shit anything is lawful schifoso and sold by a forerunner,1
user at 1500 meters from my house between the metro lampugnano and that of uruguay until 5 6 years ago it was a very quiet area now they have filled us with folk plus the roma who have invaded the popular houses the houses have lost value of sale also because it has arrived this slut,1
morbillo who knows where this boom comes from migrants clandestine rom url,1
user user are rom do you know who boldra says they should be proud of their culture here,0
interview to ficarolo s hotel holder the state has taken away our home to give it to immigrants i can t url,0
we are on sassari fruit now immigrants have their city council url via user,0
user we say thank you and people like user pd that instead of protecting us open the doors to islamic terrorists,1
the infamous day no family card for poor immigrants pass an amendment to the budget law that provides discounts only for italians and eu citizens with at least three children and no to the increase of funds for orphans of feminicides and the addiction user url,0
user a party that takes away rights to workers and the future to young people must be literally swept away by the face of politics keep thinking only of financials and bankers protect immigrants you have killed the middle class and we will kill you,0
fifty colonna in italy 180 thousand rom of which 90 thousand without passport well eject immediately,1
user a little i thought so too even if a terrorist,0
once again evident is the pactum sceleris between warlike globalists and muslim jihadists url,1
user i don t know le pen seems to suggest a collaboration with italy on the issue of immigrants,0
user user non you understand nothing you have young put art 18 enough with contracts ha temp determined e enough foreigners africans before italians true,1
eurolega ea7 milan paved in the house by modest russians shame of italian basketball too many foreign mercenaries redneck executives,1
user rom follonica i would like to inform all those who defend the roma who are the same ones who clean in ours and vs homes,0
user user and nothing not even a history book want to read blinded by the beautiful fantasy of islam religion of peace in lepanto we made america s cup,1
where are the women children and even the elderly family members of these muscular imaginary migrants who pay thousands of euros to fatten vacationers and live at the expense of others compare with the undernourished children that no one helps and they are answered at home url,1
minister moavero confirms his intention to sign in december the global migration compact proposed by the un and he explains it will not be legally binding but approving it means bowing the head to indiscriminate immigration user url,0
roma today italian families cleared will be transferred to a roma field url roma rt notizie_roma,0
on the responsibility of mimmolucano we await the judiciary but it is clear that the riace model is annoying to many of those who govern immigrants better without rights than integrated and part of society,0
il giornale news their princes and us animals now give us the homes of the roma the roma offer everything and url,1
user ah here so we are put in italy because of those who wanted uncontrolled and illegal immigration,0
user fascists yes and roma aren t,0
rome that police station between burns and nomadic url camps,0
user evidently who sows reaps this amazement and indignation when a romantic romantic who steals is beaten by italians but when the opposite happens and everything in normal or we have broken c i after so many years to suffer,1
user if the father of the starved child had said he was a refugee perhaps with the help of the dark foundation would have solved,1
heidelberg new orleans and london quiet it s not terrorism it s just terror and all of you you re not terrified you re just screwed,0
saviano from shelter south italy can start again if it fills with migrants url,0
about immigration and developments user url,0
the roms locked in a cage by the employees of the lidl becomes viral the controversy turns on url url,0
everyone needs to know and see who these islamic muslim fanatics are,1
after immigrants steal our jobs he could not miss the women of the east steal our husbands pena,0
africans without shame make us invade by millions of immigrants and then their ridiculous and shameful accusation to salvini url,1
scumbag muslims i d banish them from public places and not just url,1
now we have to stop the refugees from coming to italy renzi you are such an asshole,1
i have sadly noticed bello figo but when it is done by immigrants the left does not see racism because of inability to discern and anyway the left the real one had a past that is not really this,0
germany is on the verge of civil war thanks to the violence of islamic immigrants urban wars stabbing of foreign scum supported by extreme left wing antifascists always on the side of criminals and terrorists movimentonesti url,1
our migrants were absolutely not like this folk here continuing to make this comparison is an offense to all those who broke hands and backs in the mines and factories and lived hidden the rest of the time,1
the roma caged in the supermarket by an employee enrolled in the cgil the journal url,0
user facciamorete si con stranieri honesti e integrati come questa madame the criminals destroy everything and since the natives are enough it is time to throw out all the foreign criminals user user user user user user user user,1
via to the inquiriesexplosions in dortmund npolicy surveys nevaluating the islamist n trackeven an agent url,0
user user but with all the problems that italians have do you have to think about foreigners,0
user i m happy for luperto we throw our kids instead of spending millions on foreigners who wouldn t even play in b turinnaples,0
police operation in the roma neighborhood seized 38 grams of cocaine url,0
user but how when we go home we have to respect the rules both religious and political instead those split crosses burn effigy me are migrants you have to understand fuck them,1
here s the claim isis to quaeda as you want are muslim extremists in italia 1 million islamics url,0
the ngo places itself in front of libya the boatman arrives with the cargo of migrants exchange takes place the ngo skips safe ports the ngo claims to land in italy the media speak of emergency moral blackmail political blackmail europe is silent migrants land repeat,0
user i wonder why italian citizens in their country have to endure this invasion of overbearing foreigners,1
user and thanks to the judges will release them paying them the return ticket to their home and meanwhile the migrants arrive and blah blah she speaks well as renzi goodbye,1
the indignation of mainstream media for the racists of torre maura after having hosted and voiced for years the worst anti roma propaganda is no less disgusting than the racists in torre maura,0
user user si come mafia capitale magna magna with roma and illegals you earn url,0
cardinal sarah warns that the west will disappear due to migration islam will completely change culture anthropology and morals my country is muslim i know what i m talking about this cardinal is racist bigot islamophobe url,1
user user user user user user user user user user user user user user user user user user user send their foreign criminals home right just cost,1
balkanic review is dead esmaredzepova the music star rom url balkani gipsymusic music,0
blog of and sharia is anticostitutional you can not teach at school that islam is goodness url,1
user immigrants do not pay rent because the municipality of residence thinks about it our children pay rent school and everything else,1
apart from the fact that salvini s diet should be strictly padana i would point out that beans are immigrants from a url,0
they are progressively islamizing europe and soft belly italy is their bridge to attack our civilization stopinvasion,1
jungle europe immigration the emergency is mortality at sea,0
user islam is law a fucking law,1
orban the eu does not want to stop illegal immigrants the european bureaucracy does not want to stop immigration but to manage it hungary will defend its borders from sola because it is not a corridor or a point of collection for migrants,0
found in croatia the treasure of the queen of the roma sequestration from 6 million euros genoa,0
user watch that trump deals the wall as a solution against illegal immigrants and overstayers are also illegal immigrants,0
it is an invasion not an immigration these have understood how easy it is to live as a slap of the europeans muslims ready at all times to attack us and overwhelm us the excuse of solidarity is self harm if we love our children we keep our eyes wide open,1
from your side user the refugee bellofigo who sings and incites to steal and rape guest tonight is to be expelled from italy,1
roma la raggi copies alemanno s wretched roma piano il fatto quotidiano url,0
the illegals occupy the olympic village of turin and fassino says nothing,1
user here migrants who according to familychristian have the same eyes as our migrant grandparents and especially the same desire to work m_decimomeridio user user user user user user user user user,1
when they re done with migrants and gays i hope they start working for serious and important things url,0
audience pope on migrants it is the greatest tragedy after world war ii url,0
user user and we will all pay also to let the children of migrants eat by the scrotum the only ones who do not pay will be them,1
because i don t want immigrants what would italy be without them sallusti a very hard truth,1
unfortunately the gov italiani pd have not yet vaccinated against the roms now the roma fields invade the bridges of florence url,0
sea watch green light to the landing of migrant families in lampedusa,0
better war to clean up extinguish islam and political pro islamic pro invasion url,1
iran teheran promises revenge against the us and its allies iran isis terrorism url,0
user user go see the refugees as they live pass them atac tickets and you know why with them lucrano,1
eu renzi a comedy i already agree italy gets budget flexibility in exchange for migrants,0
the lesson of humanity from the roma who harass repeatedly without being punished people outside the markets even not white white,0
user always be the goddamn good guy to defend immigrants and their children you ve broken your balls and the whole pd you haven t understood that italians don t want immigrants traitors,1
the senegalese refugees flee the terrible war of senegal where our fellow countrymen go on vacation but you take us for fools wlitalia,0
between saying and doing there s a lot of money in it stranger migrants statecorruption capital mafia,1
user user user two immigrant delinquents are still in italy i think there are still a huge number of them thanks to salvini who started to defend us the old pd has even submerged us and getting rid of them now becomes more difficult,1
strange they don t do everything for the sake of immigrants suck url,0
user can also activate the vibration shove it up your ass and fuck off with your migrant friends,1
a childless society has no future and to the islamization of europe i don t give up primaglitaliani url,1
sanremo 23 years old attacked on the bike path and raped by a south american migrant it is manhunt they are serial rapist beasts a shame movimentonesti url,1
you turn right and you see the exploitation of rapes by immigrants you turn left and you see the exploitation of rapes by italians and in all this women victims continue to go into the background,0
after the entry of a large number of mygrants sweden from paradise has become a toilet france has become a toilet england has become a toilet holland has become a toilet belgium and germany also logical conclusion of the left immigration has nothing to do with it,1
user it s simple do you want to make your life very good but don t delinquere and send your children to school and not begging i d show you the roma fields towards afragola what they are,1
user port the roma in a degraded outskirts and the poor who are notoriously racist fascist and xenophobic get pissed off if i had brought them to parioli or capalbio surely they would have been welcomed with open arms perhaps with caviar and champagne or not,1
republic palermo terror alarm at central station trains and bus blocked url palermo,0
user exactly apart from accepting immigrants i haven t done anything for milan since in office and expo accounts always secrets,0
gifts of 30 000 for the baptism of the roma child and then in italy there are sinti families url,0
life imprisonment to islamist terrorist host of rai and gad lerner url,0
found in croatia the treasure of the roman queen sequestration from 6 million euros,0
fiuggi litalia and the europe we want organized by user for user immigration europe productive activities and good governance of the territory the topics of the debates user user user user url,0
user minister we begin to prepare and make operational the cie meanwhile we put in the fancazzisti who knows how many escaped delinquents and terrorists or not good illegals or applicants waiting and then we start the operation expulsions,1
salvini what s behind it is important to put our asses on the ground by spending millions more euros on italian taxpayers welcoming other migrants why are humanitarian corridors opening now now let s go catch them by plane,0
user buonists stipended see other progressist countries with development with tranquilly well as switzerland austria exc otherwise there is no other explanation that with migrants do business of course they are not the undernourished children actually with iphone,0
terrorists are the most clumsy of all,0
person_1 stop two senegalese illegal immigrants for that horrible murder let s kick all the illegals out of this country and if they come back we throw them out of the plane without landing,1
two roma families own the stations with suitcases 300 euros per person per day video leggo it url roma news,0
user foreigner you are too go to sleep you that these social media don t do for everyone especially for those like you,0
user user milano don t miss the champion of islam if he doesn t get mad muhammad,0
from your side we still worry about being racist the problem is foreigners allowed to invade our neighborhoods,1
these are the muslim crimes that the left has given us and that we keep other than that poor people come to italy to sell drags to your children,1
user user not only but also the abusive nomadic camps throughout the italian territory,0
and so many of these good young pakistanis will come knocking at our doors one day and so many of us are already here to seek asylum from a country of christians that they would hang i wonder what s behind them coming islam orianafallaci url,1
to set fire to the whole hotel ste craps you march with migrants here now that guilt they have they could report but let s face it all it suits them too fucking i wouldn t do anything all day eating mobile sleep is if it happens you rape url,1
user but here they drank their brains i remember the we are refugees we are not here to work and in any case with the unemployment that there is in italy the job must be given first to the italians and not to the last arrivals to whom no one asked to come stopinvasion,1
user user user if your solution is the one you wrote before i know so much that the various invading terrorist zionists urls will be doing a lot of laughs against poisonous snakes we need other solutions trust,1
user famous actors and actresses are almost all politically correct environmentalists pro migrants or illegals next time you,0
the problem is those roma who insist on living in lawlessness in 99 of cases the roma camps are inhabited by people who live on the shoulders of the next user quartarepubblica,1
user vabb if we take for example the iranian immigration we are born well,0
vicenza after the last fight between roma families in via zampieri the mayor runs to the shelter read the url,0
as repubblica it tells only a part of birmingham s history url islam 10aprile cassimatis g7energy,0
all in italy in salzburg conte bends to the merkel juncker proposal those who do not welcome migrants pay by a mauro url,0
rome found dead the young chinese near the railway adjacent to the nomadic camp of via salvati url,0
user this is the drama thanks to the left pd they want to send our graduate boys abroad and to us they force us to replace them with african scum i understand why europe treats us like shit because it wants agree with the pope that we only send migrants,1
migrant day in lampedusa the miur no longer supports it url,0
no more immigrants no more prevarication no more governments unable to garner security iron fist url via user,1
user for those of the pd delinquents are only italian for them immigrants have free hand,1
from your side all immigrants 90 clandestine are entitled in italy except us italians explain to me where the mistake is,0
next to the police station and nomadic camp with people who do what they want with impunity,0
sicurezza i writer di milano decorano le barriere anticamion news milano url,0
is there a politician institution or newspaper who dares to say that the attacks in srilanka are of islamic matrix we are at the mafia home they are also afraid to name them when it is evident that islam should be declared illegal in italy stopislam stopinvasion portichiusi,1
the african union apologizes to salvini we are not slaves url,0
a look at the american factory of false islamic url flags via user,0
user user la sharia discrimination of the sexes dear to islam in italy are vietate so no gender inequality no veils and burka varii no law of the taglion no combined marriages where are you women and you contradictory feminists,1
user user user what if we shoot you in face what does islam say,0
user we send all muslims away before it s too late user,1
and when is the food that is not good for migrants thrown into the street who should not sleep url,0
neither legists nor fascists it is the cgil luomo who closed the roma in the url cage century liberetcogitans,0
our fake invalids are not enough we also keep fake foreign invalids url,0
confiscate 187 roma nomadic cars used them to rob intestate an egyptian url,0
but i tell him to be ashamed how dare he migrants hajim if i were italian i would be ashamed of salvini url,1
at last you have led us to growth zero with trend 0 02 come on tell us again that the problems in italy are immigrants security crucifixes families not traditional the problem you are you user user user facciam0rete oecd,0
user user then they weren t assad s bombs but a bait attack by terrorists,0
user we don t have the means to help so many i don t want to pay taxes for foreign people who come to be maintained and not to work,1
the appeal of the danish queen migrants accept the values of the west url url,0
user user that the judge will transform to record time in the walk of the free migrant to the face of the police and italians also thanks to the laws that have been launched by the pd compplici and not yet modified,1
can i understand the problem roma have in looking for their jobs and homes do they know how to do many things but not that quintacolonna,0
user but they are not nomads they are sedentary in france every 15 days they must leave for love or necessarily,0
fucking asshole bread eater to betray the italians filthy parasite of italy paid not to do a dick every day this tick shame on you see you don t place italia go to africa with your fake migrants and remain disgusting to be,1
humanity is stopped at home the mayor of riace mimmo lucano symbol of reception and integration of migrants url,0
striscia has documented to milano of the migrants who withdraw the food paid by the state and sell it to the poor italians globalists of the markets have achieved their purpose at the bottom we tear the food from the mouth in a fight to the endless survival,0
italy hundreds of roma at risk of forced eviction from the informal settlement of gianturco in naples url,0
vladimir luxuria surrounded and robbed by 20 roma in central station in milan webitalia360 url,0
user but don t you hear fig talk migrants but fuck off,1
oh my god the courier wrote rom ladre in the same sentence,0
future policy on roma on romanti and caminanti access to services like everyone hopefully url,0
corriere della sera boom of migrants become italian 178 thousand towns grillo ong accomplices url paginanuo,0
every day robberies on trains very often young roms with in their pockets the certificate of being in state of gravidance many times they are underage then people lose their patience but the first to be beaten would be their men waiting for money at home url,1
come on it s the time that the aquarius black ship makes us a fishing boat and some of the msf phenomena we see at the cage let s always remember that for the welcomes the migrants do not bring disease scabies meningitis tuberculosis aids and syphilis salvini url,1
user still talking about nasty rom naples,0
trentinothe camp rom will be cleared soon and the municipality has already offered 1 alternative solution entirely paid at the expense of italians with kitchens from5 thousand each while the earthquakes are still in the cold the rom protest xche they will have to pay 25 url rent,1
user also italian history teaches that episodes of terrorism also karlov can be manipulated for state reasons,0
islam s endless horrors protected by un fed imf nwo bilderberg two young norwegian tourists decapitated by islamic terrorists morocco it s time to say clearly and loudly that islam is incompatible with url url civilization,1
since i don t have to like anyone if the islamics have to kill themselves better be those who go to say that europe is beautiful islam is a religion of peace and invite african criminals to italy solidarity a dick enjoy the 72 virgins as soon as possible all of them,1
user at the same time this creepy grilla doesn t mention the islam that defenes them and kills them mercilessly and has nothing against open the ports,1
eight thousand signatures against roma camp in north rome campidoglio listen to url url territory,0
minimilano matrimoni combinati de colato da centrosinistra silenzio tombale pensano only to costruire moschee omnimilano milan 18 set the councillor for security immigration and local police of,0
that s why you imposed on us the vaccination obligation regardless yeah we the flock must guarantee immunity migrants do not bring us diseases tagadala7,1
di maio to the eu if malta does not land migrants we can not take children,0
teacher shock on fb migrants burn them alive rome sorry to hear that more than some refugee is saved url,0
eight and a half richetti talking about immigration and citizenship income you can no longer dig your own pit you ve come over beyond decency,0
rome montemario nomade was on fire trash url url,0
user trust that it is fabblicato in italia although certainly not by italians as much of the textile made in italy besides the chinese are not like the nigerians who come here to sell rape or to be kept by us,1
really pay 400 euros course to live as a roma who are the assholes who do it we send politicians in the m to where they would be well,0
remember that poor guy killed by two roms who were playing chasing cars well these beasts of his have released them but i recommend eh get ready for the illegals of seawatch ldlmortvostra don t let s do network x this url,1
salone in the roma field between luxury cars and dead mice the police report 10 people url,0
user user i give a fuck about yacht motorboats de fishing you broke the shit you migrants government italians countrydemmerda,0
the 8 december comes spauracchio the migrant tree a tree dedicated to migrants and solidarity rome and we launch an important appeal to the municipality of rome and to fs that we ask you to support sign and spread url call fb url url url,0
clandestini no refugees poor people kicking in the ass i give you solidarity long live italy url,1
user amazing how you continue to claim that islamic terrorists are not making a war on christendom,1
from your side okay to occupy is not good but because if roma or immigrants show children stay and italian doesn t pay even more,1
we want a europe that can defend its own borders from uncontrolled immigration and its own security from the threat of islamic fundamentalism changeall url,1
user user user in roma it happens from ray settlement when do you decide decent solution for migrants,0
trip to the roma red church camp do not use all funds for evictions url,0
at 16 30 meeting i porrajmos in italy dedicated to the sinte and roma populations url url,0
user user user url says that the luxembourg minister has lost his nerves over the two different visions of tackling immigration,0
escape with force the user without finding an alternative solution for migrants is just yet another intolerable act of racist propaganda by minister salvini it is not security this but violence that generates chaos baobab url,0
the law for the recognition of citizenship to foreign children born in italy can no longer wait url,0
barricade against the arrival of 20 refugees and in the end migrants are hijacked to other url cities,0
ah bolero you re back of a millennio of the restoration as all lourates x analway if these intenstinal schories pay the pensions because we italians are without pension,1
strage the islamics who live in italy and who celebrate the massacre of christians must be kicked in the ass from italy,1
user two moroccans in milan after an evening of fun and work of italians only law enforcement,0
african immigrant tv naples in the heart forza napoli manifesting for citizenship give it to him now take it to a porticichetifajuve,0
user user a true pope would do it right away but instead he runs to lick the feet of the muslims who destroy catholic churches and martyrize christians they are the true supporters of the faith the true modern martyrs he has a nice face,1
virusrai2 fassino you re a goddamn liar too you didn t want him to take prints from immigrants montecitorio year 2002,1
not all muslims are terrorists but all terrorists are muslims,1
bruno vespa the backstage bomb on the clash between matteo salvini and luigi di maio for immigrants,0
german ship rescues 64 migrants salvini and now go to hamburg url user migrants user ansa,0
the italian families for the no to the bastard renzi friend of islamics and various pederasts url,1
user user now i would like to hear from your voters who have denied the exit from the euro the exit from the eu the repatriation of thousands of migrants and everything else only catwalks and selfies to the viminale ever captain renzi s alter ego and finish with those polls lively url,0
update of the day jehovah s witnesses are jews but sometimes even muslims,0
migrants 82 fancazzisti already arrived in lampedusa first comes the maltese ship then the navy that brings them to italy sorry but we are really tired and tired take x the cuxo user noglobalcompactmigration url,0
the left should start from cleaning up the country from the niggers and from all the foreign scum that impests this country and if he does not do so he will never leave again propagandalive,1
sanremo festival claudio baglioni and the triumph of migrants the songs in preview torpedo on salvini,0
we look forward to the un inspectors so we can show them milano at 5 a m when migrants turn naked and attack anyone who dares to protest url,1
how much evidence do you need to become aware of islam is our nemic if you don t feel the danger well here in italy it s because they re moderati for now for now know it,1
milan the new prefect will requisition real estate to put immigrants in url,0
don t say it don t say it you need to send the migrants and even the regular immigrants straight away at the end of the day frau merkel teaches salvini stopinvasion url,1
the parish priest of grandate you will not believe it but many of them are salvinians happy that someone regulates immigration url,0
user user racial hatred because italians are exasperated by the degradation is the crime that roma carry then it is racial hatred towards italians who protest against non existent justice which always turns in repression for those who manifest for public order,0
il giornale torino roma found consulta per i diritti all against us url,0
find the camper in a roma camp but the authorities give it to the nomads because they have no home it is the left italy url,1
migrants who clean the streets of rome we do it to say thank you url the common should thank them,0
each country has the migrants it deserves bbc news url,0
roma chinese student dead roma stopped from the nomadic camp url,0
didn t they allow him to manifest the integrated islamic hubby,0
always roma culture also this from your side url,0
three romanians and one apulian members of the mechanical orange of lanciano lega dealers trainers pd there was also an italian m5s they will be those pieces of shit of mef,1
who saw that roma camp is as big as my neighborhood,0
now everyone against salvini is so cool i want to see when we ll know of foreigners and we won t know how to manage them after fucking,1
user islamic craps they and their cursed koran dirty animals atomic bomb on the middle east and north africa,1
risking being taken for a fool who doesn t know what he s talking about trump after muslims and gays those of color welcomehitler preoccupant,0
bastaislam url here s the video after the massacre where you guys muslims exult,1
all regular immigrants who take selfies with salvini and support it are autoxenophobes so news url,0
bring migrants back to libya immediately and process pseudo volunteers x url kidnapping,1
canaledisicilia have broken my balls all politicians scafisti and immigrants let s close the borders and stop,1
the enemy is not migrants but those who deport them to exploit them to strike the working class and to create horizontal wars among the last the enemy is those who uproot africans danaro s liberal right and who justify these processes consume s libertarian left,0
user user user po and you really think that boh if you think that the problems of italy are the pride and immigrants tax evasion corruption bureaucracy bad schooling these are problems,0
user user user destroy islam everywhere anyway terrorists are muslims and all url,1
user this is all stupid but the children never take them away from the roma although they consider them objects to be used for their comfortable pigs,1
3 october 2013 naufragiolampedusa migrants have found refuge in the seabed become the grave of their dreams their bodies stiffened and light will tell those who will come of their errance ended in the abyss of their error europe never again the mediterranean will be as before,0
user government that privileges and keeps foreigners even criminals would be a complaint for malversation,0
reading this news i can think of fornero and monti they have launched a law to retire the italians just a stone s throw from the best life to give our money to immigrati but who still supports them don t you get it url,0
business immigrants many earn from it the ngos they transport the coop they host the caporalate soon the industry with low cost labor the trade unions that from them can start selling cards the pro immigration parties that will take their vows,0
we strongly repeat the request for the immediate landing of 49 migrants on the seawatch and seaeye and ask for an urgent meeting with the president of the council the letter of organizations to user url apriteiporti url,0
turkish company in italy we only work to islamic obedient url i want to see that they will make politicians and unions,0
italy no longer belongs to italians but to migrants roma and pidiots let s wake up italy to italians,1
rampini i do not see a future for the italian sinistra if it will stop being the party of the financial markets and foreign governments in the name of a european caught by germans and french,0
the immigration explained to the children if dad didn t have money for you and your sister but invited to live in our house strangers who smash everything make masters and hate us would you be happy no end stopinvasion primaglialiani no touchessalvini diciotti,1
vice mayor of riace there are no funds the migrants beat us close the sprars finished the money the goodness ends beautiful souls,1
user user no thanks to arabia still wars slavery human rights denied terrorist financing shut up,0
lite on tv between mariogiordano and lauraboldrini on migrants berlinguer intervenes boldrini insists it is 5 months and salvini has not repatriated anyone yes okay but if they are repatriated because you have let them in great mariogiordano cartabianca url,0
user you forget that in those millions that wave in the wind were also composed of chinese and roma,0
thanks to the left italy is a cloaca with roma and immigrants omnibusla7,1
government to make cash you charge tax to those who are in italy with a foreign license plate for more than a year insurance bill,0
lastimenotizie news news news rome woman found dead in roma camp in via salviati is the chinese student url,0
there are two cases 1 the italian left did not understand that now because of its evil support for irregular immigration it started towards extinction 2 the italian left understood everything to perfection but has higher interests to satisfy non humanitarian obviously url,0
user maybe they are looking for work to migrants keep hard brothers the itayper well is with you,0
despite the serious problems with roma gypsies and immigrants i read communists and anarchists make the funny we will soon think of you too,1
user roma camps must all be razed to the ground from north to south if this peremptory order arrived tomorrow from the viminal i believe that within a month they would all disappear and with them a large part of crime with determination and without looking into the face no one can see orban,1
malta the migrants of the sea watch and the sea eye have landed,0
user the real threat is not terrorism but the spread of their barbaric and primitive culture siam url,0
preview of tomorrow s newsletter we talk about 2017 welfare tso immigration legalize subscribe now url,0
cricket s gon na talk about everything but i don t want to talk about immigrants cricket s gon na talk about everything cricket s gon na talk about immigrants,0
police blitz at the nomadic camp find the recently stolen bags padova wide police control url,0
a dedication to the luxembourg minister is he aware that luxembourg in the 1930s and 1940s closed the doors to the jews fleeing persecutions and racial laws so he must not afford to preach to us iostoconsalvini compplicidisalvini,0
better to live next to a roma than a legist i m genovese it s remembrance when you defended the benetton family by the criticism of the collapse of the morandi bridge do you want to live with the rom well i hope you find accommodation under a bridge with them url,0
putin in as sisi after cairo explosion russia ready to cooperate against url terrorism,0
west nile virus the avis of veneto discovers 29 carriers among the registered tgr veneto url razzisti don t screw your hands with satisfaction it s the migratory birds that carry the mosquitoes not the migrants on the boats it went badly,0
user user user vulgar towards italians all especially those who have gone to work in luxembourg with dignity over the years then if you are unable to procreate and need to be replaced by foreigners then let us warn the minister that he stops defending you,0
user feeling discretion jebreal i thought of byzantium is discussed and italy is burned by the islamic invasion with the immigrant,1
they are filthy filthy worms i hope they become refugees in africa,0
swimming to freedom user p s the nudge is pushed transparent not psychological terrorism url,0
l italy is that country where cows are massaged with rollers or drink tea at 5 while the immigrant indians who milk them sleep in containers without bath strictly underpaid and if necessary even malmenati piazzapulita,0
but if not all muslims are not terrorists why are all terrorists islamic then why let them in without knowing what they have done in their lives user user,1
almost 160 000 euros per terrorist killed ndrangheta did the same for him for a 10th of the amount moab,0
the pd has left 700 thousand italians homeless and 170 thousand immigrants in hotel url,1
user churches have been half empty for a while even st peter s square is no longer as full as it used to be perhaps the pope tries to make a good face at a bad game because he is afraid those who read the qur an will see that christians are the infidel enemies of muslims who should be killed all,1
user user user colleagues had to do overtime to make passports to all roma and now enough you broke me i gave you too much importance,0
user please watch the delirious video now blocked the italy white cities of the hbo a white person is ashamed of all the white thoughts he had such as western culture is superior to islamic and african culture i would never live in the third world,0
montalbano the new episodes between migrants and old stories of 43,0
user user we are only importing illegals they are neither migrants nor refugees and mostly unscrupulous criminals knowing that they will be unpunished for their crimes complicates international laws and our judiciary,1
most fashion revolution between hijab and abaya the islamic veil becomes a must,0
this is italy the queen of the roma was entitled to family allowances even if she owned villas ferrari and land and also a bunker url,0
multiracial society is bursting for some time now the crimes of immigrants are on the agenda only the facialites pretend not to see url,0
user user user better than here this problem must not even arise if they are slave animals of the koran they blow themselves up among themselves i repeat the middle ages is dead and buried and we do not need new crusades for us they ended centuries ago for them of tragic topicality,1
user user user the children monsters will pay for your wretched policies the invasion of immigrants you have provoked and servility to the european union of banks,1
small note some roma populations have been in italy for 600 years wanting to enter your home the pic instead is url,0
we urgently ask italy and the other member states of the european union to take action so that the 49 migrants from days stuck in the sea can disembark in a safe port apriteiporti user user url,0
i d like to say something in favor of the roms that no one ever says done from your side,0
metro bomb in st petersburg putin i don t exclude terrorism url,0
user i m full of it the day of the memory of the death of migrants and those who are killed x hand of black craps,1
two young danish and norwegian tourists decapitated by islamic terrorists in morocco it s time to say clearly and loudly that islam is incompatible with our url url civilization,1
user with muslims maybe you don t understand who they are intolerant you have the highest levels sorry and i speak from experience,1
campi rom other than closing here are the villages to five stars from 12 million euros roma url,0
user user with this story of the poor people you are ruining italy but don t you realize that society is saturated with migrants think of doing good actually hurting them and us spread poverty help create ghetto cities where violence and civilization prevails,1
user user the strike was born from class consciousness most immigrants are isolated fragmented into ethnic communities still too weak to recognize themselves in class and therefore exploited and at the same time demonized there is a way to go,0
roma municipioi police raid at the roma market in via andrea doria and via vittor pisani photo url,0
the embarrassment happened because the roma are now allowed everything they steal they slap they enter the house and if you defend you arrest you tagadala7,0
the cleaning of the roads no longer exists milan to the degradation rise skyscrapers increase illegal immigrants but the streets stink of merda and piscia no only of cani,1
user even when you administered the mun ix deserved commitment instead you fucked it up,0
salvini football i regret the three foreigners in the field,1
user girls were wrong to venture backpacking in islamic land that s for sure but even more certain is that where there is islam there is death rape ill treatment misery and problems in japan they do not have these problems,1
the criminal salvini first represent the fasciorazzisti italians he creates them inciting racial hatred vs the migrants fortunately he represents only 30 of the voters league as for the majority of the triggers i think they support him as the m5s rules with the league,0
we italians have the right to live peacefully in our home stop immigrants staseraitalia url,1
user islamics discriminate and kill christians enough islamics in italy think of italians in poverty well trump,1
for the immigrants food is not good and they threw it away no one thought to the italians poor in phila for a meal at the caritas refugees do not eat it food thrown in bags photo choc url,1
openarms rejected by malta has been invited to call the flag state that is the spanishinstead would like to download the illegal immigrants in italythe choir of the left pro immigration should sing the mantra sbarcateli in spain instead of criticizing our government,0
in turin two drunken foreigners first molested two girls met on the street and then threw glass bottles found in the dumpsters on a police car an exemplary penalty for these criminals to be served at home once expatriates,1
user user unfortunately the state protects immigrants and not law enforcement a beautiful manga in the knees and calms down immediately then in jail everyone as they would with us italians if we do as they do with the police,1
milano bliz of the carabinieri in the nomadic camp of via bonfadini take weapons and drugs url local chronicle,0
user user user user user user user user user user user user user user user user user user user user user user user user user user user user user user user user user user user user user user user user user user user user user user user user user user user user user user user user user user user user user user user user user user user user user user user user user user user user user user user user user user user user user user user user user user user user user user user user user user user user user user user user user user user user user user user user user user user user user user user user user user user user user user user user user user user user user user user user user user user user user user user user user user user user user user user user user user user user user user user user user user user user user user user user user user,0
immigrants again,0
user user user user user user user user no one should be forced to take in immigrants who do not want to it is essential to do prevention in the entrance,1
calling the clandestini migrants calling the invasion welcome is a truff you must be reached in tribunal remember the clandestini at home their naval block ottoemezzo url,1
user this already makes the minister of injustice see the feelings all in favor of roma and migrants and also wants the march in favor,0
in italy with illegal immigrants we are bringing only ignorance and barbaric cultures the consequences will pay our children and nips,1
salvini with threatening air after the immigrants we will also devote ourselves to those morons of the social centers what do you intend to exterminate them portaaporta,0
keep this in mind the goal of globalisation and its agents is not to integrate migrants but to disintegrate citizens it is not to make migrants like us but we as migrants without rights uprooted with hunger wages this is the function of mass immigration,0
a motivated and documented alarm cry magdi allam is born muslim knows perfectly the koran and its prescriptions of conquest who does not defend himself is victim magdi allam stop islam it must be put out of law it will take care of italy url,1
home to the roma in casal bruciato first denounced for the revolt,0
the numbers of lebanon are frightening 1 migrant every 5 inhabitants other than the invasion of italy url,0
bravo after the gender we lacked the roma culture continue so that it brings you well i see url,0
defense of bisio in baglioni on shameful migrants scum sparrows compared to people who suffer but they stay out sanremo2019,0
user user they make me laugh these critics minniti red mantle is not enough anymore communist ideologies remained to those who arrive at the end of the month and do not live in the suburbs if now the votes move on immigration is where you have to go,0
communists radial chic fancazzists and supporters of the business of accommodation in placesagliacci miscellaneous social centers reception workers anpi arci all to milano to defend immigration at all costs and to ask more clandestini in italy surgery url,0
user i m imagining a person with hyannone lips and those eyebrows and i ve had a lack if in january it s black we leave for japan and invade it like any immigrant and we re all looking at it that s nuostr,0
user user in addition to a park of remembrances what does kienge propose that a shuttle service for the poor migrants is organized we have already given now with decretosalvini you should start to breathe,0
user yes because all the problems in italy are due to migrants ethnic cleansing yes but of fascists,0
user user claim only this they know how to do like the roma who want to throw old it out of the house x take them,0
jordan justice the islamic terrorist after the beasts burned the pilot alive this government has assholes,1
it s a pit of undemonies other than allah,1
user user you can quote just save arm sink the boats we burn the romes you disgust me the url,0
they amaze sell rob take over our streets but what refugees fleeing from war and hunger they are tribal assassins brought in specially they must be expelled all who opposes is accomplice,1
salvini who wants to come to italy must respect the italians point with the decreeimmigration coming back common sense mr minister also the mafiosi are italian kissing hands is a difficult concept to translate to the foreigners you know url,0
user user user user user user even the triggers don t like it after having wrinkled us sorry the vent all summer with refugees yes we go to take us unlimited migrants no not economically sustainable,0
less than 3 days to eviction because being born in italy is pure bad luck now to have help you must be foreign i want the duce back,1
islam is a mental illness in pakistan the disorders continue after the absolution of asiabibi and the troglodytes destroy the western cars they meet according to fico with more love could heal i would be more for an intra cranial injection of lead stopinvasion url,1
after gentiloni also prodi sings praises to flows migrants servono migranti or italy risks becoming a democracy free in the sense that you must get rid of these carrions as soon as possible url,1
they launch the romanian immigrant gang after the silence and the multiple media fakenews do you remember when they were talking about italians is preparing to receive a mockery on the other hand it was their only way to survive davidegerbino,1
portaporta the valdese church how long will you keep the migrants saved from the wars they will not end the fish that after three days stinks only solution reject people close ports just farse user don t zerbine to the 5s,1
rome m5s rejects the resolution proposal to close the roma camps the anger of giorgia meloni url,0
user user didn t say he would leave italy so what do you want if he puts foreigners ahead of italians be consistent if he leaves,0
merkel islam is not a source of terrorism the eu must accept refugees in fact before doing massacres url,0
user user as a amateur a unanimous cry don t think about us crashing through the cold help the migrant in crisis or not,0
poll confidence in the church goes down to 38 bergoglio will be happy if in the last 10 years the trust in the church has gone down by 20 points he has contributed enough that s why he cuddles immigrants and muslims other than before the italian url,0
salvini welcomes migrants arrived with humanitarian corridors 51 migrants land in rome with humanitarian corridors salvini welcomes them this is the right way url,0
you ll agorate the pens you have to support the police not the immigrant scum who invents everything and the penniving them to glorify them,1
sala s message to salvini on migrants a little more heart would not hurt,0
user user muslims are missing,0
rome her father mistreated her little girl roma rescued from the url police,0
user user user user you re talking to someone who hurt him at the roma and also on 26 may,0
the tgla7 talking about the mayor of riace reported the news of the house arrests x aiding illegal immigration and x illegal on the reliance of the garbage withdrawal is preparing to emphasize how a gip raised doubts think if it had been one of the m5s,0
the other truths the poor people use when it suits them gnurant url,0
but how is it that every time some monsters immigrant drug dealers torture raping for hours a poor italian girl and not content to kill her the left wingers do a antiracist demonstration but they ll be really assholes fools and clowns url,1
user user user user user christians for riad and iran for them christians are terrorists this shows that islam shariah is a form of mecca satanism kaaba url christians in riad and iran for them are the terrorists this shows that islam is a form of satanism,1
srilanka on islam all quiet faced with yet another islamic attack by some devout muslims who have slaughtered as many christians as possible this time too the media prefer to ignore or minimize the real cause of this violence,1
rome a new rom url field will be born alexandria,0
beasts user 700 migrants drown but meanwhile all assholes come to the surface mareomnium url,1
cinesahel lights of africa in ballar 28 29 30 september 5 6 7 october 2018 17 films made by the most important african directors in palermo url,0
user professor is right the lowest is the roma and non eu countries as it is only end up with them and it would be very serious,0
this is the real immigration emergency immediately measures to redistribute wealth and stop bleeding from noon url,0
roma roma in casal bruciato new protests for a popular home,0
yemen first raid ordered by trump killed 14 terrorists but there is also a dead one among us soldiers url,0
salvini is trying hard to avoid that these also disembark from us but the ship has stopped 30 nautical miles from lampedusa and nn is willing to get away also this foreign ngo wants to discharge with arrogance its cargo of illegal immigrants in italy,0
excuse me but about we do how couldn t we simply expel all unemployed foreigners too so we also avoid the tangle of discrimination for the rdc,1
but virginia hurry up and clean up the city from the trash rom and holes,1
news veneto dipiazza a la zanzara trieste better than rome and naples via roma and bums url,0
user with the drop in landings migrants and salvini will soon speak for themselves he needs desperate and prays strongly to be reduced to stealing to eat,0
user user user user user also baggio is unfortunately climbing positions in terms of rom visitors before there were or were hidden now also thanks to user every day are under our homes promises maintained by user 0 even today we are invaded by the roma and it is october url,1
user all to not comment on this why the problem are immigrants isn t it url,0
republic chinese died in rome stopped a 20 year old he is a nomad of the camp of via salviati url,0
bloomberg s article on unemployment in sweden higher than in the rest of northern europe because immigrants from the middle east and africa didn t work didn t they have to make up for the demographic decline url of user,0
the aquarius of user and user has slowed down near malta shortly the transfer of migrants thanks to the agreement of user and user the seizure of the ship remained without flag user this time you should have open the ports url,0
user everyone knows that but they keep saying that there are also the moderates there is no moderate islam they pretend to integrate waiting to be in the majority and then they unleash and for them to lie in the name of the koran is not sin,1
user user left even more to the children poor young poor without work and full only of afroislamic what perspective,1
a eu with which i recognize myself less and less migrants human rights url,0
two citizens decide to bring bread to the roms besieged by the fascists at torremaura fascists rob the two citizens of the bread and if they divide it and the police what does it do take the generalities of the robbed help where are we going but who commanded the garrison of ps,0
in varese the persecutions of the jews were terrible ugly pages of history told by giannantoni varese7press press releases blog url varese news,0
come from abroad to italy and for 20 years live in the shit of a nomadic camp leave the poop to go in the shit chilhavedo,0
lislam the religion of peace puts a price on asia bibi s head after the resolution an entire country of idiots rebels an entire country of idiots wants the death of a woman blasphemy but go and get him in the ass gang of fools,0
this ship must be seized and disarmed the crew must be arrested and tried for aiding illegal immigration we want to take out the balls a good time and kick the shit out of the user in 15 days the bastards will be back,1
three million ghosts in rome it s terrorism risk the task force arrives url chronicle na url,0
user user all favorable to welcome apart when migrants put them in their neighborhoods in that case change the idea,1
isn t an islamic terrorist attack in paris an islamic terrorist attack are you afraid are you terrified exactly what terrorists want idiots,1
milan fire in the barracks burned an 18 year old roma photo url url italy,0
are these people we have to have it all qua url iran forbidden to walk dogs bestie impure offend islam foreign url via user,1
the south with salvini vicenza now even the roma ask for asylum they want free food and accommodation paid by italians url,0
work the islamic veil can be banned italy today url,0
user user an anti hate commission for those who like communists hate italians dies as if raped raped and killed by flocks of illegal immigrants who entered illegally thanks to bad people like them who kill italians and accuse them of acts of hatred,1
user user you will see that diciotti eventually had ten thousand migrants on board,1
sartori says integrating islamics is an illusion of the left multiculturalism does not exist url,1
007 reveals if refugees migrate is the fault of their smartphone,1
salvini challenged giulianova mk killer and he replied you won ten immigrants at your home,0
i read of villas equipped with all the comforts to immigrants if you want i provide high quality furniture and price so i am not racist,1
at quintacolonna terrorism is also the simple to give voice to the doctrine of small simplism silence is coherent,0
we had no homuncules who ate state contributions on our skin we had no hotels to stay in for free because in italy migrants do not pay the rooms in which they reside but it is the state that pays for them,1
so the cars with foreign plates escape all controls registered abroad and circulating on the st url,0
user user makes the game of boldrini not rom zingari are and is not offensive rom ram and which are memories,0
user but if you care so much about immigrants because you don t go directly to them rather than impoverish and exterminate our civilizations with these fierce mass imports fuck europe,1
rome saved from aggression in the nomadic field url url,0
user user user as far as i m concerned what are these photos with the ndranghetists then it s better that you don t talk about photos there are a lot of other characters the illegals have to leave because they re non migrant clandestines,1
is the policeman who killed the berlin terrorist in milan going to have to compensate the victim s family,0
the civil avant garde of migrants when we re all gon na ride and ride naked in the street we re gon na marry 10 year old girls and our women are gon na turn around dressed in black from hair to feet etc finally we can say that the integration was url,1
user ingerenze they who allow themselves to cross the armed borders threatening our compatriots not to speak enter structures located in italian territory reject migrants to kick in the ass always in our territory and we supines and proni bidet for everyone,0
those parties and parties who make a big voice with trump do you know that terrorists are all passing through here,0
that s right you can t take more of these foreigners who think they only have rights forza user,1
nigeriaislamthey put lipstick on her but she s a child and he s not the grandfatherhe s not the fatherhe s her islamic concubine pardon x islam she s one of the other 4 wives then they come to italy to invoke rights nopd noiussoli noislam noglobalcompact url,1
migrants from morocco enter melilla a spanish enclave through the sewers clandestine,0
for the romanian at home black immigrants are the criminals and the ruin of italian well being because italian and they are real angels,1
tlaxcala will there ever be justice for the rohingya muslims url,0
they are a danger to demograzia and fundamental rights we must send them back from the sewers from which they came out faciamoete beppegrillo migranti grillo the 5 stars and the league want to prevent the commodity of suffering url via user,1
stay on the people s rage to raise votes this is what s always going against minorities i don t like it s not the roma s fault you don t have services in simo you have to go to government this demmerdened country simone,0
user eight year old roma children happy to prostitute even with older people,0
let s cut all this rot so we can all live does it disgust him,1
user user user how many black workers were foreigners who devastate the job market and cheat us,1
gabbiaopen 8 of our businesses are run by immigrants and they also create jobs for italians user welcomerefugees,0
rome dead chinese student taken two roma is looking for accomplice in the investigation on the case of the young url,0
berlin trump horrible terrorist attack we will eradicate the isis from the face of the earth url,0
and we keep making speeches about berlin islam url speeches,0
and the immigrants in the five star hotels the world to the counter ah am i in the government well there s a clandestino over there no one offends if i say clandestino is it clandestino clandestino clandestino clandestino iostoconsalvini url,1
even this time nothing to do with islam isn t it obvious d url,0
user user islam is a demonic infestation a universal shariah genocide and seriously harms the mental balance of erdogan and putin china has opened camps to re educate muslim urls,1
user people who have lived with our money thanks to an irregular mass immigration how long did they think the party could last find a real job that africans can wipe their asses off even by themselves,1
on immigration the government resorts to url magic,0
instead in the gulags went to take the vacation but give me the pleasure the roma are driven all over europe only in italy url,0
user update although we no longer welcome anyone crime increases and the economy collapses won t it be that the problem of immigration is just non existent fake to reactivate fears that favor the most extreme rights,0
alfano url like any other europeanist still has the courage to speak europe must oppose the islamic advance,1
two 14 and 15 year olds who already act like expert delinquents makes us understand the future that roma fields give us no touchestosalvini iostoconsalvini salvininonmollare matteosalvini matternodelcambiamento stopinvasione primagliitaliani movimentonesti url,1
tripoli in rome means and men for 800 mln to stop migrants url url,0
user instead of criticizing them let s take an example from them let s kick out foreigners who stay in italy without title and return citizens to our country,1
user the islamic community must have paid him very well,0
user will russian women or weak nigerians be strong do you weak russian men or strong nigerians,0
user i recommend to think about the stadium of rome user not the roma who regnano in our metro securitythanks,0
we re at follia stopinvasion refugeesun cock url,1
the speech about the lidl roma is complex and you can t file it with assholes done well you would need a handful of extra characters,0
mattarella a message of composure and responsibility cricket a raging counter message disguised as a cultist salvini a delirious rally against migrants happy new year to all,0
town hall xv mocci lm campo rom giunta raggi respect voto consiglio news roma url,0
immigration have been thrown into the sea immigrants because christians are we saving our executioners let s think about it,1
user you are a pro islamic communist get out of italy bring with you your beloved stinking refugees and gypsies,1
user user they are the tailstrokes of the left social centers outlaws anpi cgil etc reinforcing the ranks with irregular immigrants try to have visibility before disappearing altogether,0
but how do you fucking sleep at night no roma want to do overtime maybe the eastern raiders some refugee url,0
these episodes confirm only one thing that these hypothetical migrant pseudonyms come to criminals those fleeing from wars show gratitude for those who host them hunting the responsible immediately band of immigrants assaults the feast of the league in ascoli url,1
user user without a grudge but a little bit you broke your dick you give a shit about your migrant cock mantras the 5 million italians in poverty can go fuck yourself but who the fuck are you you wrote a book you didn t invent penicillin madonna santa you re a rodent attached to assholes,1
rome those runners persecuted by the roma url url,0
user user continuatw as well as praying to your imaginary friend whether you call yourself god allah jove or buddah the difference between these muslims and catholics is that the first are only 200 years late before you burned heretics and witches others now kill blasphemous people,1
with february away all the refugees from san lorenzo dorsino result obtained also thanks to casapound italy the movement that from the first day had opposed the arrival of asylum seekers to san lorenzo dorsino url,0
user shoot all politicians pro islamic invasion in usa eu w trump president url,1
hommy person_1 where are them maglietterose and femminist 4 out of 10 rapes by foreigners more and more clandestines dealing on the left they shamefully pretend nothing these killers killed a little girl with humanitarian permits in her pocket url,1
of the constitution the muslims clean their behinds as of all non muslim laws they recognize only the koranic sharian law and the koran everything else does not exist whoever says otherwise is an imbecile or in bad faith or both url,1
national revolution in italy it is fashionable to use the term fascist against anyone who is against the invasion enough migrants in italy we have received too many primagliitaliani user url,0
and now migrants report salvini for me they are url medals,0
boys of my age muslims throwing from the same age boats because of the christian religion but after that you have to be tolerant,1
you can call a paedophile who has a 9 year old bride ask the muslim user,1
noiconsalvini perugia immigrants break statue of our lady kick her and urinate on lacrime,1
user user no islam no africa no islam modered we have to awake out of italy we are other things those are our religion in favor of their crazy we are still in time no to moschae it is enough the politically charged to this has discovered us,1
they want our tolerance and they are the first intolerant yes the islamics not all but enough to do immense damage,1
stop immigrants would you like a referendum in italy too url,0
user user user filled them with taxes and caused the country to be invaded by a sea of immigrants delinquents and parasites to be borne by the state,1
immigrants here s the trick cheat on pensions how they feed the check without paying anything,1
user you ve busted our balls with this immigrant story if you ve got the balls send home those who are already here otherwise mute like everyone else and especially like that asshole user who as a minister embarked on a millionaire,1
new post added at piedimonte matese ite s student protest stop making nomads after two years url,0
after 30 years canceled the roma camp at torre annunziata url,0
but when you say that the reditocittadinanza will be denied to foreigners regardless you realize that in addition to violating the italian constitution and european norms you are proposing some form of racial laws,0
user islam is our greatest danger these among whining complaining and racism of italians get everything and a little bit at a time we will find ourselves in the minority prolify like rats and we to keep them but we children can not afford them,1
wherever the islamics arrive war comes the struggles between sects barbarism intolerance the obligation to follow url,1
user user user user thank you for the offenses they confirm that you do not deserve attention enjoy your malice,0
finally user launches an organic plan in libya to assist migrants it required the closure of italian ports to friends ong to implement a truly effective strategy to help the government of tripoli url,0
always doing tears tearing services on immigrants as if they were all martyrs almost all criminals gabbiaopen user,1
rome is bankrupt but gives 12 million to roma urls,0
islam and the religion of peace for all peoples if you want to enter islam say i bear witness that there is no god but allah i bear witness that muhammad and the messenger of allah italy language definition of islam url,0
this is how those who said yes to the security decree to the self defense to the income only to the italians to the parcel is finished and to the closed ports to the liberalization of the weapons to the sanatories and the condones to the canteens closed to the migrant children dimaio colluso e hypocrite 4april url,0
olbes while the heads of minkia fans of everything x let in turchia in ue a lion is happening the end of the world because of the islamics,1
user user if you didn t have the pneumatic vacuum in your brain you would know that over hundreds of thousands of immigrants landed in italy one turned into a terrorist and you didn t emigrate with the intention of preparing an attack ignorance is a bad beast but at least you recognize it immediately,0
user faces of terrorists murderers and leftovers next drug dealers for our cities in front of shopkeepers to break balls to people to those pd bastards who let them in don t go to break up but we do,1
user the pd gave the funds to immigrants and took them away from the disabled if it is not delinquency then,1
user user user you will do what you can agree trying to close some topics there were key points immigration security self defense that are taking their course we must be the ones to support our lines more,0
user fedriga said gentilini non eu foreigners we should dress them as leprots to pim pim with rifle,1
roms pass on their knowledge about pickpocket and rays allocate funds assignment homes and tax exemptions romans or url,0
ngos those who find human lives at sea by case are all blocked in the various ports but look a little without ngos the departures of boats of fake refugees stopped was it a coincidence that ngos found africans at sea or were given notes and precise times url,0
a government brochure invites foreign entrepreneurs to invest in italy why in italy url,0
berlin milano sextosangiovanni anisamri i propose my analysis on italian counter terrorism and role of liguria url,0
salvini exults at the 92 000 landings but i would like to point out to this government that it will only be possible to exult when all these fake refugees equipped with smartphones are all sent back to their homeland the various biancalani will get over it,1
the lidl addicts who filmed are assholes and will be properly fired the roms are roma and remain roma lidlfollonica,0
so the problem of calabria is the immigrants of riace in palermo instead it is the traffic mimmolucano,0
after years of hairy goodness merkel realizes that the eu has welcomed illegals terrorists jihadists and wants a grip on expulsions easy no before they filled our streets with scum and now ops i think we ve made a mistake fuck url,1
user user yes the immigrants are 99 99 criminals the proof lies in their actions discoveries and not,1
user all the media insist on calling them migrants do you want to understand that those are illegal illegal illegals understood,1
user user we don t want to reduce pollution because then cleaner laria also breathe migrants,1
leading the dinghy with 129 migrants police and finance url blogsicilianotizie url,0
user the russians only served the minister to make propaganda and launch yet another hashtag on twitter it doesn t matter if there are about 100 people in the middle of a street today italians and foreigners,0
not the eu but europe meaning as the midwife of western culture has donated science technology law humanism to the world what do primitive traditions like sharia have to teach europeans none on the contrary islam is the negation of civilization noislam url,1
interview with a liberal muslim url via user thanks to,0
user i rom a roma are almost all romeni close the fields and unload them in front of embassy nocaseairom mobilization,1
user user user also for these p idiots the parcel is over soon for them to clean the toilets where they defecate immigrants,1
cmq nn you see muslims going down to the square in multitude x say no to violence underneath they hope to dominate us public service,1
user finita liberta insicurezza anziani swindled by roma etc liberated immediately after thanks to the work of alpha orlandik nobody s land,0
ptv news 20 december two terrors after aleppo hit russia and e url via user,0
user you imagine the islamic cutthongs defenders of pigs the english have forbidden the peppa pig carton is all to say,1
migrants boat crashes off the north coast of egeo at least 5 dead anadolu news agency reports the incident occurred off the turkish city of enez during a storm it is still unclear how many migrants were on board url,0
it is moral responsibility to help refugees who are really in danger of life it is right to welcome them to help them to contribute to their education but migrants should contribute to developing their countries of origin and return to rebuild them great tenzin gyatso,0
kurz outside the migrants from the borders and borders closed arrests and immediate returns on the table eu the plan of vienna dossier immigration and security who arrives has problems adapting to free societies holy words no islam in eu url,1
svetlana is the only woman from the east who comes to italy not to seek luck but to be fooled by foreigners chilhavedo,0
appointment on 10march at user of brescia with my book and the uncomfortable mental of migrants url,0
but we realize that foreigners will never be able to enjoy the beauty of it is no scandal z so if we look tisanina jelosa in the ass and the culture of italians who discuss gesticulando and repeat cock like 7 times in 3 seconds skamitalia,0
user unfortunately for the left there is only the migrant theme seen from a purely humanitarian perspective without a single concrete proposal to address the causes of emigration and apart from civil rights zero proposals at work banks the economy etc,0
user but that s all you can say with all the serious problems that italy has you always take it out on immigrants why don t you talk like that to the mobsters are you afraid they ll make you a wooden coat is cagasotto maiconsalvini,0
aquarius malta cooks the migrants after 5 days of waiting for the bad weather investigated the sea for kidnapping salvini url,0
roberto saviano declares to a french radio a hundred thousand immigrants a year they are not an invasion they are a gift if he is so convinced to welcome them to his home the italians are tired of welcoming and keeping fake refugees closeports stopinvasion iostoconsalvini,1
magistrature always more scandalosanoi italiani per usufruire of social aid we have to submit all the number of culo s pels for the terranty we are discriminated in our shitchifous house url of user,1
what s the story of the national guard to fight immigration in the united states what s history url,0
they arrest mimmolucano and give motor boats to libia to bring migrants to the lagers they celebrate the deficit and eat the spread for breakfast i would also do it with 49million they insult the victims of genoa but it s all right the silence is worth 780 month,0
savona stop talking about migrants or europe jumps url of user,0
rome at busting school on subway b 7 nomads arrested one of them taught the other urls user,0
revocation of citizenship to a sentenced person permanently for terrorism violates art 27 of constitution since it denies the reeducational function of the sentence decreesalvini salviniresign,0
9 year old rapper rom sings school no piss on your world command me today arrested father and grandfather dedicated to cocaine trafficking jewelry storage and resale of stolen cars beautiful family other than rap here they serve social services video url url,1
user user user user user user user user user user user user user makes me want to kick them and their families and send them to life under bridges as they have done with thousands of italians in recent years in order to facilitate and maintain invaders fake refugees rapists drug dealers and murderers,1
eh no oh terrorists of shit you can t do the attack on the most beautiful city in the world,1
i fear that soon all these foreign bread eaters will join the opposition and then it would be the end fight them now,1
the legist senator speaks france has been plundering africa for centuries welcoming migrants url,0
user italia welcomes muslims and they in the country of origin rape and cut our girls throats,1
prized breed roma adolf has spared too many url,1
user user user for what he did to the country among immigrant labor banks there is no bad end except the end,0
paradosso after spreading names and photographs of the agents attacked by the terrorist they have now begun url,0
i really can t believe it it would mean that we are already living under muslim law i thought in 20 years the westerners would be forced to the veil not today feminists where did you end up already to welcome the refugees url,1
find_the differences 1 the prime are curse deathed in battle for the defence of their patry and rights cruciated and supplied by islam terrorist 2 the seconds tr english with regard to barkones from the areas of url,1
gabbiaopen 3 4 north is of southern origin but they don t necessarily want to impose the system sud as the extremist islamics,1
user in the city nn you hear speak italian thanks to you only foreigners when a real census 500 aclandestino and 0 to expiva,1
foreign robbers soon repatriated don t tell fairy tales we know how certain promises end take off mask correctness before who delinques sells rapes damages steals they are criminals unworthy of respect out of the civilized world,0
sea watch salvini learns live tv of the migrants landing procurator wants to be a minister,0
nn needs to absolutely permit this if we do it our christians or hebrians to pray for our faith for the roads of mussulman countries cruciate us,1
thanks to the forces of order no tolerance for those who bring war into our home no tolerance for organized crime italian or foreign,0
invasion of the muslims invasion of the african blacks,1
from your side i dream of a government that no longer spends a euro for the roma or for all the fancazzisti so loved by the sinisters,1
salvini repression even before fully deploying its effects the decree security and immigration has already shored up the provocations like the one that occurred in brescia this afternoon in front of the occupied corsica hotel,0
salvini to september 2017 landed 100 000 migrants to date 20 thousand url,0
the imperative of today s government is to find home to migrants the prefects are busy with what criteria with which funds no sleep,1
the vaccination obligation and foreign children butac bufale a lot per kilo url,0
saudi arabia is isis dressed as a party it should be forgotten instead we do business and allow it to open mosques and madrasses everywhere places of culture of their wahabbita ideology root of islamist terrorism url,1
user one simple question to migrants and their exploiters why is italy the only one that humiliates them and not all the other nations of this eu shit,0
user yes it s okay that left wing journalists cerebrolesi dejections of social centers are semi illiterate and write rumeni but romania and so romeni you re still forgiven great forces of the order,0
more than 1 mld and half of prepaid paper has been distributed to migraters from government and organizational institutions according to a hungarian official invasion has been planned,1
islam religion of peace and love url,0
user it takes a hard fist there is no moderate islam it s a bufala that we ve been drinking for years italian and european media are complicit in the politics of an integration impossible to achieve stopislam stopinvasion,1
user talking about salvini s nutella and not the police surrounded by roma swine to defend a robber of roma shit,1
user user the 60 70 of italians have expressed their will to regulate wild immigration but an aggressive and anti democratic minority has the right to impose their will on everyone else this is also an act of violence for me in the name of an ideology i would say a crime,0
mafia capital procurement for roma camps requested trial for 17 people url user,0
new large fire in the barbuta roma camp problems on the gra url url,0
when you understand that you are not poor because there are migrants but because it exploits 1 of ultra rich people who crush billions of people into poverty humanity will make great progress,0
user user if you see 2 women digging through the trash for kidnappings and tortures maybe you also say that foreigners are uncivilized,0
piazzapulita dear formigli enough enough we italians are hungry and you break our balls with immigrants,1
islam does not come to a country to improve its conditions but to conquer it conquest is the only goal those who deny it do so in bad faith or are imbecile,1
m5s is pro rom pro immigrant pro islam pro eu what s the difference with the pd of gentiloni and renzi url,0
so the tar bends to the vouchers and no longer expels the immigrant,1
alessandra ghisleri to the air that pulls lesson to the comrades what was the pro immigrant procession of milan,0
user of the italians massacred inside your home and the whole left don t give a damn anti italians in all circumstances each of your actions is in favor of immigrants roma and thugs thank you for everything you do for estinguervi,1
user you ve broken our balls with these migrants you won t be able to brainwash the english,1
they cleared my friend roma if you ve covered pillows dishes and a tent of 3 that you don t use and stay either in east rome or in the parts of testaccio send me a dm i don t have a dick anymore i had already given her everything but every eviction loses everything and starts over,0
user user user user is there a relationship that shows the relationship between spending on fighting nigerian mafia strengthening political employment centers to support young migrants and cover the gaps left by potential pensioners over the 5 years government,0
the messenger rome piano rom a book for those who search through the garbage dumpsters url,0
it turns out with certain evidence that soros pays pricks for pro immigration policies bonino confes criminal associations make us billions cool mattarella and papa make propaganda and i d be conspiracy because i see soros behind them,0
not so sincere even those who defend immigrants and condemn gays all the same you should be,0
from your side user always about culture rom url,0
grillo s blog dictates the line on migrants street all irregulars no to the cies in every url region,0
user and soon you land them another bit of irregular immigrants are you worried,0
the responsibilities of the economic crisis of values and social are of migrants especially muslims not url,1
millions of turks in germany holland austria etc voted in favour of islamization belong to the third to fourth generation,0
rome the amnesies of the junta raggi how much can the rom issue keep in the drawer online news url,0
will it be a case that russia s western city has been hit sanpietroburgo is a civilization that bothers the terrorist incivilization,0
poverty exclusion and poor education 4100 roma minors have a life marked at birth url,0
user know that salvini beyond populist slogans would burn you as a southerner along with immigrants and homeless,0
lodi the request for asylum has been rejected the educator is massacred by 9 resources massacred with spits kicks punches the lifestyle of migrants is ours lauraboldrini waitingprometeo ivreich url,1
the criminologist user dealing voodoo rites cannibalism trafficking of people and ties with african terrorists but catholics and radical chic pretend not to see by user url,1
user for believers but also not see the cross of christ burning in this way with a pope who loves islam with hordes of muslims inside and thousands who press to enter is a shady omen,1
user but lower the pens and nn let immigrants in instead are close to other xke then i want to see qdo dev condone the victims,1
but aren t these islamics a fucking thing to do but are they always there to break the balls in the name of a murderer is a pedophile is islam to be outlawed,1
it will end every time we call user as neni neni user migrants datiadminchiam,0
user and meanwhile spend millions of euros to welcome migrants and illegals and italians are hungry,1
user user it s absolutely fake only regular foreigners pay contributions but even if it s true url,0
every day i feel strange in my city on the bus on the trenes on the metropolis i see only strangers clandestines and africans who never pay for the vigil and with arrogance pretend to travel for free i am tired of paying to keep these parassites stopinvasion,1
trump s first piece of shit the muslims with the greencard can come in and thank fucking you but he thedonald didn t know,0
the left piazzaiola and opponent cheers for the immigrants for the revanchist spirit actually it doesn t help them in our cities neither at home the english call scum scum the social centers that like yesterday in naples create a climate of hatred scum and bullshit that is crap url,0
the roma live in a field and you don t like it they assign them to some facilities in the city center and you re not happy the truth is that you re the shit you don t give a shit about the next one the important thing is that you stay away from your sight because the different people disgust you,0
if there were really children and real families among those migrants and not well groomed gymnastics who do not run away from any war perhaps the italians would not have faded they would have opened the doors to real needy people and not to the fake peace researchers staseraitalia,1
but who wants the fake refugees if he takes them to his house and doesn t break his dick to others also who is a pro islamic fuck off in one of the countries in which this religion exists and doesn t break his dick here,1
chaos and a theft aboard the ship in naples identified 29 immigrants url,0
user no indeed it is necessary trudeau also unequivocally defined it as an act of terrorism,0
roma campi rom presentation and analysis of an announced url failure via user,0
dedicated to the left that justifies the crime of aiding illegal immigration and spits on legality,0
town hall xv torquati pd rom will be held extraordinary council agenparl rome 16 url,0
user user muslims have broken their balls in italy pork is eaten if it s not okay with them,1
berlinguer said foreigners pay us pensions italians do not have children and we serve immigrants traditional families that horror service on the clearing of the rom barracks cartabianca left cancer of the world,0
it is a shame that the racist sexist immigrant is a guest on tv even public url,0
user south koreans begin to protest because they do not want muslim refugees in their country muslims have the vice of the shariah genocide,1
chinese dead after theft one of the roma is already free speed 24 news url,0
islam is oppression violence masculinism religious madness culture of death cruelty in the name of the prophet they are killed every day women whose only sin has been to undress homosexuals christians this culture of death is savage and violent,1
roma 15 years old roma ethnic group child robber armed with a knife victims of peers from various schools,0
user exact they are like and worse than the pd all pro clandestine roma iussoli and foreign criminals and never with italians,1
user user user wear the veil she will be an ignorant and involute muslim shit ruin of civilization,1
far west rome bus attacked near the nomadic camp sassaiola smashes url windows via user,0
user user london builds prisons in nigeria and imprisons foreigners at home every foreign prisoner at home costs about 40 000 euros a year better to build prisons in africa work for them too url,0
archbishop nunzio galantino today speaks to the corriere about a terrorism of the word on which we should all reflect,0
user user so the italians don t do children x blame migrants what does that have to do with it what do you do with it and then rightly you answer that millions of italians have emigrated x this reason and no that s why the others are extinct idiota you and who believe you,0
ok of the roma talk to programs at del debbio here we talked about concrete things like requalifying that factory lariachetira,0
new departments at lidl tomorrow there will be roma escapes,0
user user of comrades said that already 2 3 years ago now that the prophet says it s okay,0
agorai send roma back to romania etc since they clearly have no legal means to live in italy community law says so,1
selling these images i understand that the peoples of warlike origin such as the roma the arabs etc come to mistreat and kill children even their own especially if christians we look at the massacres of the isis we italians instead have an immense respect and love for children,1
milan they were asking for lace from the roman thieves sentenced to 7 years the two url policemen,0
islamic essay of kuwait non muslims must convert to islam or pay the jizya submission tax or be killed let us not be ashamed of our religion the apostates former muslims must be killed without feeling sorry for them url,1
and perhaps the problems of islamic terrorism began that day with the help of the west who in order to wage war on the ussr gave money and weapons to the most intransigent islamic formations that are now the problem of the world,0
immigrant killed 4 years and allowed to work to the victim 5 thousand euro url url,0
they try to kidnap an 18 year old girl in rome arrest three roma women url,0
vicenza from the caskets to the tools 4 nomads arrested for theft hit also the vicentino url,0
torre maura transferred the roma kicking the bus roman greetings and national anthem url of user,0
user user still with history that run away from the war given the age and sex of those who run i would say that they are a bunch of cowards since they leave at home old people women and children but you know very well that war has nothing to do with it they are economic migrants stay at home,1
on vaccinations are fought we are talking about measles and not smallpox or polio roma do not vaccinan url,0
the interior minister of germany horstseehofer is proposing to give money to immigrants who want to go home and help them create a business at home and do business with germany who pays part of the krauts and the rest of europe i e you and me,0
piazzapulita paragon unleashed against corrado formigli look him in the face when he talks about immigrants,0
with all due respect for immigrants the memory of the victims of the workplace the nine workers url,0
user razzi broke the c or roma invasion to maura tower before negroes died,1
ceinews 5 october the briefing of the first day of sinodo2018 family sexuality and migrants on the first day of the synod on the young url urls,0
traditors of italy while muslims slaughter christians we beautiful renegades our religion these people are nothing but cowardly people are not worthy to live in our country url,1
migrants are a great opportunity ruspper,0
terrorism alarm 100 refugees a day leave milan url url,0
user now sunt de milan hip mi and in milan we don t do pangina for an air puff the hurican avoided the roma fields of burning for two reasons don t smear the city s palmandola is shit don t be considered a firmer,1
salvini and the league focus on violence against women only if it involves foreigners only to vomit their racism,1
user user at the moment whites are discriminated a little around the world in favor of rom ne url,0
murders and rapes in the refugee camp in libya boccassini never seen a similar horror url via user,0
fico as the companies peggio dei compagni i migrants must be welcomed and salvini must be tried with the ass on the chair of the chamber presidency and with the look at left dreaming of the alliance cool as boldrini in fact worse m5s url,0
agnelli defends juve like boldrini the roma and the delinquents,0
these can only speak of immigrant immigrants immigrants are a broken record the problems are also other things the m5s wants to bring equity between people in italy and in eu think off in germany france switzerland difference with south italy,0
sea watch prestigiacomo fratoianni and magi on the migrant ship blitz in the dinghy of the three mps never arrived it is more acile to get on the sea watch than to go to amatrice,0
luigi patronage the anti salvini pm calls to work in proxy six immigrants,0
at school we protect immigrant students but first our children,1
you re not human bestie rifluti,1
user in italy nomads can afford everything they even want to mock us so much governs the sx,0
user user regular immigrants are already helped just think of the popular homes that are often attributed to them before the italian families the irregular ones according to you are not already too helped with 35 per day or should we also lower our underwear,1
landing in melissa the sea returns the missing migrant body url,0
user it is the pope who wants african migrants he wants the globalization of europe and these are the consequences because criminals and terrorists enter ah it is added and well rooted also the nigerian mafia,1
url in protest also to have sky so migrants lie to the vouchers url,1
user and since 80 of immigrants crimes are committed by irregular immigrants we could say that in addition to costing us an additional 5 billion per year for the reception less than 1 million irregular people cost us about 5 1 6 billion excluding medical expenses etc etc,1
and that s all right the state must use the money to train unemployed italians not to find a job and teach italian to economic and irregular migrants force user tagadala7,1
when an interior minister arrives in naples and says that the problem of security is immigrants and not organized crime we can close the country and let ourselves drown like a boat in the mediterranean,0
austria nightclub in regau migrant gets kicked out of the club two policemen arrive but he doesn t care and kicks the door in the end the only possible language they understand is that of the bouncer,1
migrants new tragedy off the libya 16 victims saved 800 refugees url url,0
someone screams murderer to salvini and the vice premier answers you won ten immigrants at your house,0
looking at the siege 1998 very current x understand that you should not give in to fear terrorism by putting aside laws and rights,0
user user dai on the legislative acts and his statements i would say that you hate all immigrants regardless am i wrong prove it to me,0
rome the rays spends 12 million on roma fields rome the rays spends 12 million on roma fields rom url,0
rt italy welcome to migrants between today and tomorrow 400 arrivals for corridoi url,0
salvini salvini i note that the pd wakes up after 5 years they noticed that the immigration problem begins to be serious agor,0
user manage immigrants come to brescia and see what they re up to ghe la shit,1
europe will help italy to help the refugees but they will have to stay with us wasn t it better to do it alone and leave them to them,1
they come they come to the car sir today we offer this tomorrow though you have to take in your homes the following refugees 1 model rapist 2 model drug dealer 3 model killer of the isis 4 model sgabia is tbc 5 model accatone,1
two arrests between the roma solved the mystery of the chinese girl url url,0
kyenge saved this rom horror what she did today wind url url,0
user as well as enslaving migrants will also be enslaved by italians,0
parioli the residents of parioli are now desperate because they realize that even this time they have been discriminated against and can not have the possibility of cultural growth that the roma would surely have brought,0
dear salvini who thinks of regular immigrants url,0
i don t know that he promised the ray to the roma but he promised me he wouldn t open any more and he s opening one in northern rome quintacolonna,0
tamim must stop supporting extremists and terrorists in libya qatar libya italy url,0
user can leave europe if this doesn t suit her receive muslims and negroes and roma at her expense,1
today the west dies killed not by terrorists but by those who still choose to tolerate and understand charliehebdo url,1
civil service also open to foreign children residing in italy we will find potential rapists dealing with sports and assistance,1
will you give homes to the roma after the illegals to the detriment of the romans or will you make a census who has money to buy raggi,0
user user in fact is not a joke is pure theater still there are people who believe in islamic terrorism,0
user other than ruspe in galera don ernesto i also understood that this category of people is unmanageable racket of alms in rome parish priest threatened complaint rom url,1
good morning to all friends friends of tw it is enough they do not have the virus of demenza pro immigrants and they vote x the party demente i e pd,1
user user user user besides what we see i add that if foreigners and italians commit crimes in the same percentage and admitting that justice caught the same percentage of criminals otherwise one group would be smarter than the other arrests and detentions,0
you will agorare the usual transmission of shit made only to sponsor the import of immigrants friggassone of the italian victims every day immigrants perform 720 violent attacks against italians and from 3 to 4 rapes per day that the media hide,1
user would put you along with the roma,0
immigration the new alarm it will be an invasion from morocco and egypt wars have nothing to do with it,0
so am i and also for the vile terrorists and their collaborators at any level url,0
excuse me where are the migrant illegals now that there are no more ngos and then they were looking for the boatmen url,0
podisti robbed at roma ostia challenge roma to recover portfolios mobile phones and url house keys,0
user italians starve to death roma no bring them home,1
giorgia meloni a sound lesson to madame boldrini shame to refugees homes and rights italians humiliated,1
what fucking country do we live in let s give him means of mass destruction poor url,0
from your side after the black asshole the rapper rom user user user user,1
not all islamics are terrorists but all terrorists are islamic,1
false residence permits all acquitted immigrants involved,0
i d like to know how many years a young muslim remains practicing after a while they don t care about religion gabbiaopen,0
rep tv torre maura between popular houses and abandoned shops we are not racist but the roma are a p migrants and roms would not be a poroblem if they were managed,0
staseraitalia true not all are thieves are also rapists murderers terrorists every day immigrants commit 700 violent assaults against italians and 3 4 rapes then the media cover up url crimes,1
siria appeal to peace written by syrian refugees in lebanon url url,0
what a shame in 2017 there are still those who lock up the roma in the dumpsters in spite of any rule on separate collection,0
lastimenotices news news news rome chinese student dead stopped a roma denounced a 16 year old you look for a url,0
rom lidl follonica suvvia so fan everyone a very thin thread that separates a goliared from the racism white,0
the policy of ineptitude and collusion with terrorists has killed thousands of them on boats then the nazis are the others salvini,0
the management of immigration today does not work precisely because it is not europe that takes care of it but the national governments which protect everyone s interests it is the europe of nations that want salvini and di maio a sum of vetoes that paralyzes a continent samoeuropei url,0
he had fought against slavery widespread in our campaigns where blackmail of illegality forces migrants from all over the world to work in conditions of extreme degradation lafrontieraddossa rastello user domenicadalibro ventaglidiparole,0
milan abusive villas of nomads url if i build i demolish in one day if they build roma nothing happens,0
user and a shame x italy see these things what the fuck looks at the government migrants but it helps your people,1
user and nobody that matters who intervenes martyrized girls sucky animals of a beastly islam,1
with all the immigrants coming to italy i see a very black future for all of us,1
user you are simply stupid and obnubated by your ideology pro immigrants who also defends immigrants rapists as victims even if rapists rape much more an italian woman if attacked is very likely to be an immigrant and this is absurd,1
user but is a pirl 629 thefts per day in the home all or almost committed by foreigners,1
user with padre pio in the government for migrants should be a bundle,0
there is little to say moves on migrants are a clear victory of salvini now that aquarius wants to go to marseille and macronpagliaccio pulls his ass back for the first time you can see that in europe they are all shitty people right macron,0
the volunteers wait to enter x recover the personal effects of the guests of the user migrants and destitute italians tells me user that no one resisted a negotiation was enough but no you have to show the muscles against the weakest of all url,0
young muslims of italy perugia in migrant entrepreneurship for the session we know about business wekab url,0
migrants without money balle who gives them to them when they arrive in italy here s how they screw us url,1
user you can t shoot in italy anymore the pd bastards have accelerated invasion of africans and muslims,1
it is not goodness there is news of migrants put in the middle of the road all over italy those who are left without any resource are placed in a position to do anything to survive and that is exactly what they will continue to speculate on who wanted the decreesecurity url,0
user user prof international alliances always lead to the same direction the sharing of the crime these poor refugees bring no wealth to anyone except those cursed who exploit them,0
and meanwhile the victims of his immigrants clandestines increase bestimmigration orderagainst chaos forzanew url,1
surgery in padua a baby gang of foreigners children of immigrants has been sowing panic for months beating and robbing the children of padua the video report comes from the undersecretary bitonci the cases of bullying and ghettoization between italians and foreigners do not count anymore url,0
user and serious all this they must remain in their world and we in ours but islam hardly integrates women are abused are raped they marry girls our culture is untouchable we do not want the veil,1
user user user needs to develop italy from the pc s merdama sinist communist is the demographic pd of merdama with all the profuges that have entered and you the italians that voted them still merdammaa,1
now from the spanish ngo with ship flying spanish flag i also receive curses on my children i confirm italian ports are closed the italians sent me to the government to defend the borders and stop the business of illegal immigration,0
it s clear that islam wants to subdue us charliehebdo hasn t taught the pd idiots yet,1
the true story of the junta rays and the closing of the roma fields next url url,0
brussels lies renzi alfano and boldrini in italy 8 out of 10 migrants are illegal urls,0
if the history of humanity were 1 km we would no longer all nomads from 23 cm darwinday brera academy 6 11 february,0
i ve busted the fuck out of these journalists they re throwing these desperate immigrant scenes in our face there s a lot of italians like that,1
the majority of roma present in italy have been resident for more than 10 years or have italian citizenship doesn t the minister of the economy know about these things ignorant,0
user do we start asking all immigrants who have illegally occupied popular apartments,1
senadid nomad released from kyenge still in prison accused of aggravated theft and resistance to url public officer,0
the tones of albese politics rise on the issue of the nomadic camp si alz url forzaitalia leganord peralba,0
the islamic woman passes by the victim here s the photo that upsets this chick should be integrated a calci url,1
user nazismo e communismo due ideologie malate della storia io guardare al futuro dell italia nevuto e senza romo ne clandestine,1
security decree stop of judges yes to residence for refugees,0
i know that we are not there our generation will not be able to live with immigrants if you see they group to themselves speak their language and they have customs and customs that will never change our fault is to change our habits not to offend them this is submission,1
we pay our pensions at turin msf helps the migrants to have access to the naz health service where for them it is obviously all free then don t be surprised if you pay taxes for generations you have salty tickets and endless expectations stopinvasion url,1
torino nord the flood of the stura flood camp nomads via germagnano and parco del meisino for now everything is under control,0
virginia raggi ultimatum for roma camps here s the day you have to leave everyone url,0
terrorism always finds way to be infamous even at the beginning of the year sorry for instabul rip prayersforistanbul peaceinalleterres,0
user this rom field remember who did it short memory,0
user the murderers were not only immigrants but also those who allowed them to enter our territory knowing the risks and hiding them,1
user terrorists in otranto channels shoot at us we shoot at alfano renzi pinotti send them home come on league,1
user user user user sure roma have 7 children each let s all become roma without anything to take away from roma,0
istat confirmation migrants come to italy to be maintained user user pc user user user user user user user user user user user user user user user url,1
in europe islam should be categorically forbidden other than to integrate it url,1
report and block these pro islam accounts we just need bride url,1
user bravi i rom just do your hair blond but and then you say that there is no culture between different tribes but what indians are,0
we have reduced the landings by 100 000 i understand that on the left someone is nervous because they have lost a lot of money they can do all the marches of red flags and illegal immigrants i think first the italians and go avanti live url url,0
florence rom falsimimi urinate through the streets where he used to walk dante and threaten citizens today lega and fratelliditalia voted to get away from the city motion failed causes votes against pd 5th enough with this crap watch and share url,0
user user all islamics who know well their religion conceal omit use tu quoque to mislead,1
fame of dignity if you have the right to divide the world into first the italians and then the foreigners then i will say that in your sense i have no homeland and claim the right to divide the world into url,0
saviano defends the 2 roman thieves and attacks salvini incites violence disgusting its users fb none url,0
35 day to an immigrant to sit and not do a dick or 600 day to salvini to sit and talk shit maleminore dilemma,0
multiracial company rom url,0
close the mosques ban the koran ban every islamic festival no burka life sentence for those practicing infibulation life sentence for those from minors in brides life sentence for those who offend the freedom and dignity of women abc of civilization,1
user user user small part mafia camorra ndrangheta and sacred united crown are they a small part thank you but what the fuck you say the lady was beaten killed and tortured so 99 of foreigners are all murderers and delinquents but go to cah better you didn t answer,0
maybe they weren t supposed to be there but it s inconceivable to call men these bastards who have killed the two girls still live after unheard of violence this is islam just allow the spread of this subculture let s fight and eliminate it like nazism url,1
user va well come on we also give it to the other european countries and to all the leechs immigrants who already eat and drink to ufo all the days but baffance you and the cnel url,1
user user user user user it s a fact that thanks to you pro migrants throughout europe including italy has filled up with this scum france will be for its colonies and italy for your coops and your 80 00 agreements and say a word for women slaughtered by your resources,1
here is the snake that devours the world and wants to flood the west with africans and muslims to destroy the white peoples of europe turns out to be url,1
ass21 july path to overcome roma camps in rome damaging human rights and costly url via user,0
roma roma floor baldassarre step back and sleigh vote we listen to associations url url,0
the alarm of the economist immigrants are mostly young prone to crime la sbai italians you will have daughters with veil and grimoldi we welcome only women and children url,0
still no one left to answer me about what to do with the thousands of migrants coming maintenance for life work for everyone or what else,1
why is the open society foundations in soros funding migrants with 500 million dollars what do they plan to do in europe why do all politicians follow it i have a bad feeling we will be destroyed and sold out it s not a nightmare is reality,0
stones and firecrackers against migrant homes url url,0
news modena escape from modena to castelnuovo after a theft taken in the nomadic field foll url emilia romagna,0
luisa ranieri on family christiana migrants have the eyes of our grandparents my old people have had celestial eyes grey and green nut not coal color and did not use them to inspire compassion and pity in the next next 19september,0
liberoquotidiano it all the infallible tricks of robbers url social plank endless,0
user did you look at him well one such is better to have him as an opponent if he is so magnanimous give his home address to the roma,0
user we re sure it s not a warning of the series careful that you re not alone there are dozens of illegal immigrant scum resources ready for you as they were ready in group for for we d like institutions to make cities safe for all women for everyone,1
user user always deny the evidence and anyway send to fall of these few 1 or 2 migrants to host at their expense,1
take off the veil muslim stuck at the airport in rome lazio url,0
user i remember that under this papacy communion was given to muslims by organizing a common celebration desecrating what is dearest and most intimate precept of christendom the eucharist,1
we must suppress the roma camps and they go to work with all italian citizens or return to their country,1
sea watch salvini allholland take the migrants amsterdam it s not up to us by maio ship has your flag holland says it doesn t wait for us here we are at who do you know,0
immigrants so the left forces us to keep them all meloni the complaint the legal trick to ruin italy,1
in kenya as well as luxury resorts there are muslims soon they will also import from us urls,1
emergency minniti cancels the trip and returns to italy immigrants invasion at the gates things never seen before,1
mimmolucano but how can you not understand that you have to help italians and not foreigners we have too many illegals enough,1
user congratulations to the beautiful rom really,0
congratulations to the islamic x having relegated women under a tent to their feast an understanding just religion etc but please,1
continue to deal with illegals roma banks and confindustria continue to be on the side of those who offend italy to europeans it binds to 50 user user user ottoemezzo formiglie dimardi,1
poor people these muslims hosted at the expense of the state they are so hungry that to eat they sell the food that is given them free of charge and they sell it to those italians poor true who the state does not think about because they are too busy with immigrants let s send them back home url,1
also this time merkel orders to say that it is a crazy but kosovo muslim and shouting allah akbar dusseldorf terror,0
it s a crime to say clandestine,1
so for the left the pepper spray should be forbidden because dangerous but their beloved migrants turning with machetes knives tugs someone even rifles and dealing 24 7 are okay but what mental problems do you have corinaldo,1
sometimes i think about that controls on immigration mug there was already everything url,0
agorarai morani says minniti made arrangements with the boatmen after years of wild immigration to the point that he had begun to fear for the social estate of the country to make your memory drink a glass of good vermouth url,0
user it s already more important to send a good minister to arrest or protest for immigrants than to think of italians who suffer in amatrice or in other parts of italy who are in dire conditions,0
mafia roma procurement of nomadic fields in 13 sent back to url judgment,0
alert on terrorism on the eu summit rome armored by 5000 url agents,0
more blood in europe a prayer for victims and wounded our total commitment to defeat terrorism we need european intelligence common defense system and unity to safeguard our culture and values we are not afraid they will never win strasbourg url,0
user user user user user user user user user user user user user user user user user user user user user user user user user user user user user user user user user user user user user user user user user user user user user user user user user user,0
who tells the parents of the chinese student who was mugged and found dead near a roma camp that the police can t get in there,0
campo rom alla favorita the municipality will be demolished url news,0
153 000 arrived in 2016 are a tasting from libya the bomb on italy 360 thousand immigrants leaving url,1
user user user give me a reason why he s great he only fights for immigrants everyone knows the problem,0
spanish useful idiots enjoy this traitor who wants your ethnic substitution with muslims you ve taken centuries to get rid of muslims and you re giving them the ruthless power again,1
so refugees empty our shops in pordenone,1
user i think she descends from a roma line too she s a bitch,0
and how always all young people are in good health where they are women old children awake them will be working with unaudience,1
url via user this ignoble act should put an end to the career as a freakish migrant of north africa the tolerance for these acts must be zero assoluto the times of arrogance by migrants ended with the end of pd,1
come on user forza user we don t want immigrants or clandestines in the region lombardia thank you as you did cameron,1
the roma have said that they will all vote for the yes and add extra eu citizens with right to vote some pen url,0
user because of course all criminals are roma,0
user poor man take a vacation with the brain that you find but if you don t have the money to feed you you bring millions of migrants to make that to do islamic italy as long as i live i will fight because islam and even nazism are women are proof that islam and nazism are equal,1
my heart is broken for srilanka and the world christian community we must fight the perpetuation of christianphobia the terrorists of islamist supremacy must be condemned everywhere pardicio oratoridellapasqua obama clinton url,1
tunisian already detained in vicenza has been expelled because radicalized and close to islamic extremism 347 expulsions for security reasons terrorism carried out since 2015 to date of which 110 in 2018 no terrorist on boats is true url,1
bomb poll immigrants stay with salvini demolish left wing lies about illegal urls,0
children rom in class parents worried it is not a problem of discrimination but of protection url,0
user user user refugees hahaha what a buffoon you are clandestines to kick their country in the back that s what they are,1
user user you are right to use them for migrants we use them to send them back to their home,1
i don t understand what s unclear about the fact that those two nomads aren t the only ones to defend themselves but humankind,0
blitz della municipale cleared roma camp near the stadium url bari news news,0
campi rom l onu recalls italy and for the raggi the rejection is more severe url via user roma,0
after the closing of the bridge in paderno the commuter trains from bergamo per milano are so full that if salvini sees them he would not let them dock in any lombardy station and send the refugees home user user,0
florence brothers of italy in rovezzano slums in dirt irregular rums in the copper racket url fdian,0
user maledicetto migrants are needed for competitiveness he also has the nerve to declare it openly with heads like this italy would be over destined to be africanized and islamicized within a generation we must not allow it,0
user user repatriating delinquents is making war on the poor with 5mln of poor citizens including 1 5mln of foreign origin you made it by letting in with humanitarian protection pigs dogs which leads to denying the welcome to those who run away from the war seen the limited capacities,1
diego bianchi is also slowly opening his eyes diego bianchi vs gualmini pd on migrants who have gone like salvini you have helped traffickers never exceeded the url limit of user,0
constitutional with the strong unconstitutional with the weak user the salvini decree on immigration url,0
rightoverseas the roma are entitled to welcome and we have no rights right to security for example tell that gentleman to take them to his house,1
germany terrorist threat in progress raid in four cities corriere della sera url url,0
already they turn foreigners in adidas slippers and pouch strictly to life better a punch in one eye,1
user dibattista together with his father hired immigrants in black in the family company dibattista holds 30 i got pissed off he said but the money saved if he kept it an ignoble dickhead to 5 stars who got nervous url,0
lulic gypsy roma shit this is also url truth,0
trento presidio in piazza pasi 18 00 as in other italian cities we will manifest in solidarity for mimmolucano arrested today for fostering illegal immigration we support his fight against racism and fascism for an italy that welcomes url,0
what the decree salvini on immigration and security url provides,0
user i am a baker s daughter i know symbolically what it means to throw away the bread but you can t rethink the reception to the roma why always in the extreme suburbs why not to parioli or hill fleming maybe they are not worthy to trample on those places i remember capalbio torremaura,0
migrants come to italy because they run away from the war fucked virusrai2 haragionezaia,1
user user user but are we sure that islam is behind these stumps i m starting to think of some secret service hiding behind a mask of religious fundamentalism sending to the massacre poor subjects or foraging money the so called soldiers the design is more complex,0
those lavastrade of rome immigrants and organized urls,0
user user is you who write in cubital characters i am as unique as you but i think that one who has no skeletons in the closets has nothing to fear instead selfini always tries to divert attention from his small 49 details always looking for enemies to fight migrants,0
today papafrancesco is a hero because he hates salvini on migrants or is he cursed because he is opposed to abortion let me know so i organize myself morning and writing meanwhile i drink a coffee immigration congressfamily verona familyday lucamarf roma url,0
waste and pollution the nomadic camp of 554 ends up under url seizure,0
islam is a cancer that will destroy us there is only one therapy keep it out of our borders everyone must be expelled even their european flankers there are no alternative supplements those who believe it are already fucked,1
user why must migrants help only italy that has the misfortune of being in the middle of the mediterranean and undoubtedly that after all these landings we have become more racist then to europe i ask where the hell are you,0
these muslim trogl9fiti bastards are invading 8th world of malesia indonesia and us idioti in italy and europe url,1
diciotti migrants forced to stay on board ask for compensation to italy,0
user user user user user user user user user marzolaura1 you may be so busy in reporting when the men in uniform are stabbed and wounded and killed by the scum of the fake refugees sent to italy by people similar to you,1
user user user user africans like all migrants must be helped but at home they i will never bow to their way of living light years away from mine too underdeveloped,0
rome maxi rissa between gangs in a nomadic camp arrested a bosnian url,0
italians to hunger and we keep the clandestines my article today on free immigration cie italia url,0
user never more muslims in italy or better in europe,1
migrant security okay by the cdm salvini stop asylum application if dangerous or condemned applicants the minister of the interior has then announced that he wants to close all roma camps by the end of the legislature and to reduce the daily allocated to url immigrants,0
trump opens the mexican front street migrants or i put the duties,1
user or give us poor paying for their bullshit a bit of what they bestowed on so many islamic soldiers on the adios tour,1
tagada all roma will vote together x the yes and have confirmed that they have all voted together in milan for room understood why immigration,0
italians they don t have children because they don t have the assholes to convince their wives but italians do them with foreigners that assholes make them carry on their shoulders by the italians who work for them so he better describes the effects of the prevalence of sexweak in italy,1
user i was taught that not all muslims are terrorists but 99 of terrorists in the world are muslims,1
user user pd immigrants europe disgusting left all should be ashamed it just sucks to me,0
user user user user because if anyone feels guilty i m not among those for me it s not an immigration is an invasion of those who want to change europe from christian to muslim i sp rer i to v sta,1
syria assad the war will end when we eliminate all terrorists mediaset url,0
if you ask for the closure of all roma fields sign and share this petition firm url via user,1
20 year old man they re roma and no one knows the same story every time all my friends talk bad about roma url,0
moni ovadia in parma sovranism italy in a century has had 30 million migrants,0
user but how the fuck do you say that jesus was a migrant he was all fucking palestine,0
a ship of scalcagnatati of the social centers that it turns around the mediterranean fishing two cods 867 migrants dead or dispersed in the last four months only in september 20 of those who left from libia turns dead or dispersed human beings not cod mediterranean url,0
the daily fact maria grazia cucinotta if a thief enters my house i shoot roma fields the url m5s must be gathered,0
user is there a limit to the forced and mass invasion exclusively aimed at our country italy already hosts 900 thousand fake refugees future criminals in hotels to 5 billion annually removed from the poor italians let them die just because italians now enough invasion,1
url roma attack and rob 81 year old elevator two roma arrested ansa news,0
user user this is our tradition for centuries the memory of the birth of our lord those who are indignant before all this can very well change country the world is great it applies to muslims but also to the many fake italians url,0
embarrassing user obstacle course to exclude immigrants who are entitled to the reddicittadinanza by circumventing european norms and constitutional constraints so the user is eating the user to the face of the poor italian or foreign people who are urls,0
user user the solution was to make them friends so they are no longer terrorists just do what they want,0
enough with this idiocy of dialogue with islam the mohammedans want exclusively to conquer subdue and exploit the only thing to do is a crusade to regain to kick out of europe these hordes of afro islamics deus vult url,1
casal burciato the roma will leave we will leave the popular house,0
malaria it s just the beginning the terrible prophecy of the african legist what will happen in italy,1
user but you too but if they are nomads by definition where do you send them at home user user,0
no to terrorism nn needs a dick you have to go there is destroy all terrorists even the little ones,1
user i can testify that you don t think about working with islamic migrants if you are an outgoing woman who is among them not in administration you have finished living because for them women have to stay with their mouths sewn and speak only if they speak to you,1
user of course in this case to the faces of the communists and the migrants,0
user with fewer migrants arriving you are all better quieter less anxious to be robbed roads and more decent gardens etc,1
living conditions in a migrant camp in serbia aka european standards url,0
as a citizen i say to you user is trying to remedy the invasion of uncontrolled migrants that his employer user has defined as resources hoping for the arrival in any way strong of his institutional task sourcesboldrini url,0
user user user you are not islamic simply you are a western devotee to god s work as you say,0
worker forced to sleep in the garage meanwhile his apartment was devastated destroyed furniture high floor and stolen appliances but foreigners have more rights than him they are poor they must be helped url,1
the roma indoctrinated by the leftists what the many robbed by their peers or those who have suffered violence from their parents think,0
flights charter to send migrants back to italy the latest news from berlin dozens of letters were sent that alert refugees of their imminent transfer with two dates of flights 9 and 19 url viminale denies url,0
fiftycolonna i always say it associations worse than the mafia they are enriched with immigrant criminals and roma,0
from your side regaining dignity with the unlawful the affirmation of mr ssgiovanni in black is at the level of the roma,0
user you have to understand that the problem is who starts the boats you have to understand the lynchoscience of these people not to say that they send them to die italy has now for years welcomed millions of invasori because it is not immigration but italy is small,1
user user did you do well to remember the roma camp in via di salone fully equipped it had to be a model field a jewel rivers of money spent then we saw how it ended they had to send the army,0
director caritas is welcoming future drug dealers prostitutes and terrorists url,1
promised life you re a italian immigrant when we were the migrants we wore years of ignorant stereotypes and despite hunger and poverty we were welcomed and url,0
user user they were illegal immigrants and can be held where when how much and how much better thought i would leave them still on the ship but by making them land at least it has proved what kind of people they are along with those who support them,1
user jesus may be mocked and criticized but the european court of human rights condemns those who criticize muhammad of paedophilia and much more sign the petition we are almost 50 000 we defend the right to be critical with islam in europe url,0
work from rom url,0
immigrants and i pay user user url,1
vigile kicked by immigrants video choc url,1
dear boeri i m confused what the fuck does this have to do with work,0
user and he talks about migrants think how much he cares about italians,1
okay we re gon na fire all the italians and get them to work,0
user but these roma weren t stealing but rummaging through the dumpster as many italians do what crime,0
user they have to go to fucking ca ci murimm and famm nui basty,1
perhaps none of us realizes to the full how many rights migrants have acquired in italy including that of criminals but do you know what duties they have i still don t understand it,1
but are you still behind the sin you won t have me mayors are arrested for aiding illegal immigration i don t take risks,0
i wanted to load my bike in the car but for physics we noticed that the bike was bigger than the car and we looked like robbers,0
salvini terrorists drown so we should do right url,1
the pharmacists between terrorism and migrant sos sifo talks about it at the milan congress milan terrorism missi url,0
if everyone who pontificates on gorino welcomed a migrant into the house the emergency would end in three seconds,0
naples to the massive immigration and crime letter of residents to the government url of user,0
would these be refugees jerry ogboru the padua rapist stopinvasion salvini url url,1
user user user a group of citizens cleared a building occupied by roma throwing everything on the street,0
thus immigrants replace and humiliate jesus the denunciation of socci the leaflet shame photos,1
chinese dead yao robbers are still in the rom url camp,0
matrix that disgusting rom also mocks we hope that cn their toxic fires will burn and crack all fast tollerance 0,1
user che munnezz e paese siamo but roma are not stateless and petche in italia sedentali,0
user user local mind to that of the pd party that whoever did the law for foreigners was socialist martelli,0
migrants aquarius arrive at malta the spin doctor of ong have prepared the operation sympathy there is also a dog url,0
ey pretacci pro immigration i tell you a secret when these resources will be numerous enough and you will no longer have faithful because of your material greed the house of god your home will become the home of the latter,0
here s how they ruin italy immigrants muggings and robberies the figures truths about resources,1
user it is becoming the country that you created full of illegals terrorists murderers and drug dealers the people can t make it anymore bastapd w litalia,1
arrested 24 human traffickers okay now we keep them in our prisons or can we use their koranic law,1
user but the price of hiring immigrants at lower costs according to what you said is war and war costs,0
nigerian fanegas other than refugees come here to delinquere and kill us all at home your inutil violent ignorant beings our children go abroad graduates to wash dishes to support themselves while looking for a job,1
no to global compact salvini must know him at the cost of getting the government down a thing of life or death if it happened we will be invited by immigrates movimentonesti url,0
the five stars red deliver rome to the islamics prayers in schools and url url,1
soon we need an ambulance for user there is an italy waiting for pd we went to seawacht3 to defend our children because if they start with immigrants then it will be up to political opponents delrio mezzorainpiu nonelarena url,0
chinese student died in rome condemned the two nomadic urls condemned to remain free thanks to depenalizations,0
in two days spread at 300 a vice premier said that there are terrorists in the european commission the next day the other vice premier called the president of the commission drunk and exulted at the arrest based on nothing of one of his political opponents,0
memory day tomorrow in the senate the memory removed of the genocide of roma and sinti url,0
attacks roma child with a cutter in termini you were stealing arrested a 29 year old,0
user the interior minister is your captain he shut down the centers and threw thousands of immigrants on the street he had to expel them and did nothing he had to increase the staff and nothing,0
user user bravo hosts a dozen illegal immigrants at your home piddiota,1
user rome chinese girl robbed kill by roma all over italy steal kill no certezza pena,1
milano milano various caravans of nomads cleared in via cusago and via casasco url url,0
quartarepubblica vauro you are a shame you want to explain the drama immigrants laughing and you don t even know what you re saying you keep talking badly about your blood relatives italians there will be a turning point and i hope that there is no room in the world for you,0
i understand it happened to us too in our case the police told us they were roma but they couldn t do anything it mounts a video surveillance and alarm system unfortunately there is no other solution,0
international what we learned at school about the video of the two roma at lidl metapolitica url,0
user user yes you do irony but it s the truth maybe many of them will go to the condon ah no wait it s called fiscal peace ahahahaha the only thing that makes me enjoy is that that money will also take thousands of roma in the face of the hoodies,0
napoli pack of roma invests with the car three carabinieri and escapes repuliamo l italia url,1
user too bad too bad that it was abolished now it did a lot of things for drug dealing immigrants and rapists and also for idiot people like the one who wrote it to the ministry,1
user user user the robbers of poor chinese girl will not go to jail it always takes severity,0
venice migrant child molester relatives almost lynch him according to the boldrina the culture of this migrant does not foresee that you can not rape girls and they must be tolerated dear boldrini we don t think like you and muslims do you think they will understand it now url,0
health italians at cause african immigration aumento infective and diffusive diseases stopinvasion url,1
from your side i think that since you want to barricade you couldn t gather all the refugees take away the remaining fire,1
listen to this service the imam says moderate islam doesn t exist islam is islam a runaway woman must be beaten to make her understand that she was wrong rome is already our we are recruiting adepts for jihad at this point if the state doesn t intervene we are idiots url,1
ferrara denounced the legist of the anti migrant barricades url url,0
user woo to describe and specify however which people were and the social state huh clandestini african fake refugee fucking parasites skyfopd24,1
600 000 illegal immigrants without any possibility of insertion that delinquono stupper is kill with ferocity immigration described us by pd and sx church as resources in reality is a world of degradation and violence print and tv pro guilty immigrants movimentonesti url,1
for don marco lai head of cagliari of the c a r i t a s immigrants are an asset see if antonello lai,0
user not only would i have left those two pro islamic sluts there to rot but i would have sent him as a bonus too,1
posta the tripol war has already created 16 million profuges,1
use not ready for war with russia but will support terrorists in syria url,0
user user user user user user user user user user user user user user user user user user user user user user user user user user user user user user user user user user user user user user user user user user user user user user user user user user user user user,1
mayor s sport policy races more rom fields and less football fields a pd is forever so,0
instead when foreigners attack italians rape and sometimes kill little girls here in italy url,1
user user someone accompany them to a reception center of migrants or to a building occupied by clandestini so they go to get integrated,0
user user are you okay 99 of the attacks are made by islamics and you re here to talk about an isolated case,1
user the beauty of democracy to which we are accustomed is this you have your opinion and i have mine who knows in islamic countries,0
user thank youmattarellathank you for your continued european commitment to islam integration in italy more delinquency more barbarity more poverty and disease for all of us thank you again president,1
if you are so stupid as to hate the unions serve the masters celebrate the rich and say that the left is an old useless concept don t blame the wages that are lowered to people who are exploited because you fight the poor foreigners and not the italian injustices url,0
they don t know the slightest notion of igiene the migrants url,1
first the germans and we discover migrants like the others counter plan url,0
pakistan the islamics protest and threaten to die the family judges and lawyer for the absolution of asiabibi sentenced to death for drinking making unclean a cup for water intended for islamic women islam religion of peace a caxxo url,1
will you repeat x every muslim everything depends on them url,0
muslims must adapt to the folk and religious traditions of italy not the other way around url,1
wanted in northern italy he was found in the school occupied by roma in torre annunziata url,0
germany when even integrated migrants do not accept this uncontrolled immigration url,0
user of course we must not offend migrants neither with crucified nor with the protest for their crimes sch,1
migrant favour mayor of riace mimmo lucano mimmo lucano has been arrested in handcuffs in the xenia operation of the guardia di finanza he is the champion of the reception of blacks and monezza the earnings of this latrina user url,1
italy libya agreement on migrants highlights from border control to financing libyan reception centres url,0
rondolino on user who talks about the situation roma as a homophobe of the league god forbid us by cattosinixtri redeemed,0
i was a stranger and you welcomed me matthew 25 31 46 decreesecurity migrants restamohumani sprar espulsioni user user user user user user user user,0
republic berlin tour of life welfare cuts for foreigners subsidies only after 5 years url,0
toh what a case clandestine radical islamic and terrorist was about to do url,1
user user islam moderate or good is a chimera invented by the world left to make people digest mass immigration,1
700 ad islamic terrorism 1200 ad islamic terrorism 1400 ad islamic terrorism 1700 ad islamic terrorism 2019 ad islamic terrorism the constants are the koran and faith in the pedophile predator muhammad meanwhile they have conquered levant africa asia awake,1
user this is even more dangerous than muslims at birth,1
i don t want it to finish so stopislam france the time bomb of islamization url,1
user user nn understand why republic is on the side of asselborn when we pensioners who make lives at the limete of decency people who tame in the street and sempr and more often violent acts on the part of migrants we in belgian swiss germany nn behaved like this,1
the migrants control entire districts police interventions are opposible because these hostile peoples unite to lynch the agents we must not be afraid of words only the military rakes can stop this obscene insult to the state and the law,1
user now we must take back all the refugees who have entered germany and all those who come to us who take them back,1
memory day in milan the roma remember the porrajmos their genocide url,0
we negotiated flexibility with ue because it was an operation on migrants vachiria fedeli confirms to tagada as to be developed by bonino connected by renzi the government piddine tracted with eu elasticity on the money of the wild coglience of disperated urls,0
the gipsyqueens leave the roma camp and emancipate even if it still takes permission of husbands to work url,0
refugees why can t we have asia bibi here in italy,0
the nigerians in italy have reached the cifra of 60 000 managing space prostitution accepting power drug dealing heroin arrested risor nigerian url,1
rinch 2 nomads in the cage reported three lidl workers adriatic corriere url url,0
rogo san ferdinando desperation anger and resignation among migrants after the fire,0
piazzapulita riace that lets his young people migrate to replace them with migrants to whom he teaches a job but the cost benefit ratio is always negative in fact prints his own currency waiting for eu reimbursement it is not a model it is a bad example,0
user so the in laws are missing nothing roma are loud and then they would steal everything from me migrants are not because i don t have orange trees at home i choose rubio s dish because the satisfaction of being able to throw it directly into garbage would be huge,1
so begging funds the racket of illegals,1
user pd in piazza immigrants in piazza and some italian with dinner paid paradoxical as yesterday two opposite faces of italy gathered in piazza,0
user user these pass from isis terrorists to culture but the 5 stars didn t preach the return to proipria coin italia wouldn t need the charity of anyone less from those who finance terrorists instead go to charity from these people dignity below zero,0
jesus did it well the immigrant as christ commands url,0
user but enough about the bible enough it ruined the world just like the other islamic book i m books stop,1
with the condemnation of traini you have shown that migrants can do anything rape kill scafist eviction justified with the excuse of necessity but no one can touch them and is still waiting for the trial but she is italian cut apart by migrants csm macerata,1
7 campers roma in via bagarotti 70 gypsies among men women and children where do you think defechino and urinino ok dirty but here it is real sanitary problem user user user user user user user user user user,1
user migrants are now to be kicked out with force their importers have exaggerated we need to seize george soros assets to remedy all the damage done,1
thefts at romaostia caused by rom the police didn t even want to intervene that figure of shit url url,0
user user that s what interests him for that reason despite the slogan that immigrants were taking money away from italians will give funds to the police but not to improve their working conditions just to increase their numbers salvini wants martial law,0
the immigrant included in our society is a continuous ad ad to islam how could we know them if they stayed at cas url,0
he decides to take the refugees to his municipality he gets swamped with insults mayor i denounce all last webs url,0
milva and her goro if i were still there the migrants would host me photo url url italy,0
user user excuse me the msg l addressed to those who said that italy lives thanks to migrants and i renew the invitation to go to,0
user user and after the rap of the roma yesterday to strip today also this we have to suffer dux where you are w italy,1
viminal url 184 migrants landed in lampedusa malta downloads the problem on italy tgcom24 url via user,0
nomadic camps in rome the mountain gave birth to a mouse url url,0
kicks and punches at immigrants on buses the video of the url attack,0
another roma camp in the capital of italy while the chrono program for overcoming villages several times url,0
migrants and security decree what changes for the health care url user ecm,0
nobody who says anything about this muslimano url is the imam of cynisello in italy bastaislam,1
france controls robbes and impoverishes 14 african states url,0
open your eyes the real massacre of migrants is in the african deserts not only in the mediterranean sands kill much more than the sea but for us there is only libya and the trafficking of men in africa takes place under the eyes of the western military url,0
rai news ritual circumcision practiced at home dead one child the other in serious condition both children are of nigerian origin human rights champions are outraged at migrants but they are silent when their culture kills innocent children,0
did they just hurt them if i was a father or relative of the girl i wouldn t have stopped so also other islamic illegals would have realized that here are in italy not in their shitty islamic countries government of change url,1
user user the left first let the immigrants in and then washed her hands those of the left you just have to be ashamed,0
the years of immigration clandestine or not have shown that muslims do not want to integrate in fact they have tried to impose even violent islamism but they must do so in their countries not in italy the hypocrites the gentiloni stop saying immigrantsxitaly,1
we are stuffs of having immigrants that do not pay the mensa do not pay the school books do not pay the public mezzi have the free people s house free medical costs free oculist visits free eyes we are stuffs to pay for them stop invasion,1
it says free that immigrants carry the colera virus but that cholera is of bacterial and non viral origin you know that yes,0
i vigili nelle campi nomadi inquiry into extraordinary urls,0
rome robberies to tourists stop six nomads user user user url,0
on behalf of satan rothschild rockefeller soros eu troika pd islam etc etc and elitist members of the masomafiosionists and jesuits the worst feccia of the planetary humanitarian criminality the globalist and globalist in short,1
you don t have to make all the grass a bundle but these muslim terrorists must be termed parisshooting,1
excuse me but this is the paladina of the pipe according to which the roma must be allowed everything does not go down without a tir of maalox white black,0
user to date i have not seen a single association of this type really do philanthropy they sell for solidarity this instrumental to them example the clinton foundation years ago distributed free vaccines to african women against hepatitis b result all sterile philanthropy,0
the flag of our country and piedmont is waving ever higher all over the world congratulations to ferrero for the ability to grow on foreign markets without ever forgetting the added value of madeinitaly user agrialimentare url,0
she was an immigrant now basma bouzid is a knight of the url republic,0
matteo salvini the attack of the african union withdraw the phrase with which it compares immigrants to slaves url you feel sorry for yourself,0
the government in naples to save de magistris and avoid the crac of the municipality does not hold a euro is full of debts does not pay any supplier but wanted to take care of the immigrants of aquarius and eighteen i would not help those who use the common ass x help others do it with your url,0
court eu italy recovers the ici not paid by the church and the no profit bene now let s see if familycristiana will smash on the cover the eu disguised as as it did with salvini when it has closed the ports halving the business migranti,0
simone is the new gretina we thank princess virghinja raggiovich mayor of rom for showing us the true face of the five stars and not only that url,0
user user user carissima the very smart luxembourg that hosts only regular migrants and that nothing knows about the illegals who delinquency everywhere has little to give moral lessons to anyone this is the juice of the speech,0
italy will become islamic it is a matter of numbers they have children and come in mass our children for a future must leave,1
user user i don t know but it would certainly go up in a sensitive way it is urgent to translate in italian the book of dissident ann heberlein rape and culture that illustrates the connection between the arrival of immigrants from barbaric countries and the boom of violence against women,1
user chilling damn pd fi alphano ncd sel that are importing terrorism and destroying life url,1
it s okay it s 2017 but islamic radicals think like 2000 years ago we can t reason according to the same gabbiaopen criteria,0
user i d like to know if the former director fatepresto will still hire the roman roman lady to do the cleaning or he ll take care of it now,0
gad lerner returns to rai with islam italy trip to the world muslim imam mosquea url via user,0
this is how muslims want to transform italy and europe thanks to pd but they won t succeed movimentonesti url,1
carmagnola 8 years old found only on the street by the vigilantes mom doesn t want me anymore url via user these are the poor roma people without any respect for human life,1
user we all know even the so called buonists that the 90 100 of the nomads delinquono these should be sent back home,1
it seems something recently but the submission of the woman by islam is inhuman they would be made if they did not want to impose it on the whole world let s think belgium in a few years will have an islamic government if they do not stop them url,1
minors of foreign origin they are one million half women and face discrimination for their origin,0
this right here is my home and after the roma camps also via the url url social centers,1
italy with renzi and alfano and every day more full of rom fields and illegal immigrants with more right than a citizen italian,1
from your departure from italy illegal immigrants and all politicians unable to govern italy,1
since the beginning of the year 4 883 migrants have arrived in europe of which only 155 in italy very small malta and cyprus have taken 49 and 84 greece which has only 10 million inhabitants has taken 1 166,0
user if you then find out that donating blood are all immigrants takes you a heart attack,0
con 1 over 000000 clandestini presented in italy 2 international criminals that raw space drugs rubano and aggredisco 3 million italian registerers that we do do we get other foreigners with humanitarian corridors url,1
you will then regret it as a result of a terrorist attack,1
why did the koranists instead of priests slaughter cartoons because the truth about the koran doesn t tell the priests but the cartoonists,1
rome far west in corcolle police assaulted by about thirty nomads 20 stops the messenger url roma news,0
rome killed a roma and accused his son sentenced to 10 years url url,0
user but we joke first the muslims and gypsies then the extra community and then and then just italy to the italians,1
they re all so islamic and it s just their arrogance and arrogance that doesn t trust quintacolonna url,1
but nobody wonders but the roma in question who they really are have a job they send their children to school what they live about why don t you investigate and then we talk about it url,0
user user user frankly the immigrants who play football and live in italy can not care less instead i care much more about the children of the sappusi district and the lovely district here in marsala who have never even seen a panettone to the face of the welcome,0
the pd has covered up the italia of clandestine migrants who run all day with the excuse of acceptance they have to reclaim the flowers benches caged in parma the merchants of the gravel think so url of user,1
also today in italy openings of newspapers and news dedicated to poor migrants on boats the rest of europe tace,0
user but what immigration they are hordes of destruction i pay all isis money and that damn soros,1
cut cut cut immigrate to their house,1
sri lanka who are the kamikaze bourgeois and educated of the easter attacks islam culture their propaganda continue nevertheless soros meanwhile continue with my islam death url,1
milano closes the roma field of the container in via lombroso left on the street several families url,0
ermal meta the problem of italy is not the migrants but the evil it is not racism but fear url,0
with appendino torino mecca dei muslimi,1
tijuana is a city of immigrants but we don t want them like this said the mayor member of the conservative national action party it was different with other immigrants they carried cards they were in order it was not unordained excuse me the expression url,0
culture user here s the culture councillor exterminate muslims like jews user url,1
user thinks if they had done an exercise on how immigrants bring disease it would unleash hell,0
the host islam at mass offends the church the faithful rebel url in those who are able to rebel i remind the christians that the faith is this respect the dogmas and reject with energy the desecralization of the holy mass and the rampant blasphemy,0
what are they gon na do to this muslim moron now nothing they re gon na give him the medal like justice usually does it url,1
user terrorists shoot in france flee in italy mercia burned human call war european warms his shoulders,1
raggi all chatter and fields rom url,0
english away from italy this territory is now refugees url,0
one free the other at home condemned for stealing the nomads who snatched died under a train to url,0
user the state as a protection for immigrants must also protect its italian citizens special winners of competitions 250aapds,1
pope to students user the answer to fear is the reception and accompaniment of migrants url,0
they do whatever the fuck they want thanks to our policy that only thinks about their own interests immigrants rom url,1
user there are 100 million refugees ready to come here shall we send them to your home since you are also kept with my taxes,1
the dalai lama europe belongs to europeans migrants return to their country of origin url,0
user be united in denouncing the zionist jews racist terrorists invaders authorized with all their supporters sold waiters of their employers selling themselves for a handful of euros of dollars url,0
because the thought of abduh leader of islamic reformism has given life to both modernism and url fundamentalism,0
to severely condemn terrorist acts is not to disrespect the people of all religions on the contrary it is love for every human life,0
the nomadic camp in monti tiburtini burns the fear of residents we said so,0
ballaro these piddini are sending italy and the italians to exasperation enough immigrants nn there is more place url,1
clash oim salvini deputy premier migrants must be saved but brought home url,0
user stop to illegals and fake8 unauthorized children migrants url,1
leoluca orlando cascio enrolls immigrants clandestini to the registry and grants the residence to the employing squatters of popular houses sindaco di palermo now spends time violating mandatory norms in total contempt of constitutional legality and without any modesty,0
chronicle of rome found in the nomadic field bags stolen from the url marathon roma news news,0
seventy people at the dinner prepared by the refugees in trento ladigetto it url sudtirol news,0
the fact that the ong volunteers warm up so much for migrants makes you understand the business that is behind it as already said no volunteer gets so worked up for disabled people and elderly people in difficulty ah already there is no money to gain sciurba agorai,0
look at these sons of bitches these in the head have a concept of invasion given him by the koran in the first place and by those assholes who ruled us that then to be precise the rulers did it intentionally we have to free us anything but fascist or racist url,1
roma anac on roma fields user now follow the facts url user transparency,0
if instead of two romas had caged a puppy the two lidl employees in follonica would be url,0
i ve only seen muslim men but women under lock and key at home,1
for islam there is no possibility of integration they are a bunch of violent scumbags venerated by buonists piddles and grills url,1
user like the one on the roma forget it and let me do it i ll bring you the results,0
another shipwreck in general silence user and user unique to cover event sar meanwhile holland changes rules to block ngos like user mediterranean migrants libia url,0
user user user bars and restaurants maybe you haven t read the url school offers free services italian cafeteria and school buses have to make dich incomes to access foreigners for free so far was enough a signature and declare the dick they wanted no it s not fair,1
i invite you to think mr bergoglio is preparing a speech on 1 january about migrants like it or not they call him pope and they put it there for this the un is working for mass invasions,0
the plan to stop the wave of illegals 10 000 returns per month,1
a woman was kicked by a group of roma on a subway train in rome because,1
user italy is not ready and there are no conditions to admit an islamic party gabbiaopen,0
tomorrow we begin to close our borders and send immigrants to austria italy nemics them user iostoconriny,1
christian magdi allam delivered to death by musulmans has been converted to christian specify the incompatibilty of the koran with the laws of a laic state the difficult relationship between christianity and islam magdi allam speaks of it in a url meeting,0
the gospel is among migrants the church rises on the ionian sea,0
the gazzetta di parma the 4 illegal migrants armed with arms who had hijacked the cargo ship grimaldi lines for immigrants the foreigner who wants to enter the house of others armed is not a beggar he is an invader,1
we hunt all immigrants since they are a danger,1
for the sinisters the roma are above the law if they want to comply with the law then they are persecuted urls,0
user user user user user user user and what does that mean and then since there are murderous murderers in italy too foreigners must be justified but how do you reason people are fed up even in the civilized denmark no more kindergartens,0
brussels eu interior ministers discuss migrants but salvini is in potenza for the election campaign,0
the islamics are all fundamentalists but i did not understand why the crucifix is hung in the public schools of a secular state,1
one can not even confiscate in holy peace a little immigrants who immediately alter in europe tickets migrants brussels,1
the speech is simple islam outlawed and muslims at home it is an uncivilized and violent religion url,1
news turin black cloud from the nomadic field of the airport on fire a pile of url piemonte italy,0
but then you explain to me it s a story that all immigrants are asking for money to bring home the dead corpses of dead relatives who cheat,1
he was an islamic with the usual shitty face of all of them url,1
user user and immigrants slaves in veneto porters and prostitutes forced by libyans to embark on italygrande user,1
what i feel is that it has ministred trentaryspectare who doesn t respect us that i feel it has defyed their culture or presumed culture when they despise ours minister thirty vs salvini wrong to say that islam is terrorism url,0
genoa in the square against the cuts to the funds for hotels open to migrants intervenge the state,0
the left does not evict the nomads they would return url milano,0
i would avoid running for such a person no personal against her but against what she represents islam must be banned x law in italy in the rest f europe do what they want in italy stopislam url,1
fear in the nomadic field journalist attacked and robbed,1
in rome new nomadic camps and italians leave their homes and we have people like boldrini defending all this,0
i have not seen any catholic kill the imitations of the pope of crozza the islamics are out of the world as you of the lega on the other hand,1
the pope meets the islamic summits in saudi arabia asking for respect for other ethnicities and women signing a peace treaty tolerance what the fuck is he doing with islam does not kill christians and other ethnies and he calls for peace with who is waring with him,1
carabinieri s and the prosecutor s tour of lives against piedmontese sinti nomads canavesenews url,0
security and immigration immigration decree passed user no asylum to convicted in first instance morning5 url,0
excellent partisan work you freed italy to give it to immigrants gypsies mafias whores and politicians 25april,1
user mine is not evil but right to life with migrants around freedom is over and fear is increased at home and outside,1
evil government you are ruining italy we do something quickly and we kick out the criminal refugees sardinia and invaded enough,1
of maio says the roma are all murderers no,0
evening torremaura at cabalbio with lilli myrta beppe cuffs and indignant fringes trial in buzzurri de suburbs fascists razzisti but the filipino venancio remembers segnori here you did not want 50 migrants quiet then a scream provocator pour us a drink,0
user the best cure for migrants is to send them back to their country,1
url agreement italy libya on migrants highlights ansa news,0
courier anac sends documents to the court of auditors on school management in the roma url roma fields,0
user user all to worry about two roma thugs and don t care what happens to our daughters,0
the order to journalists hide the crimes of immigrants url,0
culture rome presentation of two volumes of the roman poet agim saiti religious information service url ro,0
abby the poliziottiper defense a minor with refurtivama who the hell are we keeping in this nation only of the fight seeing when it s gon na be clean a cop shot us in the air to get rid of the siege of 50 rom url,1
allah will guide us in vengeance immigrants threaten italy url,1
way the 700 000 unlegal immigrations from italy let s help them to their homes they cost less than 6 per person and give them a true future if you agree do rt thanks movimentonesti url,1
first barricate with women instructed to earth then botte to the carabiniers we want money the immigrants of syracuse trigger a revolt to bites and scratches url,1
turin two roma teenagers flee at crazy speed in the car after a theft and fall url url,0
user user stop immigrants litalia agl italiani pr,1
at the arrival of the carabinieri the immigrant women attacked them with bites sticks kicks and url fists,1
republicit chinese student died in rome stopped a 20 year old he is a nomad of the camp of via salviati url,0
user teeth put at random rom earring from jewelry hair not treated for respect of the death of the barber malvestito doc,0
the mov 5st is extreme pd pro clandestine rom social centers no tav no everything vegan fanaticism and impo url,0
but as migrants landings emergency security all weapons of mass distraction useful to hide the real big issue that hangs over the survival of the government the bill that left to pay for the budget law about 30 billion url,0
islamic children singing at death are the greatest blasphemy in god s eyes and the monkeying is typical of the devil,0
cecchi paone at user it was a foretold terrorist attack we all knew only the how and when was missing user user,0
the terrible devastating impact of the moab bomb on afghan url terrorists,0
torino policeman stops roma for a check the residents of the camp threaten him he shoots in the air as a minimum i would have sent the army to do a check on the whole roma camp just to make them understand who commands url user,1
savona security problem between nomadic camp and refugees online newspaper of the province of savona url,0
user nations once hospitable safe today thanks to destroyed islamics or at risk of kidnapping beheading rebel in time,1
user user user as i wrote to you earlier i lead anyone right left church islam etc to anyone who hides the truth after once acquired they draw conclusions and opinions but only on the truth not on lies,0
user user should be treated like terrorists,0
the migrants who kill christians are coming pay attention to the dear renzi because in italy there is more than one christian,1
appeal of the melting pot project to mobilize and disobedience to the salvini decree on immigration global project url,0
migrants other boat damaged off libya on board one hundred url people,0
lazio from campo rom of castel romano to the capital to steal portfolios arrest two women in transf url,0
if it is a problem of overcrowding i have the solution we land 47 migrants and in return we give you 47 legists indeed i want to ruin myself we give you 50 legists and at the first 20 phone calls a free trigger seawacht,0
we denounced 4 years ago and so far we have not achieved any results only threats and roma still resident user,0
roma roma unleashed rocks against racing cars and obstacles for url,0
i liked a video of user url stranieri reacting to south italia thepillow,0
minori in italy 20 thousand marginalized roma they will live less and will not study social editor url,0
user yes but today the enemies of our civilization are the muslim urls,1
boldrini makes external association to terrorism his statements are an attack on the security of the state url,1
user have patience one who talks to me about rome and roma fields and stays in brazil thinking about favelas where you come in alive and go out you don t know,0
meningite the gift of the url migrants,1
does it make me laugh a guy simply expresses his opinion and the left out of desperation because really talking is really bad he does it national hero ridiculous roma adopt you fucking buggers we re the same as their url,0
pope well global compact solidarity with migrants world url bergoglio falla over you broke the shit i hope that from up there take url measures,0
user i saw blacklansman yesterday the initial speech you can bring back paro paro to what they spread st and his followers about refugees who are not on the dick because they are refugees but because they are black,0
lombard agriculture grows mainly thanks to young people and foreigners url,0
rome a gigantic fight breaks out at the roma camp arrest 5 people url,0
rome chinese found dead yao snipers are still in the roma url camp user,0
they started with roma and gays then handicapped and jews if they hadn t stopped them it would have been me too and you salvini,0
ultimora salvini stop to mission sophia without new rules no to italian ports as only points of arrival for migrants,0
seawatch3 i ve seen them come down live from the bathrobe welcome to these 47 strong and well fed boys who will be immediately sent back to their homes from european countries since they don t look like refugees in need of asylum but the helpless minors where were they,1
user is fine this social plague but do something more against everything that happens in the roma camps is turin borgaro and all,0
the national authority has denounced in hotspots migrants are deprived of freedom and have no protection url,0
user the adults among the 49 migrants if landed in italy see the previous ones will be in the processions crying fascist salvini no security decree we want home food and wi fi singing bella hello self financed with drug dealing and prostitution so porticchiusi,1
but what about that homeless rom ke damaged property at the pantheon nn about it let s get them all in dogs pigs,0
the rest of carlino bologna spits and insults to the store clerk for not giving money to the nomad url,0
user user the law enforcement must protect us from these filthy cowards url immigrants,1
a figure in 2018 8 000 christians ottomila were killed by religious attacks of almost always islamic origin cit tg2 but we have a pope to whom he fucks wanks he wants to invade italy by potential assassini islam must be declared illegale,1
sexually based blackmails with false accusations roma family in trouble il secolo d italia url url,0
user user sure is the only thing they can do that then when there are the elderly who after a hospital stay come home and find the roms that have occupied their home have nothing to say and defend them as well,1
the structure in the hands of the pro immigration vouchers of the pd changed the junta does not want to pay the rent despite the head hand of the municipality url,0
user user but excuse me with all due respect for the non existent moderate islam i can say that we have been broken by the heathens,1
user user my ninth italian immigrant in belgium didn t allow himself to do all the bad things that these migrants do good saver and the mediocre pd shit url,1
the roma locked in cages by lidl employees gets viral the controversy turns on url,0
the ong negroes put their souls in peace their slave trade in italy is over and they also plant the italic priests with their hypocritical and pathetic narration of immigration to which only four stupid cats believe,1
outside this country the violent fake refugees staseraitalia,1
25 year old nigerian graduate for two and a half years in italy worker died suicidal after the italian state did not grant him humanitarian refugee status when you say it s over think of this smile and be ashamed migrants url,0
the globalcompactmigration of the un to be signed in december provides among other things the gag to those who speak ill of migrants what we do user half europe already does not sign it,0
for those who didn t understand it the roms were locked in the lidl cage of follonica after there were entrances which you can t,0
the illegals remain in italy even after being expelled,1
when will we see the same theme brought to the square with the same strength and determination never believe stopislam url,1
url not all islamics are terrorists but all terrorists are islamic are you sure salvini fallaci charlie,1
to seriously combat violence on women a madness like islam should be banished from the face of the earth url,1
user user user they are estimated in about 300000000 the refugees waiting to reach the land of the cuccagna,1
user user ioballowithlaura among other things would be to ask him why a certain is invited in the sections of the lega di milano that claims that traditional islam is an ally of the lega in the battles for the defense of the tradizioni facciamorete,0
the pope in milan here is the agenda now for now the meeting with roma islamics and immigrants then the maximetta url,0
user user but the belgians are free to take all the immigrants they want we make a deal according to which we make them land and in the evening we send them to them let s see if the 40 professors will be lynched by the countrymen all good with the ass of the others,1
user user wants to compare the italians has these migrants so let s call them maybe she s a little young the 99 percent i leave 1 x her what you can t do with this tide of non eus who are choking us when they left they did it to work these want to do the maintained,1
they have to ruin christmas in the west because they re envious of other people s religion,0
user with the islamic enemy use force even if you don t need it blocking their financial channel i will never bend to the single thought,1
the business of false refugees is also this url,0
vicenza continues to discuss the story of nomads with residence at caritas but for cancellation url rt,0
user everything is allowed in italy as long as it is foreign unless you find yourself shattered by isis it s only a matter of time,1
about goro s affair leaving out the polemics about the citizens who opposed the arrival of the refugees the url,0
if we use certain systems of malta they would certainly not be able to shave even in pantelleria malta island of the mediterranean never welcomes refugees that s how it does url,0
the scemi of the left wanted us to believe that the illegals would be the human element that offers us a lifestyle that would soon be the way of life of all of us they opened the ports causing an invasion of thrilling terrorists these are the results url,1
sea watch the viminal france no longer wants migrants,0
relocation eu attempts to accelerate from now 3 000 transfers per month from italy and greece migrants refugees url,0
in srilanka it seems that the attackers are islamic of the ntj group the muslim one is the 2nd smallest minority 9 7 after the christian one but it breaks the balls both to christians 7 4 and to the majority 70 buddhist have you understood what the islam is srilankaattacks,1
pope bergoglio statement shock foreign brothers come to italy my home is your home gazzetta24 url,0
user in this case it s for migrants i ve seen the service and i share the idea i think it s useful to everyone they and us it s better than seeing them dangling and dealing all over italy,1
user user before mass and uncontrolled immigration italy was better,1
user user user will never happen 1 and then they will also make progress in civil rights there are many muslim rights groups even the imam,0
the syrian migrant hired out of pity and fired a year later what did url news combine,0
the rhetoric of the war among the poor puts aggressors and attackers on the same level presenting them as symmetric victims of an out of control situation if you barricade and trample on the food of the roma you are a racist not an outraged citizen url,0
we are forced to live in this way camp roma monte mario roma santa maria della piet url,1
they have more subsidies and rights for immigrants than our disabled people there s still almost 20 of asses donkeys crooks thieves and criminals who pretend they don t understand,1
roma chinese morta blitz al campo rom in front of the police station remains a dump news roma url,0
user no vabbe is the wife of that of the lazio region poracci if they go wrong then on mud christi who interview of mr still weeping the migrants said have the eyes of our grandparents of my not the eyes of my grandparents were clear clandestine nn conosc,0
user user user a terrorist can also be islamic communist antifascist,0
news italy eight thousand signatures against roma camp in north rome capitol listen territory following the council url,0
they re gon na payour thoughts while they destroy our story migrants url,1
user oh but you re angry with these law enforcement forces tell me then how do we do with italian criminals who are superior to foreign criminals then explain to me that fairy tale of the reception camps of rome and milan opened by maroni with our money,0
user user can go away no one stops them the molise is too small to accommodate all of these immigrants,1
calderoli his drastic solution against the rapes of migrants we must castrate them all,1
user the main perpetrators of terrorism throughout europe and even in italy have not been illegal but immigrants who even had home studies and work and obtained citizenship by now the invaders murderers we have them at home,1
user user user user as long as those 2 million refugees do not arrive in italy,0
bologna the immigrants occupy the house now the italian owner is forced to sleep in a garage i hope salvini does something kick these thugs out of the house movimentonesti url,1
user guarda is here the rite don t think it is addressed to the albeit widespread sacrifice of lambs these have it with us and it is the koran who teaches it not even three days ago they found a woman beheaded in genoa it is their job and the press is silent url,1
the inhabitants of torremaura exult the roma go away we have won url we understand that the citizens can take back their territories against degradation and dealing just want it hopefully it will happen soon in all the cities of italy,0
this character schmidt bremme head of the un migrants project forum said we subverted the need to have immigrants underestimated the risks and difficulties volunteered deny that peoples want immigrants only if integrated in practice denies boldrini,0
from your side say all the crap the rom mediator wants so finished pd at home even those like you send her back to the trailer,0
user i have muslim colleagues from the east who disassociate themselves from the attacks by terrorists they consider them fanatics and people out of control i doubt that there are two versions of the koran,0
young people and much joy at the pride palermo parade orlando opens parade next to migrant attentive to fascism ansa url,0
user your shit must be downloaded according to the law according to the procedures according to the expected costs as the law imposes on me and my company enough impunity to those who hide behind false immigration billed millionaires and pro capital replacement and meticulous projects,0
dear user don t pull the rope too hard because in the end it breaks breaking the balls on the waste to energy or rather on the incinerators it s as if the m5s came to tell the lega enough with the fight against the indiscriminate entry of migrants understood,0
notice the difference between the faces of kurdish migrants worried afflicted suffering and those of migrants of seawatch joyful overwhelmed well fed would suffice to look at them to understand many things in my opinion,0
user user in addition to the flag must also take the migrants it will collect honours and charges choose france also as docking ports and transit we are not available we are bad,1
user user user user user but why don t you go to milan and help their foreigners in the same situation,0
newsstand the checco zalone model for immigrants user salvini read and informed out of your perennial ignorantism word coined for the character url,0
without foreign students in italy many schools would close their doors and teachers etc would lose their url,0
your talk so refined i take it that you learned it with illegal migrants and roma in fact it says all about this url,0
remove the voice to those who praise violence and without a crumb of humanity justifies an unheard of atrocity salvini shame lidl rom,0
what i hear them call refugees asylum seekers refugees or the worst of all migrants go up my stomach they must be called with their real name clandestini,1
did they also vote chinese roma and anyone who happened to shoot url,0
nn you understand nothing from us paedophilia is crime by them is legitimized by islamic culture url,1
user user you must also call gypsies rom but i have always kept calling them gypsies do you understand fico they are gypsies gypsies gypsies zingari,1
user user i understand also tonight you will talk about pd why not make a bet on the video of the two roma women just pd huh,0
user user they have not yet understood that the majority of italians are tired of the degradation of cities and of spending money on illegal immigrants even in the sanctuary of communists they have not managed to prevail the receptions,1
this is the most beautiful christmas possible aleppo free from terrorists and on the way to reconstruction can celebrate serenely returning to normal pre spring arab heterodirect unique country in the world where they convince in peace religions so different happy holidays syrian friends url,0
they have tried and are trying to behave legislate in freedom with europe with the assault on the migrant creating unemployment and greater poverty with parliamentary practices of the illiberal stamp fascist they are dangerous touchs to stop,0
while the italian left is propaganda on migrants the sabratha police libya has freed migrants women and children included from a lair of traffickers who are the real humanitarians url,0
user and i at 43 years unemployed earthquakeed and with a disability for 4 years must keep my mother once when i was young i was orgigious to be italian now i m sick of this country rom pd shamenational,0
istanbul square taksim a man of christian faith tries to expose some sacred bibles in a stand in the center of the secular turkey look at the reaction of the muslimsthen islam would be a religion of peace and tolerance nn you understood nothing url,1
the most worrying thing about migrants who have arrived and will arrive is that they are all muslims,1
porta portese est confiscated puppies for sale surveys in the field rom url,0
big giorgia melons shitting that moron morans on immigration gypsies and capital mafia fifth column,1
staseraitalia at the end of the fair i am opposed to paying income to lullones x via the judiciary will have to pay it also to gypsies and immigrants as sentence cassation x disability they have eliminated residence 10 years so to everyone regardless,1
prepaid cards for migrants pagan soros and the european union and i pago url,1
user user user is not too bad for us to live as many migrants at the expense of taxpayers mal common half gaudio,1
saudi milan by now there is no more real milanese milan is inhabited by an african muslim and pakistani majority the ethnic substitution in milan is already a reality and the mayor is proof of it,1
mattarella su lavoro security welcome terrorism and against hatred also verbal internet democratic evolution to defend,0
urc of the mayor rays has not wanted to cancel roma for 4 years from the house here we live and book with us apartment user,0
far west in rome rom 25 enne without license sow panic chase accidents and wounded webitalia360 url,0
the eu as islam it is a unique totalitarian party of masons satan jabuillon allah for both and all of them the death penalty the only medicine moscovici there are little mussolini,1
immigrants in italy what women risk bongiorno is the anti boldrini the uncomfortable truth,1
the ultras are criminals and as such they must be prosecuted punished imprisoned they are the danger of society not immigrants the minister of the propaganda salvini embraces the ultras fascist drug dealers while hunting for poor innocents,0
shut up the countryman of the killer who also has the courage to defend this wild immigration lagabbia,1
shame on you who applaud the migrants who land the animal killers who massacred pamelamastropietro have come off that ship assassinicomplici,1
3 october national day in memory of the victims of immigration to remember the 368 victims of the lampedusa naufragius and all the migrants who have lost their lives in search of a better future memory day and url welcoming,0
immigration iran and multilateralism duel at the un between trump and macron but the reality is that none of the countries has understood that it is enough to apply this plan and there will be no migrants awake url,0
italy beyond the minister of the interior who finds itself is up to its international role and rescues the shipwrecked who are arriving at lampedusa on the seaeye thus respecting the international conventions migrants savinghumans url,0
roma torsapienza chinese student died stopped the third pickpocket of the roma camp url,0
the law in force that now regulates immigration in italy for years is the bossi fini because of this law in fact the most qualified and expendable immigrants in the labour market are not able to have url,0
virg ruled with one who spent 18 years saying ruppa on roma camps 1 without having a single 1 plan to manage these people and help them since roma camps are only present in italy 18 years writing racist stuff against roma and campaigning for us url,0
the migrants to us italians suck first the italians they drink many but if you then need a lumberjack who works in black maybe underpaid so disgusting they don t make us especially if you can die and get out of the way forgive us vitali we are not all craps,0
fourthrepublic we don t close the roma camps let s rather send vauro and his family to live after a month of enemas we ll re interview him and see if he s changed his mind,1
no to the exploitation on the body of writes supporters of uncontrolled immigration without rules that caused its death you suck at shit,1
rome during the marathon via the bus bag found in the nomadic field url,0
user what does the minister of the interior say ruspa only against the fields rom casteldaccia tagadala7 digiacinto url,1
you ve done yours and yours and yours go with them and free us of yours and their presence we don t want you,1
in fact the criminal roms will treat them in cm the other it we will send them to jail and we will remove everything wait from your side,0
user but if you let the terrorist pass the blame and the pd and alphano made us the money with the red operatives,0
to the padan and fascist paladins of the nativity scene i remind them that its occupants were poor jews of palestine migrants dark skinned sans papiers and refugees for the persecutions of power you villains would have denied the iussoli and civil rights even to jesus christ,0
bruciano clochard mettono inside of the nerds 2 rom shooting behind for 2 splints of cigarettes welcome to demmerda italy,0
i work only immigrants and for us italians there is not deserved have we done too much the bad guys,1
virginia rays and the history of roma camps in rome journalism url,0
pedophili insomma mussulmani orge and nn pay not less the taxes and they are on the italian soul what a beautiful package the italians have taken url,1
exterminate islam pursues everywhere but remains for many buonists a religion of peace forward thus until url,1
i get on the bus and it s full of stinking moroccan niggers and i look like the foreigner i get the crime i d kill them all,1
user user user in aprilia just no it goes on to 2 3 robberies a day and they are all foreigners most,1
court of florence surrenders to about 3 000 procedures related to the alleged refugees other practices are ritarded the italians after,1
milan against possible terrorist attacks installs new jersey in the city centre this is what european politics has brought us to,0
user nobody stops being shitty ong they just have to leave and bring back their false migrants from where they picked them up enough with this jackaling and false goodness just to attack salvini you sinisters are just devious and cunning individuals,1
ottoemezzo even in rome if dignifiedly you put a broom in the hands of migrants without sending them to the mountain villages,0
user user user he married one of them xcui is quite happy honestly if they all go to fuck it is a welcome gift there are italians still in the containers to amateur and these still talk about migrants you suck me all good shit translated with google translate,1
the sweden homeland of multiculturalism and model of the left after years of wild immigration has finally decided to change now even there with jimmie kesson say no to this europe of bureaucrats and speculators no to illegals no islamic allestimism val2018 url,1
user virgina and bisio in festival of the song what is there to talk about mafia casamonica and bisio of migrants who killed our paserotte or silvy baby desist and pamela get from the sea to kill our babys,1
on the hyenas italy 1 house occupied by the roma and no one cares about even poor institutions italy,0
user know that in italy no one is condemned see immigrants and politicians themselves,1
ccile kyenge avoided the expulsion of this roma what he did today url,0
the document cancels half of italy it will be extinction farewell in 50 years how many will be immigrants,1
user user i really realize how idiotic muslims are take a look at the tweet of user url,1
i still do not understand how these migrants to bruxelles to raise the spread,0
user user user too bad that this government manages to reset a bridge in just over a year the previous ones left the earthquakes alone to give homes to immigrants lanetedon t forget,1
islam 4 terms not to be forgotten taqiya deception to protect islam and muslims tawriya concealment with duplicity and ambiguity kitman the lie by omission murana faculty to neglect certain koranic commandments for the higher good of islam,0
unfortunately some immigrants still create serious problems to say the little animals we have to put order we have to protect our families,1
here radio london rome chinese dead hours counted for those who snatched it they come from the roma camp the messenger url,0
kill all migrants teacher ends up in the storm url,1
cricket now is the time to protect us immediately repatriate all irregular immigrants url,1
maxi fights at the nomadic camp during the census,0
oriana fallaci muslims are not all terrorists but all terrorists are muslim portaporta,1
from your side do something in 2020 to improve the conditions of the roma yes,0
but you re out of your mind because you don t bring immigrants to your house,1
pontina chaos at the nomadic camp they steal from participants in the ostia marathon and flee to the camps traffic still tilt url,0
yesterday at torremaura protest of the citizens against the arrival of 70 people of ethnic rom burns in flames and sandwiches trampled they must die of hunger the protest continues today if yesterday we were 300 they say tonight we will be 3 thousand photo user url,0
catholic hypocrisia one fb entered qaresima mode prayer and theme photos a few days ago he hung on the roma of lidl,0
roma mother and daughter attacked in the center pakistani immigrant gropes and chases url user,0
user then we must tighten the rope pena capital x all muslims in europe immediately,1
apparently there are foreigners and foreigners some are more foreigners than others url,0
tunisia according to humanitarian associations would not be a safe place to land migrants but mysteriously it becomes safe to let europeans go on vacation that s strange safe for europeans but not for africans,0
the municipality of rome opens the debate on roma inclusion url perirightihumani rom url,0
il giornale this is my home and after the roma camps also the social centers url politics,1
user user user user user user user user user user user user user user user user user user user user user user user user user user user user user user user user user user user user user user user user user user user user user user user user user user user user user user user user user user user user user user user user user user user user user user user user user fake refugee and criminals from italy of europe and make law that exile corrupt civilisation,1
work in italy for foreigners news firenze url,0
bologna does not deserve the sindaco word of the pd of the correct which hate italian pensionated workers to which pensions to be fame to make moschee and to tutel false magnaci profugees and stuppers of italian women outside the sindaco coughs pd url,1
immigrants to rome it s rape alarm,1
donald trump thinks of the national guard for the raid of irregular immigrants url,0
quintacolonna islamics are the plague of humankind the matrix of wars around the world that are not compatible with freedom and democracy,1
user what disgust do these pd almost and i say almost more than albanian poor italia matthew we are with you,1
aprilia italian entrepreneur commit suicide too many economic problems but don zanotelli and boldrini think about how to welcome more migrants to keep x fattening cooperative friends and church shame openarmsurl,1
young italians forced to immigrate even co url via user,0
user user user user user in many islamic countries ignorance and backwardness remain a problem the islamic political system then does not promote progress at all lislam is not compatible with democracy and many human rights for clear religious principles,1
update asia indonesia the cross made by a muslim craftsman is the symbol of indonesian day url,0
well stop jihad court justice eu ban the islamic veil at work you can url user url,0
note the signs of the terrible tortures suffered by migrants in the libyan government detention centers the rhetoric of beautiful souls disassembled with truth strokes url,0
class of immigrant children only in padua italians disappear,1
from your side thanks to the pd if italy has made it the refugee camp of the eu thanks to letta renzi gentiloni mattarella and pope,0
naples from the day of the opening of the new municipal roma camp the fascists have started making rounds around and url,0
fucking communist fucking good man radical whore chicso leggente has inveited live and on the web against the journalist rombol guilty of wanting to avoid the beating of a roma maybe thief in front of the little girlwe are at the summary executions,0
migrants eu court of justice no return of migrants at risk of abuse even if they have no protection,0
men still termed politicians not drugged making laws for rom foreign faggot banks steal pensions and s,0
it is not an act of war against migrants dear but we can be free to say enough to this flow of desperate people who have taken the but country as a dump of africa,1
the beautiful life of queen rom no lieutenant 400 luxury cars villas and 70 000 euros from the municipality url user,0
in school thanks also to migrants url,0
agorai cabbage let s turn the omelette the law must also respect the roma right or only the italians user,0
roma camp roma prostitutes and no services the drama of tiberina living like this is unbearable url,0
they robbed an elderly handicapped woman captured two nomads century of italy url,0
models hungary law stop soros special taxes at 25 for ngos that help migrants italy double ires from 12 to 24 to all non profit organizations that take care of the last sweet christmas,0
tangenti travaglio milan and calabria photo of the italian emergency not migrants and other nonsense but corruption,0
user mentana follows the current is it right to violate the law if the mayor of riace still needs the contributions of migrants where are the earnings of all the activities put in place by the riace system,0
with immigrants you need more love not ruspe fico get out of the plan the years of the children of the florists are finished under the war of vietnam and now we have the vietnam in our cities serve legality who accepts and integrates with our laws well outside url,1
what puts honest people at risk is the clandestine uncontrolled violent and criminal immigration you wanted for italy you go back to congo as you said you wanted to do and do it in silence please have a little attitude mrs kyenge url,1
user user fassino and chiamparino will do everything x roma and immigrants but not x torinese citizens,1
the ionian sea a ship of humanitarian traffickers all investigated x aiding illegal immigration and disobedience to military orders returns to navigate question why hasn t the government removed the flag do we want to find ourselves in a few days in a situation just lived,0
the roma are now stealing dogs in italy one kidnapping every 15 minutes through criminal organizations dogs are then placed in lagher farms in the countries of the east url of user,1
user user i m genuinely impressed it s a first time i don t hear you say the word immigrants in one sentence,0
landed in italy in 2011 he set fire in the refugee center of lampedusa author of the christmas attack on berlin on the run wanted,0
all this to immigrants is not enough they want more rights italian evictions and spoiled immigrants the rhinoceros url,1
user loro the protected by the pd criminal do not pay tickets on buses trains trams metro they accuse you of racism if you look at them twice insult steal sell rape but apologize as all is due to him x that immigrants of you we have filled the balls of you,1
roma wins citizens revolt against roma virginia raggi surrenders where he places the nomads,0
user escape from wars and persecution say less clumsy if you succeed after seeing the resources italians don t believe you anymore even frontex said that over 80 of the illegal migrants coming to italy from libya are economic and can and must be expelled,1
from your side every day we witness government decisions about illegal immigration enough clandestine all away,1
the ray after a year begins to do something and begins by giving homes to the roma roman content that you voted for it user,0
he was busy migrants italylibia url,0
meanwhile the left shakes the ghosts of racism and fascism maxi operation against drug trafficking in macerata 27 arrests they are all immigrants mostly nigerians like the executioners of url,1
the goal of supranational organizations such as the un should be to work to ensure that no one is forced to emigrate for economic reasons from their own country not to support immigration to reset identities among peoples that s the point noglobalcompact,0
those of the family congress are like this they cock us with abortion that is a murder but then for migrants propose separate families or death at sea any reference to facts and real people is purely wanted,0
monfalcone go junta of cdx is discovering hundreds of irregularities on the immigrants from ethnic shops not in order to the residence of convenience to feel illegal support for the income and other forms of economic aid they steal from the italians,1
de falco will be engaged in any rescue operations of the migrants carried out by the ship of the ngo mediterranea url,0
oil muslim s gag on the mouth of all european governments hence the freedom of horror of mad muslims libya docet,1
the user funds 7 projects to overcome nomadic fields there are also those of faenza and rimini url,0
archbishop parla libertati in 10 years europe will be islamic thanks to immigration let s hold the sword skytg24news url,1
really sucks a deadly on tv who s accused of terrorism kick them all out you ll be submissive the st url,1
how sad is the tearful services about foreigners interview the italians with the gas barrel dituesday,1
ramadan trump excludes american muslims from dinner at the white house,0
the last madness of wisdom islamists go up in the chair ilgiornale it url via user,1
the alternative was a new mega refugee center that s good url,0
user user sorry but nomadic people doesn t that mean that after a short stop the move resumes,0
rome turn of bribes to pilot contracts on roma fields 13 to trial url through url,0
user the real poor are the italians who have suffered humiliation and have been denied the rights to facilitate foreigners italians have suffered racism,1
napoli pack of roma invests with the car three carabinieri and escapes repuliamo l italia url,1
this morning a client from melbourne says to me what did salvini do to foreigners and stop illegal immigration i mah nothing else in australia we are much more severe than salvini but no one has ever given us racists end,0
user user and when they and their daughters are forced to wear burka for this they will have to thank themselves the boldrina the bonino and all those who have helped to support the immigration of muslim muslims making them sell them for migrants fleeing from wars,1
user ahahah i m hot expose solutions instead of critical those are capable all user user user,0
libya pope evacuate refugees from detention centers with humanitarian corridors,0
user user precisely near which roma camp do you live to get me an idea of the area,0
count 2 salvini wants the ports closed but be quiet i am very determined we take them migrants but what president of the council did you choose,0
now i ll explain how we are assholes we take the crucifix in the classroom abolish christmas party in schools and islamic food in the canteens islam brescia for the birth of muhammad the procession parades screams singing and shouting at home our house slutty bitch assholes,0
user tell the rays to give a home also to those nomads who snatched the chinese student,0
immigration the real problem is the 600 thousand irregulars in italy and so far only 3 thousand have been repatriated you have to deal with the issue with europe make return treaties with african states and a plan marshall to help their development circomassimo,0
user user user user user thousands of chinese and roma also voted bersani,0
well rom operation now clear field and requalify reserve user user user,1
terrorism venezia in an apartment near the phoenix the clandestine prayer center there they prepared with loosening and video,0
i understand very well what the rights of migrants in italy are very much or for nothing what their dutys are if anyone wants to give me suggestions thank you,1
user jachetian shit the chinese the roma the poor people you even pay for the cards here are the next gazebari,0
aquarius disposed of waste contaminated with scabies hiv meningitis syphilis tb in italian ports 24 members were investigated they downloaded in italy the clothes and sanitary waste of the sick migrants loaded in libya without indicating their danger url,0
all this crap this fear in saying that islam kills this fear of offending someone for things that happen and are undeniable makes me angry srilanka stopislam url,1
i want the eclecticism of you failed who go from no to violence against saviors to sentences like we burn the roma fields salvinapoli,0
this is the face of the m5s help rome shock first the homes to the roma the commander of the police signs 8217 understanding url,0
user user why don t you tell the truth to the italian people your only problem is to get as many migrants as possible to earn your friends and have a future generation voting pd,0
berlinattack seemed strange that the documents hadn t been found yet terroristsdistracted falseflag url,0
social centers defend migrant rapists url,1
ruspa in the roma camp yesterday in pisa for now only the empty sheds are dismantled but it is already working to get rid of the camp completely within a few months well so whether it is a municipality a region or the country where the league rules you pass from words to facts url,1
but you can watch a po tv in peace in the evening what balls with immigrants every minute on all channels let two balls the speeches of those other two roman muslim media and just leave us alone,1
user surely you are not a sharecropper but i think you are an asset to help these fake refugees at home these defenseless clandestine enjoy your trip and have a good stay ah i forgot better 100000 times sharecroppers than half thieves,1
user let s make a nice refugee camp in ferrara with 5000 africans see if they still manifest,1
the prosecutor accuses mimmo lucano of having arranged marriages and provided identity documents to migrants who risked expulsion also of having handled contracts irregularly but the gip writes the widespread misconception did not translate into any of the criminal hypotheses url,0
user dai dai we build our favelas and populate them with the business of uncontrolled immigration disguised by welcome and humanity they do not want they are populists and they are bad let s put a favela in every garden favelasforeveryone,1
user it is a global problem that of african immigration which can not be solved only by italy the first natural frontier of the civilized west tolerance does not solve the atavic problems of the black continent on the contrary it nourishes human trafficking and inconceivable barbarity,0
immigrants who delinquency in italy before leaving their country will have thought where could we go to make our own fucking dick of the law without risking a blessed bitch ah already by those blissful vouchers of the italians,1
user i m looking for your tweets to condemn the food that immigrants have thrown on the street over the years but i can t find them were you distracted by any chance,0
user this italian has been repeatedly robbed by foreigners here is the left to what has reduced us we pay and welcome those who rob us and immaxxa,1
how nice to hear user in rome talk about nomadism differentispossible url,0
cartabianca i rom all out whoever has the right is welcome who doesn t outside the balls,1
libya the 007 dossier six thousand refugees ready to leave for italy,0
user user first let s dislodge the abusers from the hundreds of stables illegally occupied by the social centers of the left wing gangsters toxic illegal immigrants and brawls varied,1
terrorism is not an enemy that defeats itself with bombings after bush putin should have understood it too or not,0
oriana fallaci was right islam is a religion of hatred and death user we are at war did you notice srilanka,1
rome revolt to torre maura anger against the arrival of the roma and the capitol relocates them news updated at 09 05 url,0
user user but if you have to be a conspiracy player why think so small just a technical government maybe they want to collapse the country to steal our resources and create an african galactic power that will colonize other worlds bringing islam around the universe,0
the legist mayor creates the school of arts for foreigners here you can not make lydeologist url,0
color photos of when immigrants were also european url url,0
the african shit the nigerian mafia and its spur sparce prostitution islam with its precepts smartschildren infibulations womenvelated everything that is different from our advanced civilization for them is culture url,1
for the first time a high unhcr representative admits contiguity with soros and the credit cards provided to immigrants now come and tell us that we are sick visionaries,1
the terrorist flanker in syria in milan url,0
mosul the tears of the child saved from isis by iraqi soldiers the terrorists killed her father and url,0
i don t see why we have to worry so much about those who come to crime let s not accept them anymore and send home all these parasites kept at our expense,1
war front turkey attited by raffica attack on smyrna 2 victims and 2 terrorists killed after isis url,0
diciotti 42 migrants ready to form a civil part url the absurdity of the left baobab payed by us does help x ask us the damens,1
user user user and simple intuition not all muslims are terrorists but all terrorists are muslims it s a fact that these filthy health stores are not new and it s another fact that majority immigrant neighborhoods are more prone to criminality,1
user is right to tweet them the hypocrisy of censorship of islamic barbarism is unbearable he does not turn his head elsewhere,1
salvini visiting naples cites as the main problem of the neapolitan city migrants and not the camorra but they had not yet told him about the road,0
you ve only failed italy you ve come to us at the poverty with your cock s policies you ve made us invade you ve sold us for your mazzettes taken from the massons you ve laughed at me like if they made us but you don t mind making you own schiff,0
user user muslims kill all those who are infidel for their smoky brains our institutional terrorists force us to welcome and maintain our murderers,1
islamic extremists protest in front of the supreme court to summon the death penalty for aasiabibi and boldrini continues to say that islam is a religion of peace url,1
they call them nomads even if they live even on a trailer in the same place for more than 35 years perplexity,0
user bitch you should clean your mouth before you talk nobody wants you anymore and you re still here in rom url,0
in italy the children of foreign citizens struggle for a law of citizenship reform the comic of and from the archive url,0
religion of peace love and tolerance excuse us in all its beautifulness are these absassins small and small to note the children who drive the stones as the entire gentleman in the west stop islam url,1
european madness we will also welcome the climate refugees,1
user whether assad is a dictator will be the syrian people seven hundred thousand dead and 12 million refugees after,0
salvini decree all the criticism of the catholic world there is much concern there is fear of new ghettos of foreigners considered different and of series b url,0
after mimmo lucano the left also comes to the rescue of the ong aquarius voucher ship that disposes of the infected migrant waste 22november url,0
you can do it and it s not even too complicated user user microaree for nomads url,0
i find it immoral that today he didn t make a minute of silence for charliehebdo instead for foreigners he did non sonorazzista mifateschifo,1
the prosecutor of syracuse denies martina and the pd migrants have a dubious age do not have documents and they all say they are from 2002 we have no way to ascertain the truthfulness of the thing children zero women zero they are taking you for the c o url,0
confindustria bogged down in the most beaten terrorism votono so much none of this happens url,0
i just found out that milan has a player who s a roma woman who knows how good she is at stealing the ball,0
on salvini s migrants at sea no to the church make your appeals but no one enters,0
amigi italiani because sanfrancesco was poor and made saint and we poor immigrants hate us why not talk to animals,0
ln padania modena immigrant splits chair on her mother arrested url,0
user let s get back in our country from these puppets of politicians before fuck us all including migrants,0
user if you shut up you d look better every time you speak falsehoods the mayor made false identity cards to migrants but aren t you ashamed to defend the criminals your escort pays the people that you insult ciaone you broke the p you understand,0
immigrants are also enough to prevent the children of foreigners already in italy from repeating the ruin of the french suburbs,0
the christians attacked by the islamic world iraq syria sri lanka and europe and the church disabled between two popes beneeded authoreval returns the transgressive revolution of costums francisco lassia do christians persecuted but the problem are the migrant urls,1
user two words dialogue with islamic culture determination with the enemies of civility,1
when the vatican will also be attacked we will realize that islam is perhaps not a religion of peace true boldrini let s wake up,1
press review one year of corridoumanitari via user user url,0
user i m very good you don t know me so you say i m bad i don t hate migrants i just don t want them to come to italy if that means being bad then i m very bad i think they have to stay at home without coming to break up,1
the lawyers of office of the four fake refugees arrested are only the last of a long series of lawyers paid to migrants with taxes paid by the italians the last mockery for desire the lawyers of his torturers pay them the italian url,0
a rediscover them with user the mysterious stranger published by user as part of the operation tut url,0
these are the children who escape from hunger and war children who grow up 80 90 kilostheir arrogance and arrogance are unacceptable it is the demonstration of non integration migrants in revolt devastate repatriation center wounded carabinieri url,0
orlando ignores the salvini enrolled four migrants to the registry so now we also make fake marriages between migrants and italians no ah he has already thought lucano url,0
armed robbery from 25 thousand euros raid to the nomadic camp in red church video url via user,0
user user illegal immigration favor combining marriages to be able to issue documents and direct management of waste collection to two cooperatives in the city employing workers in difficulty,0
maximum spread we re still in time because there s only a few let s hunt them all these terrorists before it s too late at the current rate we won t be able to make anymore x save us from crazy styles invaded by url,1
flaminio viterbo train a real dirty shame without a surveillance guard 500 000 citizens of lazio go down to rome for work from the whole route viterbo flaminio at the mercy of immigrants pickpockets and train delays shamburger user user,1
keep in mind that the migrants are convinced to stay in italy europe x to be kept for life to be able to make their own comfortable at the expense of italians live as the corano soros and sold eu dictate have 1 party islam caritas church salvininonmollare stopinvasione url,1
gabrielli chief of police isis will also strike in italy terrorism the medi telegraph url,0
user user you see that these fanatics sooner or later will take over if you don t start to respond in tone they will kill us all you have to declare islam outlight no kidding,1
user user i don t understand all this hypocrisy seeing italy submerged by the worst that africa can offer and by muslims who disgust us is an indecent thing they don t force us to get to the facts,1
user let s take it all back off from the spa bankers and slavers bank nationele and restored borders no islamization,1
rome will be the final attack for the moment we are a country of enormous logistical importance for terrorists we are the gateway to europe user,0
the poster for immigrants if you ve come to criminalise we ll do anything to kick you out,1
security and migrants the cdm approves the decree count all fundamental rights are protected url,0
only in rome have the camps roms in the last years cost us more than 200 million light gas scuolabus bonifiche and us italians pay also the air we respire ruberie borseggi elemosina surgery nomads cost us 200 million urls,1
beyond the law are the clandestine migrants who navigate without any documents in unlawful routes without a bill of destination and of origin on boat rafts without a nativity path without a nativity on boat racks not under the rule without any marine permissions absorbed by url crimes,1
as usual the memory day will be used to promote immigration and pro invasion propaganda the african clandestine fanciful calf compared to the jews in the extermination camps with mattarella obviously in the front row salvinonmollare seawatch3 salvini,1
census and overcoming fields at roma user grave don t involve the roms subscribe url,0
referendum the fears of foreign newspapers after the no ft now the problem are the banks faz stress test url,0
orfins and the user launch we re not fish they no longer have any hope of survival and try every fight now playing on the migrants they never cared about url,0
user user user user they don t have the neurons in place or they did it to fund their terrorist friends,1
salvini disputes with the mayors i decide and he takes time on the arrival of migrants,0
all attacks are of islamic origin affirming the beginning of the third world war x cause of religion no url,1
the 4 rapist murderers of are therefore black illegal immigrants from senegal and nigeria already expelled from italy who remained on italian territory without permission this is the consequence of the boldriniana policy,1
gabrielli guest of befana sap at the ansa we do not underestimate terrorism prefect gabrielli guest url,0
how many deaths still have to be there before you realize that islamic and african immigration is cancer stop immigration stopislam,1
roma anti terrorism measures and black block nightmares social supervised special url news,0
magdi allam rebuildes and spyes as the religion of mametto is incompatible with the laic laws of the state europe must say the islam or will dead url,1
user before we let in all these refugees we are alert if there are followers of the isis,1
but how the good macron asks for help from the eu for 48 immigrants easy to be good with the ports of the others eh salvini iostoconsalvini decretosalvini,1
23 33 trump merkel made a catastrophic mistake choosing to welcome all migrants but i have a great respect for her,0
pagani salerno immigrants mass by don sixteen immigrants guests of the url,0
diciotti and sea watch matteo salvini and the poll plebiscite on migrants suicide pd the trial,0
sanremo 2019 salvini baglioni clarification after the controversy about migrants,0
these manifestations full of hatred and arrogance are wrong to the millions of decent immigrants who came in italy with their hats in their hands who have integrated themselves pay taxes and send their children to school,0
dear pope the inquisition is over the earth is not flat and much more if migrants are a precious resource bring them to your vatican that being a rich fortress will defend them from us italians dishonest url,1
user user user user user user user user user user user user user user user user user user user user user user user user user user user user user user user user user user user user user user user user user user user user user user user user user user user user user user user user user user user user user user user user user user user,1
calais 100 unique foreign minors after the first url registration,0
can we not give in but if you have already given in what do you say make strong with migrants roma and homeless and then surrender immediately in front of 4 fasciorazzisti surgery and resign url,0
rome the refuso in the email sent to the municipalities for regulation of the roma sinti and carminati populations url,0
they come to our home they also radicalize europeans they create degradation and terror there is no moderate islam there is only the darkness in which they want us to live the cancer of civilization must be eradicated without if and without but,1
london wednesday march 22 shortly after 3 30 p m there was a terrorist attack here s what we know url,0
user user temptativo clumsy to turn data into opinions the interpolation of his opinion is this 1 italians can sleep in the car because they rape little 2 irregular foreigners must be paid and sleep in the hotel because otherwise they rape a lot,0
wouldn t the refugees want to work yet the sindaco had them hunched them migrants refuse to clean up the public paths mayor makes them pack and sends them out of the url bales,1
user user user user user user user user user user user user user user user user user user user user user user user user user user in fact it still makes me schifo that in the face of an absolute emergency such as that of the islamic invasion of a continent the 5s long from having scheduled the stop to illegal immigration have attracted so much italians of which some very probably real poor for the pockets,1
no ticket nigerian takes to head and punches head train url,0
once again even on new year s eve do the opposite of what the islamic state wants isfuckyou,0
user terrorists shoot in france flee in italy mercia human burned alive call war europe warms the shoulders,1
user piovegovernmentlad in italy foreigners get their asses kicked it s okay that many people eat on them but the others,1
di maio make sea watch migrants land in italy,0
22 robberies all over the north 1 million euro loot taken the romanian gang rom will they soon be free url,0
revenge against government begins mayor pd expropriates houses to italians to give them to migrants url,0
user user soros and member of the eu x the invasion of the west this on twitter is already being talked about years ago the left is the half x propaganda of pietism x the acceptance of peoples to islam i wonder with fear why sell us to a satanic sect certainly not x the low wages,1
we want to make the buonists landing thousands of migrants in our ports but then we do not see the thousands of people italian poor who are already in our country,0
and a wise gentleman he knows that immigration is created for other purposes but most italian citizens are not fooled,0
and rugantin rome tives comes from the former rom camp by stacchini tiv url,0
co never good italy tunisia agreement for dialogue and counterterrorism user user user url,0
after roma and inter now also milan goes into foreign hands even football,0
they re yelling at us to host the migrants while they re taking the money they ve given to the earthquake victims for charity you re gon na do it against legaladrona,0
venice portrays salvini with a migrant child in her arms digos arrives and films everything,0
security salvini check the islamic cultural centers,0
on the arrest of riace s mayor for aiding illegal immigration the immediate backlash of the defenders of savian is unleashed but how is it that for left wing lords the pm are heroes every other day but especially only when they arrest the adversaries,0
user user in several countries of italy people are protesting against immigration we are at the limit of endurance,0
perhaps our representatives have not understood that we no longer want to hear the word migrants or refugees,1
migrants strugglers of hope larchbishop zuppi there is no future if imbalances are not fought urls,0
roma nomad to escape control tries to invest agents roma nomad to escape to check url,0
user i around me see a lot of people who are well off or in any case not in difficulty but who vote for the giallorossi for the rhetoric of immigrants for crime or for a lack of knowledge of some financial issues see banking system,0
user throw out all foreigners and those who have defended them until now,1
user user vabb but it is now evident the immigrationist line of mentana and cairo user is a sorosian enclave more serious than the line to defend migrants even when murderers keep it public tv,1
the dalai lama said wednesday in malm sweden that europe belongs to europeans and that in the long run it is desirable that refugees return home to rebuild their country much more lucid than the vatican s pamper,0
these are the real refugees to save not all that scum that arrives in our country,1
user user florence where pd took 44 and then filled it with immigrants no wonder,1
user user user immigration is regular if you want the immigrants in question in the country of destination if instead it is taxed by other self righteous enlightened un brand or opensociety doesn t matter it is another thing that is an invasion,1
in a city where 1 812 fancazzisti live in hotels italian lives in cars in the cold in the meantime even the mayor of cagliari the piddin zedda protests against the decree salvini because he says puts x road the fake refugees this is the pd and it is x this ke you have to extinguish,1
ex musulman magdi alam speaks on canal 5 a fifth column shock truth the terrorists are colours applying the koran to the letter to suppose women and children infedely as he teached mame in italy they live a million and half music urls,1
but think of you the climbing thieves are roma those who bring culture roma url,0
the fact that the majority of italians are happy that with this decretoinsecurity migrants have less rights less health protection and generally less hopes for their future and that of their children well describes how we have changed and what shit we have become,0
user have broken everyone if you say roma you are racist if you say gypsy you are racist if you say jehovah you are racist but vaxxngul,0
rome spray robbery in the apartment nomadic arrest url friend hunt,0
user in charity to illegal immigrants or to the pedophile church why doesn t it do a real good work and donate to casapound url,1
gallera worried about the situation in the refugee centre milan url,0
i have the impression but of course it is only an impression that someone of the woman raped just a few steps from the viminale has started to fool something just because the person stopped is foreign romanian however so neither outside the community nor illegal,0
we are surrounded by nomads lighting dioxin fires every day where is the legality damn you from your side,1
pesaro police removes three roma from parco xxv aprile pesaro 19 november 2016 operation of the police station url,0
if you want to attend an extraordinary event turn on tv2000 the first mass celebrated outdoors in a stadium in the arabian peninsula cradle of islam a great crowd over 140 000 catholic faithful all foreign workers immigrants in the arab emirates user,0
user mrs melloni 12 million euros for roma in rome doesn t sleep even italian roma as it can be sent away quetsa people,1
i m sorry but aren t you what the fuck does immigrants waiting for expulsion mean nothing is clandestini so clan de sti ni clan de sti ni clan de sti ni url,1
terrorist murderers are all islamic facts prove it you don t understand you can say you re a url,1
finally a roma girl saved from relatives who force her to beg but there are thousands of cases that every day the authorities pretend not to see remove the country power to those who exploit their children who is silent is accomplice url,0
but do you think a desperate man who escapes from torture and poverty stops in front of the ship block people who say they prefer death to return to libya you don t care about migrants departures don t stop put it in your head,0
the council allocates one hundred thousand euros to transport the nomads to school url url,0
barletta cleared mega campo rom collectadifferentiata italia url,1
bologna homeless italians for years under the porticos ask for help from the municipality popular houses to migrants url,0
i was thinking about the parents of that little girl who terrorists blew up i was thinking about what kind of shit they could be,1
user macron only accepts to collect assets and interests from african colonies for those the safe harbor fixes it on the fly,0
user you represent italy paid by us not migrants and their rights think first of all of the italians in difficulty,1
these days i have spoken about foreign editions but of course vendetta sottobanco is available in italy url,0
foggia ghetto after the order the roma children no longer go to school url,0
shoot on migrants in libya the testimony men and women were praying together then the soldiers arrived,0
dear migrants who are in italy for criminals could you kindly turn your criminal attention instead of to poor and innocent girls to the multitudes of feminists anti racists anti fascists who look forward to not being left alone desiree url,1
user user onesti not everyone but at least nn were trafficked by business ngo countries that can say good about immigration are those that have always strictly checked and given permissions according to their labor needs just like luxemburgo reason instead of insulting,0
user edational finally decretosalvini has been approved everything in a decree from straight on permissions terrorism to braccialettoelettronic x stalker taser dasspo kindergarten cpr immigration permessirimpatri security via ilblogdistorace news infolibera,0
sea watch the landing in catania party among immigrants the circus starts against matteo salvini,0
user really crazy things and then they complain that we don t want them fancu o l islam and who let them in,1
but what wars in 2017 we landed over 128 thousand individuals all economic migrants,0
every year through ventimiglia tens of thousands of migrants pass they all try to get to france to reach url,0
user absurd in addition to the total expulsion of all scum i would kidnap salaries pensions c banking real estate to all parliamentarians of sx unions accomplices and supporters who have welcomed and encouraged immigration such as compensation to the state and help to the needy,1
they are all desperate in the same way but muslims throw christians into the sea the same then are we all ugual no lagabbia,1
they re roma so lock them up no matter what,1
they are the grullini the fifth column of the islamic invasions for its ethnic substitution and the defense of the roma considernadoli a basin of their votes,1
user user i do not vote salvini but these here italian roma i want them either in jail or out of italy,1
zero tolerance now it s enough rakes by the army of all illegal immigrants and send them back to their home if you don t do so cases like person_1 and person_1 will increase movimentonesti url,1
you only have to give it to the italians that crap about foreigners i always want everything for free user don t screw up to give it to everyone alone to italians born in italia no foreigners read more foreign craps only want easy money,1
today they invented that it s human rights day get ready because the rights celebrated are those of migrants duties are ours,1
user expected but expected by who but who the fuck am i guzzanti of course communist movie that talks about migrants illegals muslims and similar races that two balls you and your niggers and little whites you broke the balls,1
death of the young in the berlin massacre de mucci fi bat yet another victim of terrorism url,0
rome cotral bus ambush near the roma camp windows destroyed at stone url user,0
forli at the climax of a fight for 100 senegalese flies against compatriot trying to cut his throat after the attack he escapes but is stopped by the carabinieri with clothes still dirty of blood immigrants violence url,0
pontina tight controls at the roma camp of via pontina 6 patrols of the municipal in action url,0
how many foreigners live in italy url,0
user user you intend to help save your business true never go bring the false migrants to your home to germany or holland as long as you get out of the way get the hell out of our house,1
url of the series rom good people an opportunity for all of us,0
is it normal that no judge by virtue of the much praised independence of the judiciary investigates the presidents of the council of previous governments and the institutional summits for more or less conscious aiding illegal immigration,0
user in treviso the control of drugs is african and roma let s go on like this beautiful future for our children,0
user user user user your comments can be shared above all this last tweet the point is that in small and large delinquents italian and foreign there is absolute security of impunity italy is famous for this,0
user returns difficult from what and what is italy go to the roma camps mercedes audi porsche the state is mafia in italy,0
user user userduce wanted islamists at home cmq nn existed muslim in italy,1
m5s flunks the closing of the roma camp buffoons you are worse than the left they are left,0
those who haven t worked emails in their lives understand rome the rays spend 12 million on roma camps url,0
user ing biban forza italia padovan gentoni viva i dogi italiani non ci sono errori libera exite no incidenti rom,0
here is the new europe in the hands of african and islamic migrants it seems absurd but italy still saves itself from chaos and url invasion,1
it was now we don t get ready the odyssey of runners in the roma camp to recover stolen url backpacks,0
german federal cassation states that banning sharia marriages with children is unconstitutional because all marriages are protected by law so in germany pedophilia is a crime only if you are not muslim islam noglobalcompacturl,0
agorarai still talk about bullshit about the illegals among whom there are only 10 of migrants x war the others are votes x pd,0
user who explains that he welcomes refugees no excuses first someone else explaining the difference between refugees and illegals or in the name of politically correct non regular migrants,0
syria assad the war will end when we eliminate all terrorists finanza forex url,0
band of north african robbers sows terror in milan url via user newspaper little foreign criminals grow unpunished you must stop the invasion,1
they only help foreigners cursed all italian politicians,1
man of the ndrangheta friend of alfano has created an empire with the refugee centers voxnews url,0
strect on terrorism increased control and removal of irregular urls via user,0
police blitz in the roma camp of palermo the kids sing bello figo video url,0
eu elections candidates to the presidency of the commission in comparison here are the ideas on economy and immigration,0
to the delusional via crucis of the rai with heretical pope francis insist on the welcome and fear of hearts of italians for the immigrant brothers roba da vomito remember with the 8x1000 not to be dedicated to these infamous,1
new year s eve at roma boom by italiani full of tourists despite terrorist crisis url user user,0
user i support immigration control but we can not fall into extremes a sad message that is given to the world a racist and intolerant italy an italy that has forgotten its history of refugees from war don t confuse security with discrimination,0
user user user even if it was only one the state has a duty to provide before immigrants,0
xk complains the manifesto xche stefania pucciarelli exults x le ruspe salviniane ruspe in roma camps russians in a social centres ruspe against widespread abuse it was time so italy redeems itself and acquires dignity we are all content,1
staseraitalia not only were joseph and mary at home for the census but the only immigrants of the crib were the 3 magi who brought gifts and not crime diseases and degradation as we,0
you are so racist and xenophobic that you want to welcome migrants even if dr burioni confirms that we could transmit dangerous bacteria to them we protect migrants from our diseases let s close the ports or send them back home we must protect them url,1
separate bathrooms for foreign children after storm on cagliari school arrives back url,0
salvini said he won t let the 49 migrants into italy even if they don t give him a million migrants seawatch facciamorete salvini oprateiporti,0
3 a cold plan must be developed before it is very cold and people die on the street 4 a decent accommodation must be found in line with the internal right for migrants transiting asylum seekers etc 5 a home floor is needed 6 garbage must be withdrawn,0
he was just a boy who wanted to live we denied him thanks to salvini and dimaio and their security decree genoa crowd at the funeral of the suicidal migrant do not steal these guys their dream url via user,0
when it comes to finding money for migrants there are no problems if you do it for italians the whole eu spits in our faces,1
user i hate this church at the service of islam and soros,1
trump the hi tech giants prepare letter strong america thanks to immigrants the morning url,0
i am sickened by the false goodness and the false charity of a fanta sinistra imitator of the worst right do not do well to none nor to the migrants or the italians you are absolutely inutile a mites in your soft red if we say so we do seawacht3 m5s,0
mestre the school with all foreign students url,0
user is coming another means a sailor with 62 migrants as well as boats boats where are we going what does italy become a lager of negroes we approach a social revolt,1
paris in the cry allah is great man with machete assaults 4 soldiers at louvre two wounded but islam is peace and love attientiallislam,1
4 immigrants from syria afghanistan and iraq all between 17 and 19 years of age were arrested after causing a brutal escalation of violence completely without motive in amberg germany and the merkel silence url,0
salvini at the vasto in naples the other day many regular and decent immigrants gave me support in my fight against illegal immigration a moving welcome the first to be damaged by landings without rules were them witalia,0
the ship sierra leone under libyan coordination is beginning to take on board the 100 migrants from the dinghy everything takes place according to international conventions the shipwrecks will go to tripoli i follow carefully in the hope that the operation will end without problems,0
it is the record year of immigrants and brussels mocks italy url,0
user roma are all criminals so if a cop shoots he s done his job if he kills them it s better one less,1
well prevention measures x risk terrorism decided for new year s eve in big cities but personally i wouldn t advertise them,0
the second letter of on the issue of african immigrants in italy julienews 1 url via user,0
user user for the speech of the bum who doesn t hurt anyone i m ashamed that a citizen grieves him then for me italy must be repeated chasing all the finding profuges,1
user user migrants are toasting and inviting friends to relatives after hearing i m an asshole,0
user user and the foreigner with the remaining 2 4 million saved starts to buy pieces of italy in sold cool no,0
excuse me but this is unacceptable this is mystification of reality jews were deported to concentration camps and killed in gas chambers migrants arrive with smartphones and before leaving pay for the trip really enough 27january url,0
attention not for the earthquake victims not for the genoese of the morandi bridge not for the flood victims but for the migrants scum that comes to criminals drugging killing it is really true the church has nothing to do with god it is now more and more a den of left url extremists,1
what is love is a rock in the shoe that stings the slow step of bolero with the foreign amazon boyfriend for less than two weeks he realizes that the league intends to touch the rights of women url,0
la stampa confiscated the treasure of nomads two million euros but they were all jobless url torino,0
possibleit rt stefanocatone the decree salvini on immigration is not only a filth from the legal and human point of view but will be the cause of serious damage i tried to put in line all the giganticities expected url,0
if you spend your time checking where alankurdi goes for fear of the invasion of 50 people i tell you you have a serious problem and it s not immigration url,0
user dear minister in order to continue the battles against uncontrolled illegal immigration against savage islamization and against those who want to take away the crucifix it is necessary and imperative the noglobalcompact what is moavero doing government position count,1
let s realize that cultures and ethnicities exist where the mammaccia rom hunts the eight year old son of the house because he already had a caterva of children and so he left him in the cold and lucky that he didn t hey all this in carmagnola etniedimammeta out of the heart,1
older woman killed after the robbery roma gang of thieves stopped,1
if you walk with a dog and meet them you have to change your way because they don t like dogs it s freedom in the new islamic world islam muslims dogs fuck islam we protect url civilization,1
what is really islam in reality no absurd islamophobia it s the facts that speak video to be shown to every useful idiot who continues to defend the freedom of worship of the muslims library council url url,1
during the social centers procession against the visit of user to naples a leader of migrants threatens or delete this decree decretosalvini or we will delete salvini we can admire the logo on the user jersey where user url was born,0
i m telling you now better dead than caliphated islam muslims url,0
don t worry we don t go because we don t feel at home anymore the church is now the home of migrants we are too much,1
milan invaded by roma and eastern thugs the desperate appeal of a girl url,0
user secure also for immigrants roma and refugees who knows why said written by you sounds bad,0
germany mohammed taught at school is islam the future will europe dominate url url,0
syria rebelsmoderate isis terrorism milano nda we think this url,0
memorial day roma garrison in front of the prefecture from extermination to deportation url,0
ethnic rape how immigrants have reduced it wants the death pen url before before it was the first ethnic rape of this kind in europe,1
user did anyone talk about illegals all immigrants eat our welfare user user,1
the new eu public prosecutor s office is born it could decide on italy and immigration url,0
user user the solution exists they must be sent back to their home they are nomads so i do not understand why they have settled in italy i understand in this country everything is granted to these people while the discriminated are the italians who pay taxes and work to live work,1
that s how it s done the marine reported her daughter s school after he found out they taught her islam bravo url,1
mimmo lucano and 26 others to judge for managing migrants in riace process on 11 june,0
the republic new year s eve terrorism risk minniti talessima altissima in rome snipers anti scattering planters and patrols on the teve,0
unpublished images by torremaura people try to bring bread to the roms and the police stop them to search them and ask for documents when the war between the poor is raised it means that there is a rich hidden winner piazzapulita url,0
user sonosalvataggisotto regia happens now that this subspecies of ferryman of false migrants is stopped in catania there are no around deflated dinghy and no helicopters that resume these pseudo shipwrecks but let s stop making fun of these individuals,0
user eliminated gaddafi made europe invade by muslim refugees made it receive in the usa a success for him,1
europeans want to rob us migrants want to invade us finance wants to destroy us of the two moons we either suck at the world or we have some slight disturbance url,0
user after my family s 10 no i expect as soon as possible a kick in the ass of immigrants who inf url,1
user but the law 170 and the national indications for the integration of foreign pupils people only read them so as not to put them into practice,0
user user and well why is it right to walk around with the burka it s islam treasure the woman has to submit tell those sinisterids who bathe cotton plantations in their underwear when they see a muslim,1
rome they try to kidnap a girl to prostitute her arrest 3 women rom url url,0
let s see if i ve got it right she gets up she s black as pitch foreigner guest and paid by us italians and fanfaring forms a party for the supremacy of the blacks in italy then the razzista is me if i say whitegenocide but get fucked in africa kyenge,1
first we solve our occupation and then we take care of immigrants user staseraitalia url,0
milan girl kidnapped and raped all night by an immigrant to url,0
we ve been saying this for years and they ve been freaking us out it s nice that today in an important international gathering like the g7 one it s recognized that some ngos are complied with the trafficking of human beings and the business of illegal immigration,0
from your side as the rom robbers of the dead chinese under a train to the housekeepers in the roma camp user,0
102 refugees will be destined to the varaita valley in 2017 url,0
but with what courage pd and related maintain that the decreesecurity brings more chaos and lawlessness but did they realize that outside of their world immigrants and delinquents acted free and remained unpunished what rapes harassment crimes of all kinds were at the odg crazy,1
user user to manage immigration we obeyed maroni i don t know if he s an asshole but i know he did more damage than anything else,0
bojano lynching at the bar in piazza roma two kids one is non eu and a furious grandfather url bojano migrants,0
and there are also those who still justify these migrants refugees urls refugees refugees refugees refugees refugees refugees refugees refugees refugees refugees refugees,1
user user immigrants must only hope that boredom will not come to us italians as well the problem is that we are too busy working x live and keep them to be bored,1
crazy for the majority of government are more important immigrants asylum seekers than italian social pensioners listen to the last shame url,0
but i m sorry when the homes are occupied by the roma all to turn around and if mr does so okay from your side,0
at the bar i open the print also known as the echo of migrants and the first page and the next two are a heartbreaking story of migrants rejected to our eastern borders they regret that they no longer have gangsters rapists and parasites to maintain who knows stop url invasion,0
saviano spare on notre dame worry for the cathedral but we ignore migrants,0
from your side if they were rom or psudo refugees were protected and no one hunted them this is italy shame,0
lite on migrants move di maio doors open to women and children frost salvini no more blackmail,0
pakistan gay machined during a dance performance here the hypocrites of arcigay and pd with 200 cases of homophobia like anti gender school newspapers say that italy is bigoted and that it serves diversity including islam sharia url,0
rome new eviction at the baobab in via cupa via migrants and url tents via user,0
baobab we hope it s only the beginning we must dismantle business and illegality linked to the fairy tale of the needy migrants clandestines those for which i remember there is no division in europe but we keep them all must be repatriated as soon as possible,0
in the commune to discuss refugefvg for pd and serracchiani all well x no us first the italians solidarity correct user,1
the reception has now become a business and it is not true that it costs nothing to the municipal coffers it is not just a matter of saying no to the arrival of migrants who sell themselves for refugees but also of defending our city from this planned invasion,1
no time to lose florence lanciano caserta from north to south a new wave of violence upsets italy this time the immigrant delinquents are scum coming from europe url,1
why recognize only the faults of islam and not of our warlike policies in their territories it all comes from there piazzapulita,0
eu budget renzi clash orban italy is not eu piggy bank on migrants same burdens and honors url,0
rome m5s rejects the resolution proposal to close the roma camps the anger of giorgia meloni url,0
fridge roma with hook against plot roma url roma,0
europasimostra the path of the exhibition x discuss europe rights democracy migrants url,0
user user no future the future is preparing for foreigners and if it s not okay for italians to leave,1
ritual circumcision kills two year olds in monterotondo with twins in severe condition infant mutilations imposed by islam and jewish religion are violence traded for religious freedom on one s body one must choose from great choiceredagrande url,1
user user user if it were up to assholes like him the state would be ruined by the force to let in and keep migrants and then the medical care everyone will have to pay for it out of their own pocket because we will be a fail state,0
for about 5 years every day we have heard about migrant emergencies media politics a daily bombardment that willingly or unwillingly has entered our lives meanwhile italy landslides not metaphorically but governments are too busy talking about security,0
twenty five migrants found dead on a dinghy off libya international url,0
syria state tv killed 5 children in attack terrorists against school url url,0
surely all islamics are not terrorists but all terrorists are islamic,1
rome 40 syrian refugees welcomed by the community of sant egidio evangelical churches and valdesi url user,0
naples over 7 thousand offers of help in one day for refugees,0
twelve christian refugees thrown into the sea by muslims and we welcome them because we are all the same,1
immigration lessons from the municipality of lercara friddi sicily left for america lucky luciano and the family of origin of frank sinatra,0
libya marina saves migrants ira salvini clash with thirty,0
user tell me if this is easter peace welcome will you ever be able to say that islam kills that islam sucks shame you are anti christian look with your eyes what they do to us christians srilanka url,1
the filipino migrants back home realize a dream that also speaks italian i migrants filipinos url,0
user user user foreigners return to their home,1
user we don t want dishonest roms okay i don t even want dishonest italians that s all,0
host the migrants the morocco answers picche we will not open protection centers for immigrants waiting for asylum from europe it is the response of moroccan minister bourita to the proposal made by merkel and also supported by italy url,0
dishumanity hunger and disease three children died in the al hol refugee camp via user url,0
user imam of rome requires italian christians to get invaded by foreigners muslims but fuck you and the whole vatican mecca,1
let s not forget why nationality to the clerk scream on the phone because my mother didn t hear give foreigners to a family probably sicilian tell us how you always do sharing anxieties and fears because that s what friendship is based on,0
user unfortunately i know that scum cancer is islam and who defends it practically the cancer of the world to be eradicated as soon as possible i kindly reciprocate the fucking frustrating monkey,1
rome carabinieri arrest nomadic robber url,0
the raggi and rom junta 12 million for a new field system url,0
tonight civil diary terrorism annidipiombo steel and terror the brigaterosse in milan at 21 10 url,0
but who is this castaldi put the refugees in school with his children,1
with the decretosalvini kicking out the immigrants you will no longer be flooded schools will not collapse mafia and camorra will disappear your son will find work and 180 women will die each year killed by his husband oh joy 7november,0
refurbishment for 40 thousand euros seized in the nomadic field carbonia agi news agency italy url mediocampidan,0
user you re right but we re exasperating the other day a rom bastard wanted to steal my laptop left in the car surprised him from behind and kicked him in the ass that bent in two and then i had him arrested we broke our balls,1
user user user i would simply set fire to the rom and all its field so i also save the repatriation,1
user come to cripple to see how we are put i don t need sslvini x understand that italia and in the hands of foreigners why not you them,1
on the left they are so human that they want matteo salvini dead yes the compaeros who claim with appeals and hashtags not to be animals and therefore to be ready to welcome all immigrants to the legist leader wish the funerals url,0
maybe you didn t get it right islamists didn t kill journalists they killed your freedom,1
it must be a crime a fine only if it is caught is a shame this not being a crime will feed paedophiles maniacs and immigrants towards rape they will be able after the excitement phase to stop i doubt,1
user italy country of bell towers but also it would say veltroni campacavallo that rai bell tower of camparomclandestinislami,0
user perhaps the government can both earthquake victims and migrants being all human beings,0
every day there are muggings rapes committed x most by immigrants but the media have the press silence they only talk about the left who stopped a bus for a second or if an italian insults a black this to unified networks the rest 0,1
eject all muslims from france return to their home to die of hunger and ignorance charliehebdo francia,1
user user user has repeatedly declared himself pro i suoni tutti pro rom pro c sociali antagonisti pro clandestine,0
salvini the virtuous model are the seventy true refugees arrived by plane to them all the help url,0
user user to save us and italy you just have to shoot shoot shoot,1
thirty it is war migrants become refugees and must be welcomed at the league i explain international law,0
salvinists and salvinists hate african kids because they have physicists like this and a boxer paracarro their women don t hate those guys actually,0
the grill solution user give citizenship and popular homes to the roma i ask you for the umpteenth time still convinced that the 5stars are different from the piddini do you agorai user user user user user torremaura url,0
how much i work a roma who wants to succeed in life twice from adults come discrimination not from url,0
somalia women play an important role in the fight against islamists of al shabab italy should give url,0
user user racial laws first step towards the holocaust 6 million exterminated jews now read again what you wrote because remembering only what is appropriate to some is tantamount to justifying extermination,0
salvini here are the poor immigrants that distract the car and the garbage and engulf the forces of the order at home url,1
pontifex insists the italian people must be submerged and erased by fake refugees who want what they have never been able to do,1
user eliminate islam and islamics from italy this shit we don t want between our feet nn we have nothing in common they re great where they are,1
torino allex moi migrants revolt after the launch of paper bombs against url buildings,0
user pagliaccio are 40 years that sme and eu of the more civil why presumptuously socialist that the eyes are closed and mica only those days the ordons of the borseline from which elemosine exceedes wonderful and direct to engress the correct african governments they will never have pulitzer idiotissimo,0
user user schifoso group of decerebral beings men and women scum of the worst species as is the religion that represents them islam and islamics incompatible with the rest of the world,1
eu plan to block migrants naval blockade in front of libya url url,0
i don t think the billion muslims are all terrorists and fundamentalists,0
now the cooperatives will have the obligation to report the funds received up to the last cent the era of immigration business is over blogstella url,0
monument to solidarity between men of sea and migrants url,0
seawatch3 a water bath doomed to yacht where fake refugees and corrupt politicians have been on board partying fund these ong colluse with mafie and policies thieves user user user user user user user url,1
international roma and sinti day inclusion still far away in 2016 it risked url,0
they lived along the railroad tracks 13 roma cleared the citizen of lodi url,0
on seawatch the government has unlocked the situation and obtained that the reception is shared with europe migrants who will arrive in italy will be greeted at zero cost thanks president conte url,0
among the amendments to the manovra also the abolition of the tied health fund for the care of foreigners not enrolled in the ssn the regions will no longer be obliged to use the money for this purpose i repeat fate schifo,0
ok house to the law on unaccompanied foreign minors url user user user user,0
user the percentage of crimes committed by immigrants should be close to zero then they would be resources and not a plague as in these cases which are too many,1
user the lady was kind she should have sent her to if she can t distinguish between italians and immigrants i would say that the racist is her and also of type vintage 60s italians can stay where they want even under her house immigrants if not illegal,0
user christians massacred by islamic terrorists portsclosed and more expulsions tolerancezero with these thugs,1
in lampedusa two landings of migrants in 24 hours with the trick of the mother ship,0
corriere mafia capitale 4 pleas the rigged contracts of the roma url roma fields,0
user cage to act in the shadows and move these illegals against the leggittimate government in jail these terrorists buonists businessmen and throw away the keys,0
user user user as well as terrorists who commit massacres to justify them consider them crazy maybe the psychoanalysts have wrong faculties had to take that of manipulative strategy in the war school military academy of west point there are many variations and sections,0
you get upset gays you get upset genders you get upset migrants you get upset islamics you get upset terrorists but the others they have the same right or do they just have to draw,0
i hope in fact that the politicians on board have equipped themselves with red enamel should they save migrants in hypothermia what they would use otherwise to reassure them however the international waters are the libyan sar zone genius url,0
1980 grandpa what did you do in 1943 i hid in jewish attic destined for deportation what courage 2050 grandpa what did you do in 2019 i stepped on bread intended for roma women and children in a reception center that courage torremaura,0
user paris other than city of love mixed african muslim sewer,1
we collect them directly on the libyan coasts migrants invasion iovotono url,0
emotion today soundcheck begins fact checking column on user with a new approach not only data but also a counter narration based on reality because buffaloes are not defeated only with numbers in newsstands on immigration url,0
user at least there is the excuse to have the war you think that we are civilized to observe the roma children who are url,0
i m not a terrorist i m looking for the way to live well everyone,0
user the only obligation felt by the italian people is to kick refugees and authentic profiteers in the ass we are the laughing stock of the whole world,1
outlaw priest what goes to say to defend the mayor friend of immigrants video url,0
the chills and as user says the guilt that weighs like a boulder migrants url,0
a measure of equity from the administration of lega a lodi the thousand facilities that immigrants receive weigh on the shoulders of italian families already in serious difficulty that s enough url,1
you re fucking terrorists but don t come and fuck with italy that s already in bad shape let s go to you and i m god who doesn t even exist,1
user user how is it still possible to deny that islam has roots and violent rules do you know a democratic islamic state,1
no to bike paths because migrants go there no to wi fi in the square because it creates gatherings no to ethnic shops open in the evening no to benches no to nightlife it is a ruling class of old people who dream of managing a country of dead url,0
user never more isis pd and leu to government has been expected they have made the cacts with the eu that we have to watch all migrants and keep them and left 16 million italians without home without work,1
these didn t have to pay our pensions words of the pd the decision of the cassation pension also to immigrants just arrived the inps must also pay civil disability benefit to all non eu urls via user url,0
the revenue agency announces that thanks to the rdc foreigners without work will obtain regardless of the renewal of the residence permit and will be able to stay in italy the umpteenth favor to immigrants to the detriment of all italians who will not even be able to perceive it url,0
while from brussels they reject the anti austerity maneuver from berlin ready a contingent of migrants italy s problems do not reside in italy url,0
he doesn t send his son to school to ask him for alms roma arrested webitalia360 url url,0
global compact wants migratory invasion equiping economic migrants and profuges,0
overcoming roma fields the request an extraordinary council with virginia rays rome url url,0
a alterego activist shouts jackalloa salvini allex penicillin the clear will ensure that the migrants will goadelinquere as ifeverydaythey stay in there doing the rosarythem they go to get them and we should toleratezonefranchedegradation url,1
user user it should be remembered to certain idiots in europe that italians albeit migrants kept themselves breathing shit even in the mines and not wandering around the streets at the expense of others jeanasselborn ollapiero user user user user,1
heroes for fatality have put at risk or even lost their lives to stop a terrorist massacre url,0
more than 600 migrants in catania among them the little favour born after the rescue giornale di sicilia url catania,0
user first of all primamarcello and then we want the income of real italian citizens not fake blacks and refugees and the food package with mortadella and soft cigarettes ms has to work go you slaves really ends badly,1
revolt to torpignattara via stranieri e mosque,1
migrants dimaio no more hypocrisies people leave because france continues to have colonies and impoverish africa finally the correct way to address the migrant issue go to the heart of the problem and expose those responsible,0
user user i quote his article again so it is clear that if i consider only the summer months i can prove that with salvini minister of the interior immigrants die more than when in his place minniti waxs and said this i greet you and wish you good things,0
user maybe first consult on the duties of the roma,0
how many migrants can italy welcome 1 mld and 200 mln of africans ready to come to the well enjoyed go to italy help them dear radical chic if you want to organize a campus next summer in burkina faso go to user at user,1
prisoners in their own home italy changes user stop illegal immigration user,1
arabs and muslims send them back to arab countries it s not okay to do it why it s racism ah then here is russian roulette needless to cry b,1
freed in 10 years europe will be islamic thanks to immigration we hold the sword url via user,1
so the strasbourg terrorist was muslim of african origin born in france who attacked a symbol of the christian religion but if i object to the ius soli i am racist why islam is a religion of peace but go shit,0
but i m afraid however that the italian players are all jugs maybe with some foreigner or else would be better url,0
the decretosalvini wants to close the spars that are managed by the municipalities and give it to the private to do business there is only one way to overcome this impasse to bring out irregular immigrants and regularize them coffeebreak url,0
the messenger rome maximum terrorist alert the url concerto is also at risk,0
all the monuments of the left buonist and pro immigration are collapsing one after the other yesterday lucano today biancalani the veil of hypocrisy that filled with humanity and legality the initiatives of the false benefactors has finally been ripped apart url,0
rome maxi ridden at the roma camp during the census of the municipality rays back to legality if they make a reason url,0
the migrants who were at the baobab are now on the street and they will frighten disgust someone someone who for fear disgust will vote the minister who threw those migrants on the street in general silence,0
user blame those who convinced you that we are all equal and that in those countries people have respect for women and islam is a religion of peace all balls,0
knowing that there are 26 million muslims in europe and that at least 10 are radicalized and ready for terrorism how many potential murderers are circulating,1
victims of terrorism of isis in turquia as well as victims of foreigners have also killed tourists of religion islamic,0
comrade this was the wrong example at this point i think all islamics are terrorists user url,1
yesterday a somali with a pick at the staz of porta nuova today this with a katana sword of the samurai he sowed panic in milan during the arrest he extracted an additional knive it is certainly the stress from migration that afflicts these terrorists user url,0
user tgcom24 tgla7 user these are the real africans to help to help in the country africa,0
just published in url stolen bikes of milan sanremo find in nomadic field,0
user i do not share the gesture of throwing the koran to the ground if one does not share it he does not read it but others are not people who can and can see in a civilized world they can not adapt to a western culture,1
blitz to the nomadic camp of via bonfadini the house container is equipped with jacuzzi stolen day url milano news,0
modena festival of the veiled islamic woman and submissive guests cgil fiom and council member of the pd url,1
yeah well i d better stop making jokes about the muslims that i find at home bombing me someday,1
but in any way better so any initiative to combat uncontrolled immigration is appreciable even if a little less farewell when referring to others would be appreciable url,0
for the attack on the mosque of christchurch they came to say that it was the fault of salvini for the massacre of srilanka another against christians in the world eh vabo things that happen not all muslims are terrorists religion of peaceh,1
sequestered in sicily the treasure of the scafisti restaurants real estate and companies with money treats migrants,0
incredible switzerland rewards the congresswoman investigated for having smuggled url migrants in,0
how strange in the mediterranean they navigate means of every dimension and capacity and yet only certain pirates even of foreign nationality that they could repair everywhere immediately complain waves very high even of 1 meter and look for safe ports always and only in italy,0
news veneto please a glass of water and the nomads steal all the url money,0
torino roma found consulta per i diritti all against us url adriano montanaro alessandria,0
if he kills christians he is our brother these are the words of hatred of the 20 year old somali arrested for international terrorism and he wanted to put bombs in all the churches of italy galera and expulsion away from our country these people via url,1
africanization of milan all according to the plans of the invasion and islamic expansion in the west url,1
turkey intends to give its flag to aquarius do whatever the fuck it wants but the cargo of fake refugees if it takes them to turkey here we don t want them already have broken the balls enough if you take a few thousand you do us a favor,1
black christian anti islam who is ben carson on trump s team at the white house url,0
raitre stories augias the educator for young atheists and false vouchers for migrants would be reading in pension now you are dangerous and facious,0
thanks to the forces of the order and maximum contempt for the vigliacchi who are angry with our grandparents now i hope that these four roma will get a lot of jail time without discounts for them the parcel is over url,1
scabies aids meningitis syphilis and tuberculosis among diseases traveling with migrants ngos throw public health at risk dispose of highly infectious material health and non health as if it were normal undifferentiated solid urban waste,0
user dear let s stop calling migrants of the unknown people potentially terrorist and it s not racism but no other state receives foreign unknowns,1
serbian minister great risk of islamic terrorists in kosovo and mogherini would like to liberalise visas url,0
user do these have nothing better to do bastardislamici,1
spits and stones against mothers and nomadic children denounced group of children,0
the leader of the lega in senato romeo and ciocca the one who threw the shoe on moscovici s documents that failed the italian maneuver condanned for the refundopoli in lombardy region with one hand they indicate the migrant to be beaten and with the other they fuck you,0
url a group of romanian women transforms the roman culinary experience into a traveling catering girailmondo farecompany,0
user there are no muslims in mxico they know they would be beheaded by the narco,1
whatever s okay with me but islam out of the fucking way or it s the end,1
it was enough to hold the seawatch3 in front of the italian ports to prevent the migrants from boarding from the libyan coast or do i miss something pd salvini martina boldrini faciamorete facciamogliitaliani,0
user if giving homes to immigrants and making italians pay the bill is civilization this gentleman is from tso riace is not a model of integration it is no model point,1
it s too complicated to make it clear to some that condemning employee gesture lidl doesn t mean accepting all roma crimes,0
died 12 migrants of hunger and thirst on a boat would not have asked for help not to be forced to return to libya i recommend go to mass at midnight on december 24 to celebrate the christmas of a poor christ and let the desperate people die craps,0
gad lerner and the file that nails the left weapons immigrants and ships,0
we wait and see even in the small town that was allowed to kill a martyr of allah it is enough to facilitate increase black islamic arrivals,1
user user well are you amazed at almost zero security clandestine rom do what they want even outside hospitals,0
and in the end the point is always the same you let them enter italy you make them become italian they produce children in industrial quantity they will be italian in all respects but always bread and koran will be raised and we natives will disappear i am simply realistic,1
call him head of terror we url,0
the pope also blesses the ngos honor to those who welcome migrants,0
milan the pope visits a family of muslims he drank milk with us url,0
user asshole you re guilty of the terrorist and one of the many you saved his life and you welcomed him,1
user after the assaults on drivers by violent immigrants blamed the drivers and does he even speak on tv presadetta,1
campo rom bonfadini bene blitz tolerance zero to delinquets and abusivi url,1
tuscany give 30 thousand euros to roma to shop in a coop url,0
user matteo salvini only foreigners x well k work the other tts at home i don t see xk we have to continue to pay there stop clandestini ok thanks a thousand before italians marilen,1
diciotti 42 migrants in revolt now they want money from salvini url via user giornale,0
rome chinese student killed by the train stopped a nomad url,0
bikes stolen from the cyclists of milan saremo found in a nomadic url url camp,0
in milan party to welcome the url refugees click on the link,0
user user thank you guys this peaceful protest represents us italy to the italians no mosquee islam arabi,1
rome in san pietro carabinieri pay the hotel to a refugee and her url by republicit via user,0
this is the palermo of the mayor user humanitarian with immigrants and disappeared towards its citizens who pay taxes what if even the palermitans start to do civil disobedience not paying municipal contributions decreesecurity url,0
salvini in italy too many have assembled their heads i thank god and you for these extraordinary months they told you that on immigration nothing could be done it was enough to use common sense and courage i am there people s square,0
user azz we italians have to work for whom there is a job pay taxes expenditure for our extra families you don t get to the end of the month and we have to keep this mass of refugees,1
user user litalia the real dear one my eximia dickhead has the balls full of pd open ports reception and migrants take a tour among the people who stand to put together lunch with dinner then see how many are in favor of your dear immigration,1
only in italy after years we are still under siege by a becera information collusa with the mercenaries of politics after the flags on terrorism now we are back to the obsessive theme on migrants with film h24 iostocontremote url,0
the decree minniti on immigration can not become law tomorrow in piazza montecitorio roma let s hear it url,0
user user dramma is not the end of the church that would be a good for the url dramma are the mussulman invasions at our house for their believe,1
they parade for the defense of women and against violence against women with one of the causes of islamization and with the greatest supporter of wild immigration that causes violence against women when they say iq spectacular,0
chinese dead a arrest warrant and a complaint young nomads roma a minor hunting the third url,0
never read so many insults against the church as at this time when the pope defends migrants to say that people go to church,0
user user user perhaps you re right question why should that 25 of foreign violence exist the italian unfortunately you can t kick it out i would kick them out the foreigner is a guest and as such must be good if any guest comes to your house and makes his pigs comfortable what do you do you reward him,1
melons made them mad on the globalcompact salvini says no m5s says yes conte says yes no maybe the government dances about migrants the choice is between invasion and sovereignty that s what can happen open the link and djffondete it url,0
these nn are the poor vu cumpr of 1 time trained and introduced militiamen x precise purposes profit through illegal activities slavery labour x crime intimidation terrorism provocation and destabilisation with invasion and violent acts of various kinds,1
user i don t really share the way nomads live but this is very serious,0
user user user wow thinking that before calabria was an oasis of peace for example there had never been a kidnapping in person only with migrants hosted at riace began these episodes n b respect the calabrians whose majority is formed by good people,0
domenico lucano mayor of riace sees migrants not a threat but a historical opportunity to revitalize a village that seemed destined to depopulate url,0
cvd m5s as well as protecting roma nomadic gypsies with this move made the url quality leap,0
border industry european funds to defence giants to block url migrants,0
the viminale figures speak for themselves a criminal in italy are increasingly immigrant urls,1
migrants are fucking with us because we allow them let s get this over with once and for all,1
right also serves praetor p tuiter other ementi zingheri rom if they steal er copper at astazione user url,1
user user in which country an unelected government renzi allowed invasion of illegal criminal immigrants in which country the rulers pd cheated thousands of savers banks in which a ruler pd renzi allowed to steal money donati for earthquake victims and unicef,1
first of all the italians not to give rents and food to illegal immigrants the dream of young people leiene,1
user 24 percent accidents caused by foreigners who are 9 thank you,1
outside the immigrants and inside the italians user user user user user,1
user the rom craps will never be like us and you dear user to continue doing television you have to continue to lick the pig s ass sinishronzi of pd you re just a quacquaracqua,1
foreigners come to occupy our homes and no one does anything everyone knows but everything stays still they steal us in the house and can not,1
to those 4 cats on the left you spent the whole summer typing migrant force aquarius force diciotti force and now you want to spend the winter tying luxembourg force europe force spread force the cat of user mito,0
the error of this pope intrused in the vatican at the place of true papa was to believe that italians were manovable like the islamics from the imams he did wrong calculations besides having lost the business of finti refugees he lost millions of faithful url,1
user user user if you check his profile he shares tweets of people like him with tricolor flag and cross he s a religious fanatic fascist pro salvini in short he s a disgusting rat one of those who subdues women and if he could burn gays and sink immigrants he would,0
baranzate nomadic field x ray 83 people controlled 67 with priors there is also a wanted the url newsletter,0
i would say enough with the usual shredded and contrite phrase that we too were migrants our great grandparents did not have the coops that passed them food and lodging but squalid rooms to be divided into 10 let us inform ourselves before making absurd comparisons user user,1
lebanon snowstorms on refugee camps 40 000 syrian children at risk of survival,0
to the islamic of peace that pontificates says or do you make me talk or do you explode faces understood quintacolonna,1
italy s free zone for immigrants free to do what they want,0
user user user but there aren t only illegals even foreigners who work wake up,0
regarding what happened in morocco at the 2 beheaded girls sweden 1 he said that islam had nothing to do with 2 the 2 died because of neck injuries 3 who shares the video of their killing risks 4 years in jail sweden is lost,0
remember we were told the usual known that we infect the poor refugees from the url work,1
user are people from various european countries various religions and therefore also muslims is against every human being who wants freedom,0
theater appointment on march 10th with an evening dedicated to the theme of memory and immigration balance url,0
user but this nn knows how much it costs a liter of milk let alone talk about iva this only speaks of rom ruppa and prostitutes,0
station and center still under control 13 nomads stopped 7 were minors url,0
islam a religion that was born 633 years after the death of jesus christ who proselytized by the sword leaving lislam is very risky lapostasia is haram prohibited the total repudiation of one s creed is forbidden and could cost life url,0
so the first wolf the mother goes in search of the second wolf a former terrorist on user lelupe url,0
military operation in the rom field of the baby rapper wax all thieves url,0
i too know how to solve the problems of the roma from your side,0
they can not be called for what they are as when a clandestine rapes and kills a woman they never say race salvini in israel hezbollah terrorists italian defense worry declarations politicsurlshared by discover,0
last night another fire in the rom field of via bonfadini at milano started by the same occupants to burn the waste it is a scandal that between illegality and degradation there are still these realities roma fields must be closed url,1
i ask myself how do you listen to a parasite of the european community like salvini who as city councilman moved the nomads at night,0
user user user the first thing he did after 3 months is to allocate 12 million for roma open scene applause,0
user the working model of integration of riace annoys those who only want to make propaganda about migrants i am pleased that the cassation has proved mimmo lucano right,0
business roma in the scope of the procura coop e politici url via user,0
iwobi the african legist who wants to hunt immigrants malaria dead and that s why they have to stay at home,1
user who continues to pretend nothing who encourages immigration who exalts its supposed values is a criminal and an asshole whoever does it even the fake pope,1
lamezia still burning at the rom camp of scordovillo url url,0
user trying to respect x immigrates working and not dealing but who is believe to commit him without pitty to you of so much a good return that 90 of rome rate rate up are in the work of clandestin straniers fact data we do not razzism,1
user user the state that allows this and foreigners who often take advantage of it having said this nn all are the same you know,1
immigration casapound delivers a report on the news to dilucente and urges the regional council to intervene url,0
user i also went to school with roma i played as a child how much time did you spend on it,0
so they humiliate the italians and cuddle the illegals the folly of the government for them free and they invade us,1
migrants clandestine immigrants immigrants political government this summer i saw migrants entering supermarkets and staying for hours in departments where they could take air conditioning if you want to continue with pd policy ruin yourself with your hands,1
contrast to child poverty and school dispersal inclusion of migrant children more funds of italian cooperation for children victims of humanitarian crisis unicef s commitment in italy in the words of the new president francesco samengo url,0
asking the muslim what she thinks about the girls who blew up in nigeria is it islam user and the asia bibi case what do you think,1
pendulars travel standing cause refugees who protest is racist url,1
user marenostrum porta d islam cpt porta dei terroristici centerisociali army dei clandestini santache password della legalit,1
user still foreign countries africa is immense to go back to their country and get to work there is for everyone,1
user user user user ahuhuahuahuahua you re hilarious see that you have the data you have the of the variable subject of study you get by difference the of crimes committed by ita you report them and you have the increase due to immigration but you know mathematics and logic especially logic,0
news vitulano chronicle two more refugees in downtown url,0
the unar is the worst of the worst now all the rotting between gay and public immigrants comes to light video url,1
user only in italy almost all illegal immigrants protest against the government and against our minister of the republic with the complicity of an extreme left supported by 4 bankrupts,0
user let me ask you a question doctors of santorsola in bologna talk about the resumption of the tb cause immigration why aren t there information campaigns for citizens of this disease,0
pakistan small muslims play to hang the christian asiabibi detained for 10 years on death row for false accusations of blasphemy although acquitted by the supreme court the mullahs demand it to be hanged islam multiculturalism url,1
what are we waiting for to bring about illegal islam clearly it is not compatible with western democracies do we expect them to have the majority by force of daughtering and importing africans,1
de falco i board the ngo on a mission to save migrants,0
switzerland says yes to the easiest citizenship for third generation foreigners url,0
who would have thought eh this is the true nazism of the third millennium islam but the world left is concerned not to say a word about it url,1
il giornale news termini roma picks up a tourist arrested 44 times in 25 years the carabinieri of the station url,0
user instead of making war on migrants do it to the italians over 30 open the ovens like in germany and put them all in so they are already dead in italy only the young max 29 years is facilitated the rest of the unemployed is shit,0
the inhabitants of torre maura are not suddenly insane if they are afraid of the roma it means that evidently they can no longer of the continuous thefts and threats to which they are subjected who delinque rom or not roma must be prosecuted that s why salvini is right,0
emilia romagna reaches 5 million with all the roma drug dealers illegals who fill it officially it would have 4 5mln tagadala7,0
seawatch dimaio malta is his part premier muscat we won t land migrants bullies won t win user url,0
user the pd slogan is ingressolibero think a bit gentiloni says falsehood emigrate more young italians than immigrants arrive migrants are all brazen and ignorant males do not help demography cause imbalance,1
coniugi pestati a sangue a lanciano arrestated rom would it be a case it was essential to ensure justice these scoundrels we are not racists but too often they are irregular immigrants to commit such brutal crimes now we expect justice in a net way url,1
user user drop that cojone on the islamic state and blow up all isis final solution,1
we love you the tricolor of my beloved homeland italy will mourn for you german brothers noterrorism aleppo,0
the koran coranoil is anticostitutional is antidemocratic calpest human rights never will be like we imbecill still those who create us trino is born the mosque of tolerance url,1
small immigrants clandestini to home in africa who does not pay does not eat what is unfortunately valid for all is also for them parasites url,1
italy the country where foreigners do what they want without being punished it s a shame larena romafeyenoord,1
italian also wants dogs extinguished after all they are invisible to islamics url,1
mafia capital bribes for roma field procurement 17 officials risk the url process user,0
farewell schengen austria strengthens borders with italy and refugees no longer enter mattinonline url,0
user user user holland says it won t welcome sea watch migrants intending to make it understood and know that it won t even welcome future migrants,0
it doesn t matter what nationality the important thing is that they go to jail forever except that i would like everyone to go to jail in their own country see how things would change i have a romanian friend who told me what prisons are like there,0
the men would look foreign url,0
user local police officer killed by a nomad in milan did not take any compensation is this justice,0
what is the point of funding the un if their action is to promote wild immigration as a substitute for afro islamic savannah parasite cut funding now,1
not only that but it has been an undisturbed work for a few years only now can we send some home thanks to the safety decree no excuse and no kindergarten for immigrants dealers murderers or exploiters at home we already had ours without having to import it closeiporti,1
bergoglio justifies his policy of lollipop and hospitality to the utmost as a mission of peace with islam ah for this reason the massacre of christians in the world does not stop the papal submission authorizes the islamic beasts to exterminate christians wake up bergoglio,1
excellent user in staseraitalia is it possible that a country that has 5 million poor can afford to spend 5 billion for the reception of migrants what then are 90 foreign unemployed n d r,0
gasparri too many arrivals of immigrants in italy now immediately the url,0
user user dear black hat of islam there are souls in the world that are free from religious flags so if you are racist against unconverted whites don t break your balls to others if you don t know how to live in a secular society go somewhere else,1
user the beautiful story is that for 49 fucking muslims in the new zelanda all the left world shakes terrified by the bad terrorists right then when notre dame burns or blows up churches and hotels nobody says a word,1
our grandparents they swore and many of them died for this sacred oath now i ask myself they will never be able to defend our homeland those who today flee from them why there is the war we are helping deserters other than refugees url,1
yeah to cure us we ve come to the point that either you pay or the controls you re called to do after you re dead but we have to guarantee the care of everyone who passes and above all doesn t respect the laws of the state what a shame you are dear judges and lawyers immigrati clandestini,1
the constitutionalists already put their hands forward the rdc can not be denied to foreigners user we just need to give them the pay x continue to be fangs in the gardens we already threw 5 billions a year for them enough rather we return to the vote,1
matteo salvini his line on immigrants was effective now with count and di maio will resume the landings,0
user this is what you wanted nn love to suffer our laws about migrants must submit to our laws because nn send the army and repress,1
italians i migrants after raping a little girl we didn t know it was a crime they didn t know because their acconsent culture that s who lives and how lives the resource in italy europe stopinvasion stopimmigrationitalianilet s join porticiusi salvinidon t mollare url,1
islamic fundamentalists however do more damage than the bubonic plague cursed them and their fucking beliefs,1
they leave the prison and go to the housekeepers the roma driving the car that ended the young man s life i m really sick these murderers have to rot in jail we owe it to him and his family justiceforduccio url,1
so the renzi government gives citizenship to immigrants,1
enough immigration to frosinone forzanuova organizes city procession url url,0
a pm had just released the immigrant who attacked the agents in turin,1
well about the fact that salvini is ignorant is right to sell which topics immigrants chasing the supermarket from your side,0
here is another little soldier of the church of bridegroom committed to getting as many faithful as possible away from the christian religion to allow the undisputed growth of islam url,0
cronaca diroma carabinieri gang of the fake monsignor 2 italians and 4 foreigners falsari cheaters captors receptors captors scams for about 13 million imputations for url,0
user user user there are also 160000 roma in italy half of which are italian citizens,0
other 1500 in veneto node untenable refugees italy fails to get out of tination continue invasion increases social dissidio,1
our president spoke at the round table on immigration promoted by mabota asa url,0
user user i ve already seen other videos burning or stoning them we re warring muslims,1
user and defend him they can justify any crime committed in the name of the business of uncontrolled immigration i wonder what really hides all this because they hate italians up to this point,0
do you remember the diciotti it was unheard of that an italian boat was not given the ok to the landing in italian territory now there is from day one spanish ship that has taken away 12 migrants to the libyan navy and sanchez has forbidden the disembarkation in spain nobody says anything,0
nigerians give us the bad houses of the italians but go to the mona and get the bad houses of the user members 4november migrants url,1
fact follonica roma locked in a cage fratoianni yes vs salvini you suck you are a url user,0
if i were in the 2 nomads i d prefer prison the chinese community doesn t forgive,0
user thank you for updating us christmas also for the christians of aleppo and damasco syria free from the terrorists user,0
user user should sterilize all roma,1
url a roma italiani senza casa aggiati nel container dei rom ansa news,0
user user much of the problem would be irregular immigrants here we place the counters for the administration of the rdc near the airports and keep the charters with the engine turned on,1
user congratulations eletta from the romans first thought the roma however equal to the sx so much they all come from there,0
curious also that he was the son of immigrants url,0
vicenza continues to discuss the story of nomads with residence at caritas but for cancellation url rt,0
assolute surgery dedicate your life to migrants and receive a warning of house arrests allalba for aiding illegal immigration this is today s italy salvini s italy riace arrestaci tutti url,0
scabbia but also lice kindergartens and children haunted by immigrants who do not perform treatment url,1
exterior attack in brussels policeman stabbed in the neck by an islamic to the cry of allah akbar allah is the greatest another unbalanced or perhaps not aquarius migrants islam salvini ong pd belgium url,0
rome spray robbery in the apartment nomadic url arrested,0
be certain that the invasion of migrants distracts the legists from the secession between them and we of the url were not there they would return,0
user muslims they enslaved an african black girl but come on impossible islam say it s a religion of love and respect,1
user you don t understand they ll kill everyone who doesn t know the koran you too ah their eat kebab tastous kebab,1
immigrants don t find a job within six months devan return to the country of origin david cameron in italy fan the squatters fucking,1
we ve seen the planes coming with the real refugees but we haven t seen the planes leaving with the fake refugees yet stopinvasion,1
user and concludes with et craps alors let s send him 100 000 pseudo refugees and see if he has the money left to drink,1
user bravo while you impose immigration without rules that will bring the world to destruction and tell us about peace,1
you are not racist you are str the woman who defended a foreigner in naples awarded by mattarella,0
in the cuneese catholic and muslim children at religious school together,0
user and from what pulpit comes the accusation a minister of the republic who attacks on the wall on national live the accusations of the magistracy kidnaps migrants think of the money stolen from the italians returned in comfortable rate shame,0
user user user immigrants are also drugged and immigrants go to shit too indeed these here when they can not afford the whore they also rape 80 year old women success several times also this,1
multiculturalism an anti democratic and demographic bomb to put against each other know that one day someone will have to prevail anyone who tells you that coexistence is possible is in bad faith islam by its nature does not admit half terms be aware of it url,1
weapons of mass immigration to be used against italy france closes ports at aquarius url,1
user it is now a fact that wherever there are islamics there are disorders like in rome yesterday in front of the colosseum let s send them back to their home,1
user by means of immigrants it seems that someone in the government enjoys having cities with favelas violence and dirt thefts and degradation,0
user dreams hopes and fears of a girl in a migrant boat approaching the url coast,0
was wanted for six months nomad arrested after the pursuit on 131 the union sarda url carboniaigles,0
every time i evoke the italian greatness the piddin that reminds me of the arab norman sicily or the foreign artists welcomed in our courts but do you want to compare these things with the deportation of the illiterate sub saharans but be ashamed ridiculous assholes,1
user user user let me tell you something about the roma but i think i know url,0
let s stop the imposter maybe other crusades will be necessary since the river of mud does not stop anzi vaticano sx and massonic powers are massacred us when ever in italy someone was disgusted taken to swing done to pezzi let s stop the invasion of islam,1
the council allocates 100 thousand euros to transport the nomads to school you have to consider the return in envelope without url,0
user thanks great goal but the states are still italian or not why are they treated worse than foreigners why they have to wait 27 months to receive their own paid liquidation from the retirement date,0
the us weekly time dedicates to user the cover of the issue on september 24 the italian tsar of immigration is on mission to disassemble the eu url,0
user ask negrita who turned south america and africa with what they entered those countries already but they are nn migrants they are tourists what sadness these singers,0
at torinobad immigrants teach us new lifestyles this time it is the turn of eco sustainable crime moroccan cyclist performs 2 robberies in half an hour riding his bike torino stopinvasion complicedisalvini url,1
it is the case that it is often more the receptions of the muslims who die at the hands of the attackers terrorists but others have to suffer crimes and daily crimes of the marmalade accumulated in the european streets url,1
voxnews milan foreign restaurant station sent to hotel for profuges about 100 immigrants most of them url,0
user user i want churches in all islam and with paedophilim priests fuck those craps,1
user salvini be careful i m telling you if you don t do the flat tax anymore you re gon na lose 50 of the votes we gave you even if we re okay with immigrant policy are the two very first things of equal value that we care about eye is,0
user according to the left can not be said gypsy roma sinti magrebino tunisian north african thief rapist clandestine illegal immigrant nothing abusive occupiator but we do not make a dick and say the same,1
worms schifos cursed zero tolerance beasts that must rot in jail when he speaks of foreigners for the italian who set fire at home and killed the son measured tones a question how can you be so bad and a generic infamous world url,0
old woman robbed on the bus the two runaway nomads take refuge at the camp of via candoni,1
razzismo is inculcated since children by koran and islam dogs pigs christians and jews are impure unfaithful and to be exterminated the enemy and great piece of shit is the one who wants them here at all costs,1
they have nothing in common migrant beasts jesus re url,0
it a warning of 2015 valid then valid today the commander in chief of the swiss army warns that mass immigration will cause war and invites citizens to arm themselves and stand ready p s the swiss army is a serious thing url,1
they flee in the car after a theft roma 17enni chased and then blocked y follow the adriatic corriere and stay url,0
redistribution 97 of migrants remain in italy renzinoncontanulla url,0
the mass executions of isis illustrate what islam leads to warning video extremely violent url,1
user user dear mrs yes italy is in these conditions and all the fault of the democratic party with all the left yes italy and full of delinquents and fault of your goodness or to take some votes from these foreign cordial greetings and good work,0
the immigrants enjoy the italians are furious the state gives them a humble residence photos,1
user and nothing gets me out of my head that american services and nn follow these people and know what they re going to do and who knows why,0
terremoto salvini other than migrants the government helps these italians url,0
we spend money for immigrants roma and various stranglers and meanwhile italy falls to pieces freeway pilone ostuni,1
user but who wanted these people didn t think about delinquency many cities are to decay not only rome because it has never been done a path of integration but only put them in the centers and then the citizens manage them thanks to those who wanted the invasion,1
does user also apply to roma,0
drowning migrants off libya 97 missing century url,0
librandi in order not to miss anything is also pro rom but why don t you go to sleep,0
that s why i m not surprised that walking dead with camera and pen make psychological terrorism 24 7 followed by various trolls on social networks but first everyone shut up and away to lick journalai pdnework manovradelpopolo governmentdelcambiamento url,0
the pig here s how to bury islamic terroristssilli s trip immigration manager forza italia url,1
at the migrant centre of cremeno almost all illegal urls,0
clear the concept the terrorist is always islamic no matter who the victims are islamisdeath url,1
the question to ask is why does the judiciary always exonerate delinquent migrants what do they gain from doing so url,1
rock the casbah anti racist anti fascist parade rome metics solidarity with migrants 17d baobab url,0
user you have to correct people s homes which paid with deductions on salaries our grandparents our fathers etc so that we paid ourselves because they go to foreigners if they make them pay by their embassies and their very rich governments,0
everyone in europe is proving to be a little salvini at home and the original ours can care not to find a solution on the immigration front because it is more useful to keep up the tones of the clash in view of the european elections of 2019,0
migrants want help a rain of appeals is coming,1
url data of viminale grows immigration italy,0
christmas is our most important festival,1
poll for everyone gradito rt to involve more users would you like to have in the immediate vicinity of your home a reception center or a roma camp a polite answer is also welcome user user user,0
user orfini now stop saying bullshit to yet another power roma rubano you understand yes or no it s no longer sustainable to tolerate a minority that is a criminal association but then the pd are you all rincretiniti,1
it is the least given all the subsidies and privileges that immigrants have enjoyed with left wing governments,1
the modena administration pays petrol for gypsies who bring children from roma camps to school shame first think of the italians,1
boldrini papafrancesco stayhuman lgbt where are you when these things happen islam will destroy europe if you continue to defend these thugs massacred by islamics fucking christian video choc url,1
liliana segre today with migrants as with jews yesterday indifference is tragic url lilianasecre for you is synonymous with indifference mantenere 600 000 illegals and do not exploit the jews killed by the nazis to make immigrant propaganda,1
two guys trap two nomads who review in the garbage and film everything the average comment is since there were they could set it on fire,0
user we are surrounded by walls now we are all church and immigrants how nice thank you renzie thank you alfano,1
user ialia should be disinfected by the african muslims and quickly,1
the financial times elected man of the year 2018 financial terrorist soros the sworn enemy of putin orban and trump soros was awarded because he finances the islamic invasion african and asian ethnic substitution movimentonesti,1
thanks to the earthquakes italy is falling all pieces thanks to the nomads and gypsies italy is becoming a url,1
user go tell him to the relatives of the poor boy killed by that piece of only true racist against the italians since he deliberately wanted to kill an italian these are not psychiatric patients stop justifying them these are terrorist,1
salvini to the multiethnic skyscraper a migrant tries to talk to him but is ignored url,0
our contrade countries and cities invited by torms of cjondolant prepotent currencies our girls costed outstanding,1
in veneto the mayors broke their balls all immigrants away from our territory within 20 days url,1
user user user user beautiful words all against terrorism and we fight for peace security and url,0
catania the nigger engineer who disassembles buffalo numbers on migrants,0
italy just a step away from the war and we still welcome foreigners let s make it vomita you must give it fire god sir,1
user user user try asking muslims in germany why they ask western women to be islamized in case of marriage with muslims 90 of these marriages end either in court or at the hospital with the german woman beaten the same in italy islam is not integrable,1
serbia arrests three after 77 immigrants found hidden in url vehicles auto pickup by wikiyou,0
immigrants cover christ with excrement horror in liguria here is their toilet photos,1
funeral manifestos for migrants buonists now use death manifestos funebri migrants url,0
first statements by salvini arrested lucano and what more do you want from life riace sindacodiriace lucano migrants governo tgla7 propagandalive user,0
stefano saletti leader of banda ikona misicist and composer who plays many ethnic instruments of the mediterranean area from an album soundcity which puts in music the dramas of migrants wealth hopes pain of url,0
14 year old pakistani burned and killed just because christian islamic fanatics because christian doesn t arouse much attention in italy,1
user terrorism is madness but even if absurd it makes less death than those who are killed in domestic walls,0
user certain gypsies pedophiles gay perverts irregular immigrants ass and c they will all be there in good company w w w w pd,1
the skill of the friends of the jihadists consists in transforming islamic terrorism victims into testimonials of love and url,0
user of nomads we do without do we already have drug dealers mobsters raping thieves do we just need nomads anymore,0
meanwhile they kill the children of italy with unemployment deflation and mass immigration pd party of,1
user continue to beat on the immigration question because you are an opportunist with the political depth of an amoeba surgery you will pay to a future more than near the burning of your incompetent political mischief that is ruining us,0
european massacre silent and immigration of unwanted diseases including many with scabies and some cases of aids url,1
boicotta foreign stores the brand of racists on the rome url saracinesche via user,1
modena municipality pays petrol to the nomads who bring children to school modena the junta pd url,0
user nn there is more end to the italian paradox i get to split everything money taken x do good to italians expense x migrants,0
user in my opinion is the engine of life cmq reply to messages muslim nigger,1
user no one has ever said that it is a problem but not even a theme yet the left and pd continue to want immigrants to arrive in italy but then is it a problem or a theme,0
user was really clear even in the election campaign when the mayor promised to clear roma fields for the finest palates,0
surreal arrested in milan 30 roma women who had made an appointment from all over italy to pick up tourists on the occasion of the design week 13 of these 30 are pregnant this way of life is incompatible with us point who claims the opposite is a mental,1
ln padania france the terrorist questioned by judges refuses to reply url,0
milan fire in the migrant s palace 10 url urls investigated,0
degrado val melaina bottled fight between roma in broad daylight,1
user getting worse and gov defending so called immigrants grandi sti giovenissni italini kedifendon han url,1
i will not trust this pope until he talks about the true situation in palestine and the muslims persecuted by the israelis,0
user here s mannoia what mass immigration produces degrade and delinquency url,1
user palla giantsca the head of the church pope francis has repeatedly recommended and urged to welcome the desperate migrants you are throwing them on the street and you speak of crucifixes immense shame,0
personal interpretation of sacred books rejection of humanitarian and universal rights no rights for gays women transgender no abortion yes death penalty hatred of other religions forced insertion of religious symbols social propaganda it is not extremist islam it is the league,0
no permission for muslim urls,1
user well isn t the area adjacent to the roma camp in via lombroso cleared,0
the alankurdi of user with 64 migrants on board is heading north exactly in the middle between malta and lampedusa why didn t she stay in the libia sar area to continue looking for the other boat with 50 missing migrants url,0
user 60 million to set up roma camps in 2009 was it you of the league laruspeta,0
but look the maritime authority of panama has communicated has begun the process of cancellation from own naval register of the aquarius of user and user because it does not take into account the international legal procedures on the recovery of the immigrants in the mediterranean,0
user user sabri i milanesi wake up as much as the torinese i romani and any other islamized city,1
user user user user the rigor of matteo salvini is the steady signal that in italy you do not land if not with permission ngos do business on the skin of migrants do you understand or not,0
fayez al sarraj warns 800 thousand libyan migrants ready to invade italy and europe among these criminals and jihadists we send them to france in their ideal habitat url,1
rome two children rom in his field pastor first shoots them then beat url url,0
italy shame continues stop to the ship anti hookers doors open to illegals they bring only those who want to invade us,1
user user who welcomes is a clear conscience even those who welcomed the nigerians who massacred pamela the problem is that you think they are all poor refugees while these are just a minority,1
sea watch in catania applause for every migrant coming down from the ship,0
helped off lampedusa forty migrants among them women and girls,0
the terrorists and i make the same routes paris turin milano sextosangiovanni but i take blablacar they don t ti,0
on the other side they re doing everything they can to snob our story ds sky giornali of the junction and roma pens let s all join up guys,0
roma villaada roam two roma as they try to steal in a url stop car,0
user i was referring to the roma who killed vanessa,0
christmas there are already the usual buonists who want to cancel our traditions to bow to immigrants url,1
pope welcome migrants is a moral responsibility for those who knock at our doors even for bergoglio we must open the doors to the invasion there are now only migrants for him poor italians must be content with his blessing if it can suffice url,0
user user the cremation would be the ideal and most hygienic solution but the islamic lords url,0
user user here we play with the lives of women to those who kill more between foreigners and italians to have political power and try to bring fascism to parliament unfortunately italians are craps that do not have the tools to understand that these sewer mice are useless,0
crimes and the degradation of immigrants forza nuova italians must url,1
rome 1 army of angry immigrants factsentering from the pd now aired by power to the people protestagainst salvini algrido we will rip ourrightshousesand documentsxall of thembut what rights do they talk about xannihave they receivedvictoe and accommodation at expensedegliitaliani lapacchia is finita url,1
you want to understand it or not dear sinister and fake caxxo buonists that the italians are neither razzists nor xenophobes and no fascists but have they simply turned the balls of this fake immagulation and of all the scrip that has come to us have i been sufficiently clear,1
15january 2012 it is muslim but also feminist and anti racist and it asks the united kingdom to return to its roots because christianity is one of the most human sweetest religions that exist user islam url,0
pergola the search for the fourth man is still underway the three arrested are roma from the known url url,0
i would like to have more characters to discuss the case of the screaming romance for example,0
we can t defend ourselves because they re arresting us if my car insurance expires and i don t renew in time i m fined by foreigners,1
milan police arrest robbers roma and clear their camper people applaud url,0
user is not yet known about terrorism or local phenomenon fortlauderdale 5 dead 13 injured,0
in paris too this time shows that not all islamics are terrorists but the terrorists are all islamic,1
everyone of foreign nationality lives in japan we try to make friends with me,0
venice was also in the sights of the terrorists venice also san marco was in the sights of the url,0
live from rome the decretosalvini security and immigration was born i ll tell you about it live url url,0
a pd delegation will board the sea watch if the pd had shown the same interest it now shows for illegal immigrants against the 5 million italians in absolute poverty at this time the italian poor would be half url,0
user they have to pay muslims negroes and those from the east who work in italy in black and make houses in their countries,1
riace mimmo lucano our model will survive url via user go away you and your migrant business shame,0
deruba the elderly widow arrested a roma framed thanks to the dna url,0
decree security and migrants received the stakes the armed truce between league and quirinale url of user,0
the taliban massacre christians in lahore and the pd is filling italy with muslims affinities,1
la rampolla fomenta l odio video padoan s daughter shows with immigrants documents for everyone url,1
user magdi collected the witness from oriana among the few who had the courage to oppose the islamic threat,0
comment libyan crisis and refugees italy is too isolated,0
i would like to make a simple account how many tweets salvini has written in recent months against migrants against political opponents against europe and how many instead against mafia camorra ndrangheta organized crime they are the commitment and priorities of minister travestito,0
omnibusla7 it after s o s return the refugees to the libyan ports sinking boats if military accident breaks out world case,1
user why these mercenaries ong go to pick them up in libyan waters the false migrants pay these scafisti in order to enter illegally in europe they should prohibit in all the european ports the docking of these pirate ships it is only a business for them nothing of solidarity,1
turin city angels roundabouts to protect students on the bus the roma attack us url italy,0
how dare they ask the migrants for a ticket send the un s blue helmets to watch over the rights of the resources attacked controller on the gtt url train,1
user user that there is amman it all these years concepts that we are not realizing do not work here s the un that comes to control today italians excluded from popular houses new complaints to salvini carabinieri taken to squeezes migrants out pusher out welcome,1
beautiful you too are eating from the roma as cimabue out of our country the tourist go to your country from your side,1
those soros and left craps promise him that they will have a little everything and here are the results they put in his mind that it is our duty to keep them and all is seasoned by the koran that prophesies invasion of the infidels rapes beheadings etc url,1
by now anti islamism is customs free pure racism instead of terrorism people are angry with islam all to defend,0
user in via chiesa rossa there were homeless people after the war where i saw miracle turn in milan the miracle continues the roma vote yes,0
no prison for the roma who caused the death of a 19 year old girl judges explain it to her parents url,0
altaforte and the national primate that right wing network that pollutes the anti immigrant debate on social media,0
user user in syria we fight terrorism and iran is in the front row who bombs is israel 250 raids in recent years,0
when we are flooded with immigrants and burdened with eu austerity i e now they will tell us that welfare is unsustainable and puff we will no longer have health care or pensions they will leave us alone to slaughter us with blacks,1
user islam is an imposed religion either you adapt or make you end up in a bad way,1
hell libya tripoli civilians migrants and refugees trapped in fighting areas,0
user user in the serious confrontation in the establishment can not be excluded even if not simple perhaps the opposite will happen,0
user user get everything inculated ignorants bastards you are your dealers of the mussulman clandsters of shit,1
user user user user in malta they are definitely ugly and bad because they don t want migrants but with regard to the rsa managed badly it is not that they sleep structure open to nov 2014 at feb 2015 contract revoked just in agora said with affection awake url,0
islam owes that little culture that has contributed to the world to the peoples it has subjected to the edge of the sword greek roman persian indian and chinese translators and scientists extinct the dhimmi the decline began the major cultures flourished close to the conquests,1
here laura boldrini teaches minister salvini what the hezbollahs are a governing force and not islamic terrorists the minister with his statements can cause diplomatic incidents user user url,0
timeline of the presence of foreign citizens in the period 2011 2014 in palermo url yacme opendata ckan,0
user user user user can t even paint yellow strip roma camp,0
a message of hope to immigrants and all latinos user with user sunday 29 and night i url,0
between a vaffa at user and user among immigrants and social centers mimmolucano appears beautiful souls are clearly ailing thousands of foreigners against italy,0
palermo leoluca orlando enrolled in the registry four foreigners the mayor s obligation is to respect the constitution,0
the death of the chinese tourist 20 year old nomad complaint for a minor url,0
but then i wonder all those foreigners who were there yesterday how did they know aww url,0
terror comes from outside 84 of the bombers are immigrants,1
we use the always fetid carlo sibilia for a quick review if you voted to read these words about immigration and integration it s not because you re disappointed from the left but because you re a fascist 3 october url,0
how disgusting can salvini be just today i was thinking that the most polite children i knew working at school are roma,0
user user user user well white people in south africa are immigrants for consistency you should be on the african side,0
they give money to the illegals but to the disabled instead bracconeri the autistic son and the harsh outburst to free,1
on migrants the sinistra with the bath to the book speaks of deportations and nazismo a move from a structure that in the past had created problems passed by the left as a racist act nazi by lager by now they have crossed the limit of decency url,0
cousin of rome have you read the ddl salvini i yes almost everything do you know that in rome the roma are all italian i no i didn t know so cousin here now also the income of citizenship we give them to these here they don t work they throw them out of the fields and i pay,1
user immigrants who do not integrate but benefit from all our public services comfortable eh enough first the italians,1
lose user here is the councillor for culture of bonorva exterminate muslims like jews url,1
user user disclosed then if we want to talk about how much people are fed up rightly of the roma here we open an encyclopedia,0
and here we can not say that we fear the islamics otherwise we are racists url url,0
user cara my grandparents eyes have me my brothers my children my grandchildren certainly not the migrants so fuck you and the migrants,1
user user but all foreign psycholables must keep us in italy if they can t suppress their instincts they must be kept secret so as not to harm them anymore instead they are free,1
extremists today two refugees have brought to justice an islamist in the face of those who make all the grass a bundle,0
fifth column live from rome would these be the poor immigrants fleeing from the isis and war,1
user you have blackened italy filling it with illegal afro islamic puahs,1
yes and that it also gave homes to immigrants and allowed them to open friction to the detriment of url residents,0
don t miss our survey on roma camps in rome tomorrow near the most important universities stay connected,0
but aren t we talking about those poor roma kidnapped by the employees of lidl have those 2 arrested domenicalive,0
a tip to these vouchers who defend fake refugees who run away from fake wars and who were settled in the hotel at our expense since the pack is over there is only one option left if you are consistent take them to your home instead of chattering on social media url,1
user user islamic is on the caxxo i would call terrorist craps to the commodity of power,1
the occult structures of nato terrorism in the middle east url,0
user had promised away the roma camps when at via salviati you wonder for years they steal out the staziine they burn in the dumpsters and throw them on the ground already here s full of immigrants at least the roma away you live badly here there s fear to get out x the muggings do something,1
user what do you say pentastellates bring hunger and misery precisely because they don t know the numbers of migrants or the state budget and they are also mute about the millions of selfini if someone else had stolen them you are worse than the piddles you hate so much,0
user user shame on you there may also be other things in the clothes you throw away not only illegal traffic in italy which is criminal you put them at our expense natural life during imported diseases and bring us lislam they must prevent you from operating on italian soil,0
prisoners of the nomadic camp rome out of control video url,0
no more money for immigrants italy and italians deserve more highway catania palermo school ostuni user user,1
user they did well these foreigners who have taken all the places to let our young people play where do they come from from the scum,0
user user better this way now the immigrants will stay elsewhere and not from us like in starsburg,1
journalism in boldrini sauce censored the word clandestine,1
back book pride theme the foreigner in milan the fair with 200 independent publishers severino colombo writes url,0
user of reports when do the illegals have to end do you plan to put 100 million islamic pork faces in italy,1
user only helps the roms because they say the talians up to all rich and the niggers are poor,0
in pescara the ceiling falls during the lesson three boys in hospital and the priorities are the millions of immigrants italy in which hands you are in,1
based immigrants in italy enough,1
user user user user i live in rome i know better than you than the casamonica and all the roma living in the fields i have served the state and i know why i have experienced it in the first person who is a criminal ethnicity then there may be the case but most are so,1
user when you will all understand that muslims are invaded and must be left alone will be too late,1
user remano against italia find all the ways to sink us and let us invade first the gay muslims now this other story enough bssta,1
mattarella to fight unemployment is the first horizon of the common good and do we fight it by opening the horizon to masses of unemployed migrants,1
popular homes pd shame in tuscany new law to facilitate access to immigrants discriminated italians national riscatto they should the tuscan citizens to protest not to pay imu and ici since their money goes to immigrants url,1
user aren t heroes they didn t even know he was a terrorist x they were a thug like everyone else but it s not fair to attack them,0
the roms are victims of their culture of stealing the prejudices of the italians are linked to this let them start working white and black,0
original news signed the pact between libya and italy we will stop the flows of migrants url url,0
fidano says immigration you can t stop and i say what then do we get invaded do we regahliamo italy to whom do we have to expatriate soon we are 10 billion in the world that you do everything you give to everyone staseraitalia,0
zuccaro the magistrate legist mason excluded from his colleagues from the mafia investigations and forced to make himself noticed to attack ngos and poor immigrants,0
decreesalvini migrants and security approves by the yellowgreen government today is legality but is it justice user user user url,0
robbery in the villa in lanciano arrested three men they were ready to escape in the car looking for the boss they are never italians who make rapine furti etc only rumeni immigrati etc salvini and key and to reason a only answer all out and italy begains beautiful how and always been,1
a url tailed terrorist,0
turin the beautiful life of the queen of the roma at the expense of the city it has an immense heritage but it has managed to sell itself for nothing lieutenant enough to obtain 70 thousand euros of family allowances and then we must understand them and host them fuck url,1
how do i tame your clandestine,1
anxiche siutare our lilies to create family children and work d alema prodi ciampi have preferred to invest our taxes in blacks of 90kg convicts and split them x migrants without documents and with all the rights dgli italiani honesti there will be another nuremberg,1
what happened to torremaura is frightening to tread with such malice the bread intended for roma women and children is senseless it s not a protest but racial hatred blind and for no reason i never wanted to see this we ll do url,0
flexibility was negotiated for the migrant emergency when it was a real emergency and italy needed funds to deal with it then thanks to minniti the landings decreased dramatically exactly what doesn t salvini understand url,0
linetelenova let the girl know that economic migrants don t welcome themselves romeo,0
user before you let in dogs and pigs refugees yes but mostly economic migrants and delinquents and now you come and tell us to work together but this is a paradoxical joke first you provoke the damage and now you propose the solution what courage,1
the many paradoxes on the problem of migrants,0
user islam is approaching if it has not passed the murdering sect and bloodthirsty of the tughs it must be banned and banned throughout the west,1
user to the invasion of these animals and perhaps it is an offense to animals foreigners arriving in italy and only in italy,1
that suburban police station between garbage fires and nomadic url url fields italy,0
syria syrians partying at christmas in all syrian cities freed from terrorists but for the tg1 no celebrations empty churches and no feast the only thing that isn t your conscience christmas sirian syriavive url,0
the islamics can t stand peppa pig not me but for other reasons the islamics frankly would have also broken the balls,1
user user user good you said well a sinister sinister and also an anti semite like all islamics,1
islamics have martyrs in italy we have fools,1
from your side but is roma thinking we re all drunk and blind user,0
the lady needs immigrants because thanks to them she has her own armchair fuck on tuesday salvini,1
user candied mayor of milan takes someone like you who knows where to clean up the city from so much shit and then give the folk houses to the italians and the foreign abusers hunt them away marked area is now all islamic and in the folk houses idem,1
new yet another demonstration pro immigrants clandestini at milan radical chic vouchers immigrants unions coop onlus ong anpi with the queen of anti italians the boldrini as usual they only care about the business of the reception url,0
lonu who advises to lighten the sufferings of migrants caritas to belittle them and newspapers perform person_1 as person_1 drug abuser raped in a pack and then killed if you shut up we shout just beasts in italy,1
hoteliers in syracuse offer 47 migrants on board the sea watch accommodation and work with regular contract in the accommodation facilities in syracuse all that is denied to qualified sicilian workers the real shame is this url,0
the guardia di finanza arrests the mayor of riace symbol of the reception of migrants salvini told us that you took the 49 million ibico75,0
in my opinion the only thing to do was to use the 150 000 00 for the dismantling of the nomadic camp field between url,0
on la8 in clear there is rome besiktas in the world of the roma si,0
work and immigration dramas of yesterday and today,0
dear santa claus can you make the lefts disappear with the euro and immigrants,1
tonight on the agenda annual visit to the old whore in the cantino obtained from a roma field in the mirage of the impa url,0
muslims have to kill them since they were children condemned prof racist denounced by her url students,1
user trattatiroma gentiloni remembers eu importance even in difficult times such as gb attacks or immigration tragedy user,0
the eu writes in rome speak how much it spends for migrants renzi they open the wallet url,0
user user treccani romgeneral name for members of the nomadic population of gypsies synonyms,0
nomads locked up in pholonic grave heartbreaking sight of roman robbers behind a grate poor women like those they rob,0
italy celebrates the first national day for the victims of immigration url,0
salvini with the security of migrants they won t be smart if they try to hide the money with the dick we install them ladriarate,1
meloni speaks of hospitality talking about roma someone should inform you that they have almost all italian citizenship inmezzora,0
the produced welfare for immigrates is indecentive popular homes subsidies kindergartens baby bonuses income support is directed to foreigners and not to italians in difficulty this system is re launched my report to user url,0
humanity will submit to islam when the help of allah and victory comes and you will see the people entering into the religion of allah in mass glorify your lord koran 110 1 3 you can only buy it on url url,0
user you have tovinato italy sold to foreigners and with immigration mask of millionaire revenues from host associations you have replaced the italians thanks to the work that the new government is carrying out soon you will see the results,1
the buonists side in favor of the roma and believe in integration revolt anti rom in a neighborhood that already had its problems will they be able to integrate torremaura url,0
rt user lookingfornews the italy chinese republic died in rome stopped a 20 year old he is a nomad url,0
user it doesn t seem to me that nomads while living in the midst of the filthy have higher incidences of infant mortality,0
allam europe must ban islam or die user allam is convinced the only way to safeguard our civilization is to outlaw islam as it has been in the west for 1300 years url,1
you re gon na do it you re gon na do it you re gon na do it you re gon na do it you re gon na do it you re gon na do it you re gon na do it you re gon na do it you re gon na do it you re gon na do it you re gon na do it you re gon na do it you re gon na do it you re gon na do it you re gon na do it you re gon na do it you re gon na do it you re gon na do it,0
roma issue in rome rays bluff on the work plan url,0
the refugees of the happy decline now have to hope for growth to save themselves,0
the mayor s sign country invaded by immigrants and he humiliates them so look,1
from your fucking side princess or nomadic or banging like everyone else and nn in black user,0
user other illegals other muslims other deaths other magna magna of the calabrian mob capital crime skyrocketing,1
user dimaio refers to the jobsact and not to terrorism froidian lapsus no marattin you caught referring to the terrorism because the jobs act the malefi law on school immigration abolition art 18 etc etc only some was a criminal and terrorist policy,0
user user liberalism is an abstract concept which everyone wish only by hearing the concrete problem is immigrants niggers or eastern europe do we want to host them yes or no for me no i am clear and clear point,1
rome far west a corcolle policemen attacked by about thirty nomads republic vote no to stop the invasion ivotono,0
user basta migranti economici da accogliere stay showing the cases of the state italy and difficulty we are stuffs to see all the day without extracommunity with cuffies in the test the holidays are made with own moneys no over the spalls of italian contribuents,1
renzi do not throw away the money with the income of citizenship money should not be given to italians but to africans who arrive without documents among which there are terrorists trafficking assassins nothing being without art or part right mr renzi url,1
renzi do not throw away the money with the income of citizenship money should not be given to italians but to africans who arrive without documents among which there are terrorists trafficking assassins nothing being without art or part right mr renzi,1
not all muslims are terrorists but all terrorists are muslims,1
killed the 3 islamic terrorists i m happy with this charliehebdo jesuischarlie,1
user user the photos of the migrants of the sea watch speak clearly about who they are and what they will do in italy if these people become guilty of serious crimes these will all be on the conscience of count of the 5 stars and of all the left debosciati,1
user forza italia no to roma camp in roma nord url via user,0
salvini col stone the premier conte con la carota lega e m5s due face una sola medal i ve never seen anything petty hypocritical and false a fight against the poor decretosalvini decretosalvinimmerda salvinimmerda decreerazzista immigrants racism figo,0
salvini 90 thousand irregular migrants and the m5s in the government contract he wrote 500 thousand,0
user user user foreigners in order perhaps yes illegals in serious countries are considered citizens until proven otherwise,1
user user it happens that you get pissed off i feel bad when i hear the boldrini in the italian parliament to protect foreigners what do you want us to do we pay for it and it s against us,0
aleppolibera dai terroristifiloccidentali ritorna alla vita reaperto aeroporto url,0
migrants broke my balls whites blacks yellows reds browns stripes and squares men women olds and children who has to get their teeth treated who works who needs this and who needs that but what many italians need does someone care,0
gorino w the rebellion of families against expropriation of the rendezvous center to give it to refugees right we learn to defend italy,1
unemployment to the stars companies that close one after the other centers for immigrants full of young people to keep at the expense of taxpayers but the problem for the left is the selfie of salvini that eats nutella do you understand why people sent them home,0
have you been evicted go to the roma camp in a container 3 italian families humiliated at roma url do you still want them,0
news via di salone maxirissa in the nomadic field during the census corriere della sera url to keep updated rima,0
waiting in sicily 1 264 migrants user url,0
when resources start to give their frutts,0
user user 15 immigrants accompanied by 100 policemen and i pay,1
user user user user user user user user user user user user you won t want now you negar or feathered woman that the vision of serra made the pair with the renzi seller of engineers from us bad guys and cheap come sirs and those who blame migrants to lower the cost of work came user rulez user user user user user user user user user user user user user user user user user user user user user user user user user user user user user user user user user user user user user user user user user user user user user user user user user user user user user user user user user user user user user user user user user user user user user user user user user user user user user user user userer user user user user user user user user user user user user user user user user user user user user user user user user user user user user user user user user user user user user user user user user user user user user user user user user user user user user user user user,0
we re all strangers to someone else,0
roma group assaults a woman in the rome url subway,0
they know they re not gon na do anything to him we re gon na kick the roma out of italy with strength and pity,1
user user they can also demonstrate but why so much volgarity because then they never manifest for the rights of italians who are disappearing to make room for the rights of immigrants we are in italy not in africa primagliitaliani portichiusi stopinvasion noiussoli noiussoli,0
user muslims think that all other peoples are hated by god and that they are only important to them as people,1
don t say balls you are in 4 cats including the irregular migrants you paid there are more people at the bar under my house,0
we are nigerians and the bigliet does not pay it url,1
rome nomads 4500 in 9 equipped areas baldassarre work on crossing fields la barbuta and monachina url,0
islamviolence islamdiseducation islamprevarication integration and coexistence with islam islamic children are taught murder and strage as the inalienable right of their religion c xxo url,1
user we kick all muslims out of europe and we will no longer have terrorism in our home,1
user i don t take it alive now is fighting now i think it s the only thing to do stopinvasion stopislam,1
we defend our story no to uncontrolled immigration you sign the petition to say no to the global compact url url,0
thus britain has financed the moderate armed opposition of syria the terrorists with the human face url,0
user user salvini thinks about migrants when will these dealers happen less food and more concreteness,1
someone explains to the islamic family that you don t use cell phones at the movies and that we don t have to know about the urls,1
abusing nomadic camp at the fiumara 14 people live in barracks under the bridge url url,0
those who trampled on the bread last night at torremaura in addition shouting zingari you must starve made a sacrilegious gesture that torments the consciences of all of us roma rom url,0
welcome to cavenago where asylum seekers give new life to uncultivated url fields refugees refugees,0
user because violence is all the same but the story of violence is not if it rapes an italian is an isolated case if it rapes a somali is your excuse to say that all foreigners are rapists ask salvini why it is silent about the violence of italians to women,0
who has the misfortune of living near a roma camp has finished living collapse of the value of houses toxic burns day and night thefts violence degradation rejecting this disgust is razzial hate these then are like rats out of 70 well 33 are children torremaura stop invasion,1
even today saved 4000 muslims they will be our executioners soon stop to the invasion of islam is a beastly religion,1
the only way to integrate roma into our society is to force them to respect the rules and urls,0
user user turn frittate nn all islamic sn terrorists but it goes without saying that t sn islamic concordonn t sn invaded and activists,1
roma chinese dead no prison for roma who robbed her one is already free url user cvd,0
camp roma lombroso stopped truck with garbage reported three romanians news roma url,0
user user there are good regular immigrants who have a job and a family we also have the streets full of these dangerous subjects probably illegal that should be repatriated en masse just to protect those who have integrated,0
sanremo s boom is due to the fact that it s the only thing that s left until immigrants want to sing too,1
aguzzino of the refugee camp in libya recognized in milan in the center of via sammartini and arrested url,0
among the 117 migrants rescued on march 27 by the libyan coast guard even a child born 24 hours earlier the mother was forced to board the boat by traffickers the consequences of the ngo pullfactor alankurdi di user url,0
when it comes to immigration the majority are barricaded to defend the borders when the topic is business and protects from the international market everything goes into cavalry from user and cdx there is no protection of the entrepreneurial fabric and typical of the territory user url,0
theft in the emergency room cell phone found at the url nomadic camp,0
shame on rome for three families of evicted italians there is only the rom url camp,0
user of course i m a voucher save the x immigrants to exploit them in the cotton fields next week i ll jump to new orleans see if they have new beasts,1
user user for me all these definitions are the equivalence of garbage from the roma to the magistrates,1
the refugee children of gorino all invented left wing bullshit to make propaganda tg24news url,0
lulic are a roma can you be a racist put diesel on the dinghy,1
roma politi la raggi thinks of roma and vegans and forgets families and peripheries url url,0
user user who pays enough with the bullshit that 1 refugee saves 3 000 in countries where the salary is 70 month,1
the meter controller who heavily insults an immigrant because he doesn t have a ticket and if he wasn t url,0
user user user germany should ask italy for damages for introducing the terrorist into the schenghen space,0
no of the mayor at the exhibition on roma and sinti nomadic deportees canavesenews url,0
papamilano2017 embraces the islamics a fatal embrace that destroys 2000 years of history christian it is opening the doors at the end,1
no racism 80 years later school is inclusive remembering is better than forgetting jewish boys and teachers of the italian school were driven out,0
via di salone maxirissa in the nomadic field during the census corriere della sera url url,0
user user but between the glass designs and the roma fields on the edge of the railroad i hope they decide to give him the decor he deserves,0
enough they started to break the dick with the crucifix that disturbed the sight i hope the lawyer died of hunger they should have put it in him migrants 1150 month masters at our house without doing a dick guadate the bedouins account asia bibi,1
user flavia perina ilham and the other italians in life foreigners for bureaucracy and for pavid politics i city world,0
user in italy we have a theft per minute many times with connected free violence on the elderly ns gentaglia rom violent impunity,0
user redistribution of migrants at home africa is so big just keep fake refugees stop invasion,1
news italy the marriage with unitaliana doesn t save from the immigrant spout that makes a robbery you url,0
forbidden to write lesbian or muslim on the nutella i understand lesbian but muslim is good or maybe you could exchange for,1
il giornale the terrorist s funeral at the expense of the city the mayor i won t pay url milano,0
usa tear gas on migrants on the border also against women and children and some reporters last time url url,0
do you remember palletta ex campo rom by stacchini tivoli terme roma become blind due to lack of url,0
user i would like to see how much of this violence and of italians and how much of illegal immigrants,0
seawatch3 migrants syracuse user user take the anchor off those criminals and get them away the weather is over get that ship away from syracuse,1
japan everyone has a job because there are no url immigrants,0
the sensation is that of an incombent malanno that is going to conclamate the danger in italy of a golp ordered by magistratura pd and others press vatican tv and back but not celated the man of italian islam supported by europe and arab countries,0
user the problem for those who rule is refusing to look into reality you need to know to decide yes to structural projects no to alms la7 clean square user somalland migrants africa,0
room i will return to migrants the rights removed from milan the new left,0
niger the result of the anti migrant agreements increase the travel prices of the url hope,0
vergogna user those two guys should be rewarded they just did what everyone would like to do lidl rom url,1
sea watch lega and m5s split on migrants pope s appeal to european leaders,0
seek this idiot urgently to tell her how stupid she is thanks stopislam stopinvasion url,1
solution for the reimbursement we load all the immigrants on flights charter we override the islamic countries example of superior civilization and launch them with parachute efficiency at low cost diciotti,1
what a beautiful europe not only leaves us alone in the face of the tragedy of migrants forcing us to be indebted to save them and assist them thanks,0
user user is simply a comparison they use for convenience they are people with short memories forget how bad it is how many dead people suffer from islam and if they had suffered an attack they would be very quiet they do the good with those who hate us this is the shit,1
by january 31 will be ready the plan of the municipality to clear the largest camp in the city and give the case to the rom roman content,0
i have seen that boldrina has also fallen among the useful idiots of nonunadimeno from tomorrow she will continue to dedicate herself to the destruction of the country through wild immigration of afro islamic beasts that women rape beat kill infibulan etc noglobalcompact,1
user user all foreign immigrants carry contagious disease viruses they don t die we have to destroy all,1
count with juncker i speak only for reforms it takes time and on migrants pressing global compact if pass the no i would be hurt user of good for better,0
brothers of italy cortona we cut the immigration business immigration hides a business url,0
via di salone maxirissa in the nomadic field during the url census,0
all muslims islam nn is european x converse nn are and nn will never be european let s imagine italians url,1
what do you think matteo,1
user user user no you need to make children x defeat islam just don t let it enter our country,1
christmas is the feast reminiscent of a jewish child and his family foreigners away from home his mother forced to give birth in a stable because for them there is no place our hipocrisia egoista is not only an act of racism but the worst of bestemmie url,0
gypsies the great fear part 6 roma emergency in milan url via user,1
user is it possible that you have to go to the facts to make everyone understand that we are tired of being caught up in the ass and the wallet i don t want to give a euro to migrants illegals roma and scum varied,1
user welcoming means maintaining remove to those who have worked and give to those who dont even know what the job is and also deal in front of unpunished schools and stations stop immigration now,1
user and they also put on immigrants yellow vests endless shame anti italians sure that immigrants do not want the decree they want to continue dealing stealing attack continuing to be untouchable protected by the pd as before,1
you broke your soul with the pitiful history of the needy migrants and that only 300 are there then another 300 and more and more in 10 years of piddy shit governments we welcomed thousands of them why don t you go up to the openarms and go to africa forever,1
medical compensation for the g8 salvini s money to save migrants,0
i remember last winter they stole from my aunt s house and for a week i was terrified that they could even come in,0
when they have finished islamizing sweden i will open the amarone that i keep for the best occasions they have established that islamic terrorists have more rights than jewish fellow citizens and that democracy in the hands of these inepts is a suicide url,1
nomadic field controls via germagnano torino the work of the state police url url,0
user user user floris at user said starting from the diciotti eritreans but extending to foreigners in italy that those who are inevitably poor delinque point he didn t say that he does it anymore than the mafioso camorristi or other categories the problem is right here in the proposed equation,0
theanswer that today we give to the vouchers who send money to the sly immigrants who at lodi demand the cafeteria without paying it is in this question where are you when the italians are in trouble,1
maybe i m the victim of a prejudice against the roma too but from the story of torremaura the only ones that make money are the arsonists of politics those who are only good at setting fires and who have never found a solution the others all the others are only victims,0
you re gon na get you re gon na shut the pots and treat like immigrants you re gon na see bancomat you re gon na see our people and you re not gon na talk about the rest the real people are gon na be sober and they re gon na be useless to your fortresses,0
user user no on the job that the state has to guarantee otherwise it has to grant a min grant for a dignified life to its citizens but x now guarantees it only to immigrants it emigrates you and everyone like you,1
user user dona a cock to lobbydeicamper since it vibrates naturally and a pig to islamics you ll see that they like it,0
it is possible that no one has understood how reservations are made on the ong ferries by hulls slavers who warn them so that they are in the right place at the right time for the fishing of the so called refugees migrants porticlose bastaongcomplici a staseraitalia,1
it s now ethnic substitution in tuscany incentives to italians to leave while we keep foreigners at 35 euros a day we re at the oscar of the ridiculous url,1
merkel s allies want to send migrants back to africa url url,0
ministro user this english michele attacotti user dorme in machine and the people s houses are awarded to the foreigners the right fees please help it thanks primaglitaliani url,0
police eviction to an italian family immigrants instead food and accommodation url,0
lastimenotices news news the photos of the raid that led to the arrest of the terrorist of the url new year s massacre,0
stop the clearing of the roma camp in via germagnano appeal to the european court url cronaca torino piemonte,0
user user user the fact is that you broke your dick with 47 migrants with headphones and smartphones you are ridiculous and the same as the old politicians so destined to disappear enough,0
user imagine if she won the election and became president thanks to the king of morocco she let invade usa by muslimia,1
user and you still talk you have delivered italy allislam you have sold the nation has not yet gone lock you in the toilet,1
user who asked you to withdraw deliveries in front of libya who continues to provide funding in addition to user voluntarily put migrants in a danger situation,0
if all migrants and roma return home,1
milan police arrest robbers roma and clear their camper people applaud url,0
user user yes they are all selfless and welcoming with migrants of others,0
blitz to the nomadic camp of favorita palermite reporter threatened with death url url,0
user the existential problem of the left is the fake global warming as the ozone hole and the millenium bug were faked islamic terrorism immigrant invasion demographic decline economy crushed by chinese slaves are absolutely not a problem and we sink,0
barletta roma field transfer forza italia critica more attention to roma than to url citizens,0
zurich found dead the alleged author of the shooting in the islamic center url via url,0
rome started iter to pass fields rom user first signal change course url,0
rome chinese dead from today the reclamation in the roma camp residents rays come to see the messenger url rome,0
do you prefer to continue arriving fiumi of muslim immigrants who are everything but lay people and transform the state at the critical threshold,1
poor and confused the commitment of the new capitoline administration to overcome the field system rom url,0
maximum condivision this is that is about to be evicted from his home by a member of the sinistri to make way for illegal immigrants note the red bandana ventilated by the communist pidiota user intervenga robadamatti url,1
user was wrong to describe italy as a corridor of terrorists but on the expulsion of irregular migrants who commit crimes,0
restaurant lady sitting next to s all these immigrants who come to our house i ma am from her accent she is not from milan s no i m from caserta why i why then go back to your home that milan is my home and here i don t want you il gelo fine facciaamoete,0
frosinone station even here inps pd with migrants resources they raised the economy of the country and sleep and live in the sprar while the italians pay food and lodging roma naples everywhere always the same music salvinonmollar url,1
from greece to italy in a cold cell discovered loaded with four foreigners news bari url,0
well already one who shows up dressed like this to represent not only her own nation but also the eu should be kicked out in the butt so much to begin but if this is for illegal immigration please that she also makes available home his and money his translated with google translate,1
at the mercy of 800 thousand refugees and pm,1
user user menephregism in italy spreads who is well well who is sick bad you talk too much and you write too much you do little craps of fake refugees receive everything without doing a dick it is italians do not receive a dick they owe it and they paid taxes is away below,1
avramopoulos excellent minniti plan on migrants url,0
thanks to poor migrants who now does not live anymore damn you on the left who have allowed the uncontrolled entry of clandestine criminals you must extinguish url,1
and it doesn t work bolids without insurance the kidnapping of sinti url families takes place,1
sassaiola to the roma camp to prevent the arrest of the relative 4 policemen injured and nomads on the run let s clean up italy url,1
user these are terrorists they have nothing to do with islam they use islam to do their own interests we hope these beasts,1
user sponsorizzi i mussulmani and then you give the rights to women you see that you are able to stand by the devil you are bugiarda boldrina you can only protect then you ask why the real italian hates you because you are a hypocrita sporca,0
some people like the islamic stupper more than the story islam amri url,1
what the fuck are 2 migrants clandestine from bangladesh doing here someone explains it to me what are they going to do now anti tyrolean vaccinations to all the citizens of campania why four pd assholes decided years ago to import slaves on behalf of capital,1
while many westerners applaud greta and the pope invites us to let half islam into italy in sri lanka our brothers wish us in their way the happy easter a beautiful easter massacre is not denied to anyone peace dialogue bridges not walls url,1
tosi in cerca di visibilit i bambini destinate alle rom e nn in responsabile alla comunit,0
germany that cultural enrichment these migrants nothing to say keep making ostriches tomorrow your women your teenage children young children could be raped assaulted massacred url,1
user user chi jubilates in good faith did not understand anything unfortunately i think the most are not in good faith migrants are a big business and those who have wanted them so far do not want to lose this gain,0
the new terrorists desecrators accountants of heads listening to the art and sports festival url via user,0
pl informs some useful information also for foreign residents in the territory of pmterredargin bravi user,0
against the immigration dl all the usual casualties that the illegals would have wanted to vote for them remember the primaries of the pd renzi overwhelmed them thanks to entire black buses caught voting for him with the jus solo the pdiotes wanted to drug the elections url,1
the libyan mess comes in handy for some oil magic keep talking about the migrant emergency user report,0
the 33 people awarded by mattarella because example of civilization no one who has defended a woman from the harassment of a nigerian or a chief trainman from the beatings of a clandestine or foiled the mugging of a roma pseudovalues always overwhelmed the goodnesses url,0
user sin x almost i propose to boldrini to take a nice farm where to take all the fake migrants who want so as to satisfy all their customs and customs,1
86 8 of the migrants who have arrived in italy work and integrated themselves are afraid that in the new arrivals there are dangerous people that s why the pd never understood anything even if martina is saying the opposite,0
that s why i m with israel palestinese islamic terrorist preparation attented in sardinia and now out of the fucks back to palestina piece of shit,1
he withdraws his pension alms to a nomad and goes to the bar from the pockets he disappears 1000 euros,0
user never user always supported by user cares about the italian people all pro clandestine roma iussoli,0
user everyone speak together you look like galline education you have not less roms are like this,1
islam hate sect oppression abuse violence death formalize its illegality in the west url,1
ever tg and the newspaper talk about this umpteenth slut made by immigrants sanremo secret and raped for months the young woman kidnapped by six immigrants tied to bed and raped in turn for two months then sold to other customers url,1
user user he also prostitutes himself to roma as well as african invaders,1
milan picks up an old woman in the center roma arrested by a carabiniere out of service url,0
if there are christian familys that are responsive to the immigrated problem make it present to one s vision and ask for permission to keep one or two of them or a family and not to adopt it with caritas amen,0
user they must be taken into therapy they are fixed they must be helped these c or mayors by whom they were voted because they voted them when they did the election campaign they showed up saying they wanted to fill the cities with immigrants and that s it,0
rapina villa lanciano potesi band guidated to be foggiano associated with stranieri url abruzzo,0
secessionists pm brescia asks 34 referrals to trial for terrorism the newspaper fact brescia url,0
ionian sea applause to lampedusa for the landing of migrants seized ship,0
salvini immigration and racism don roberto you don t know how many salvini streetwalkers there are journal of como url,0
user i don t think so better than the moral abyss of the roma of their thefts their uselessness ignorance and hoods,0
sea watch and the one legged migrant s landing may she fulfill her dreams,0
user user user more bullshit but excuse me where did you study history islam response to roman domination,0
for the ius soli pushes the black soul of politics that goes from mafia capital to radical islamism url,0
emotion in ceraso 13 small migrants become honorary citizens don ciotti other municipalities follow the example,0
rome closes abusive mosques and muslims protest by praying in front of the colosseum do we have powerful hydrants url,1
terrorists polemics useless send all muslims from where they came from and we don t have more terrorists,1
but if this one goes to the mussulmans who talk shit about doing natala and then which are the values that he says the rape the dust the whistle and squirt you see where cock you want to go that for these animals our ports and the confini are closed that wants the people url,1
unbelievable statements of a roma url we have also come to discuss the right to property thank you sinistra,1
5 stars either take a stand on immigration rom or lose votes to gog url,0
need to interview this from the number is being dangerous kyenge europe needs at least 50 million url immigrants,0
also in enna supernumber of url immigrants,0
solidarity with germany for the attack of berlin united against terrorism user,0
but you can t raze the roma fields to the ground with the ruspa they said but you can t close the ports they said strong people do things weak people like the left who ruled us act only when supported by financial or political masters in the eu,1
user user user enough migrants you and bergoglio bergoglio and the migrants since they are well away from me i always speak for migrants,1
piazzapulita for me every speech is useless every reasoning a waste of time i don t want it anymore from today i ll just say that the immigrants have broken my dick not only the clandestines but all the immigrants and all the pro immigrants you broke my dick,1
first the italians but those of the social centers suck the murgia must be put to the pillage the educators who work with the migrants can lose the job the people are the shareholder of this government then tell it first the leghisti and the crickets other than italians,0
landed in niamey niger where i will shortly meet the president of the republic issoufou mahamadou immediately after i will visit some structures of the united nations that collaborate with italy and the eu in the management of migratory phenomenon and in the fight against terrorism url,0
the only way to restore security to the west is to expel muslims islam is absolutely incompatible with our system of life,1
the idea of the five stars in rome a free tax area for the roma url forzasilvio consilvio forzaitalia,0
m5s free condoms for migrants and asylum seekers i believe that for a thousand reasons they should be given free of charge to everyone with particular regard to idiots and fascists so that they do not reproduce,0
trump steel hammered at the islamics use armored and new also url,0
libya lots of useless words we must detach now and destroy all terrorists,1
user user italic leftists only care about muslims and africans to continue their stupid and suicidal propaganda if they are interested in a poor idolized and weak christian persecuted girl they then believe in islam peace religion don t they,1
user no already the expression these goddamn drug dealers is racist because you are referring to them immigrants as if they did not exist even italians dealing down with the vision of the italian threatened by the foreigner,0
user user no to noglobalcompactformigration because it fills us up and makes us invade without any restraint by all the migrants of the whole world that would make useless the decreesecurity of user user and government of change you absolutely don t have to sign it,1
user is worth the priority italians are migrants since the time of magna grecia they have been waiting for centuries,0
they are violent have no education and are racist immediate return other than football match marche 17 year old referee kicked by the url immigrant team via user,1
user user user also because i give you a tip more than half of the roma sn or italians or european citizens,0
zuckerberg and the big silicon valley against trump s ban among us refugees and immigrants startup bandi url,0
enough we are sick of immigrants neighborhood in revolt after yet another harassment on 2 italian urls,1
user the roma are all european citizens and a good italian part you can t expel them i am perfectly aware of the crimes you say but the situation doesn t resolve with hatred,0
user there is no one in italy who wants a rom field near home please instead of infamous those who want to come forward and guests at least one at home please don t turn the problem telling me to help the earthquake victims because i already did my possible,0
request for ama people who volunteered in a roma field url,0
user small groups scattered all over italy of immigrants will create small outbreaks to kill us all paris has demonstrated it,1
england warns italy hundreds of isis terrorists are url,0
user in jail at their homeland is quiet that would be a good deterrent only in italy do their dirty comfortable without being punished no more foreign thugs in italian prisons user can you,1
immigration and league they do not want to change dublin they do not ask the countries of the east to take more migrants they do not bring a text of proposals on immigration to salzburg,0
integration denied if you immigrated no house for rent in turin url,0
belpietro on 4 makes a transmission that terrorizes all the italians and salvini idem as we want him to react url,0
rome mafia capital roma field contracts 13 in url judgment,0
children can not be defined as such roma all saints instead eh white black,0
user marenostrum porta d islam cpt porta deiterroristi centrosociale army deiclandestini leganordpassword della legalit,1
user user according to me the rakes are right but you will need to do a census of these immigrants and not irregulars must return to their home immediatly those who do not work and those who have not found a legal accommodation in italy do not have to stay there,1
the problem is that these islamics put an imaginary friend in front of the lives of other people who suck charlieebdo paris,1
in leuropa those who do not respect minorities lunger with the roma spagna with the catalans the baltic countries with the russians to the posterity arduous sentence,0
user four poor refugees including a minor nn accompanied in italy compliance with immigration rules is an option isn t it,0
from the site all crimes of immigrants point com to the face of xenophobia url,1
in italy the housing segregation of roma continues not only are illegal evictions recorded but the authorities pro url,0
migrants cirielli thanks to salvini for visiting naples now certain times about expulsion immigrants and criminals url,0
salvini will soon be in naples and morning says clandestini away then it will be for those who are dangerous url 15november migrants delinquency toleranzazero,0
user migrants with passport and work it says well this german non parasitic medium maintained by the luxembourgers,1
via andrea doria new police raid at the street market of roma photos news roma url,0
moving roma doesn t solve anything those who aren t integrated those who don t have a job must be driven out not kept with public money dear rays think of the needy italian people who are going through dumpsters do it url,1
refugee protest in rome give us a home now mafia capital url,0
in rome tendopoli roma with a view of the colosseum url via user,0
url chinese student died in rome condemned the two nomads who robbed her ansa news,0
user user user user user user make an agreement with any african country and send there all the afro islamics that their countries don t want it s crazy to keep foreign criminals in the house around,1
firenze led by the pd killed1senegalese the community unleashes panicincity funeral targa and repatriation 40 thousand euros in compensation 2 months later duccio italiano killed by rom del poderaccio the forgotten family awaits justice and now come and talk about racism,1
watch out for the gay islamic singer a fiction makes france and israel quarrel,0
italians on the street at 20 they here the villa of the cincento to immigrants gardens luxury and luxury here are the photos,1
treviso shoots and wounds a nomadic thief in the head now the vigilante is accused of attempted murder url,0
user from illegal immigration and their idiocy forward all and if we really have to deviate go right,0
roma children and school a ruspa can not break down our url constitution,0
news memory day those minor roma killed and forgotten,0
i wish the slut in the studio to receive the visit to his house of clandestine roma thieves and then we ll see if he thinks the same tagadala7,1
user matteo salvini of bad took the personal guadagno away from those who helped immigrants with the money of others not with their own,0
primariepd ready for the conscription of nomads and immigrants let the farce begin,0
22 year old raped repeatedly in a stable occupied by immigrants in ancona the umpteenth case that reminds us of the tragedy of the little it is time to put an end to these events stop free zones and tolerance zero who is silent accomplice,1
who knows why only in italy migrants in spain and greece not even x tourism but is it written in the new will that all in italy,1
taken after eight shots the gang of children thieves of a family of nomads url,0
fighting the unbelievers moroccan terrorist now wants to return to italy url,0
lumma that is the brotherhood of islam is a joke the gulf states alone could save the palestinians from the genocide of israel in 10 minutes for 30 years petrol islamic swine have given a shit about the genocide in gaza indonesia pakistan turkey they lick nato and wall st url,1
rome find stolen motorbikes in the roma field the local police find stolen motorbikes in the url,0
italy the terrifying truth about the nigerian mafia the guilt of the government that can no longer be tolerated,1
the caliph was not defeated puntland militias of the islamic state take control of the city of candal url,0
tuscany 19 years old makes oil i collected with effort i found no people luck that in chianciano the cooperative hired the african refugees now with the decree who knows what happens too bad x why here they are integrated the work there the italians do not know how to work so well,0
rome kidnapped treasure from 30 million to 5 roma families rome kidnapped treasure from 30 million to 5 url,0
politica la ue di m italia discriminates against migrants are far from us the italians discriminated pezzi di m url,0
user user it will not do any good if you let us invade by 200 million africans humanitarian rights to refugees and the humanitarian rights of italians to live safely in the country where they were born who thinks about it,1
indiscriminate immigration leads to islamisation,1
user user ah according to you all those who arrive are refugees i m afraid of the facts i m sorry to disintegrate you,0
aquarius with 58 migrants on board launches alarm time and waves of 5 meters we need a safe harbor url url,0
user user user unfortunately generalizing is believing in the possible coexistence nowhere in the world muslims tolerate people of other religions and muslims in italy have shown that they are not different,1
islam will be the largest religion in the world by 2070 and will be muslim 10 of the european population url,0
8 april day of the roms then we also do the day of the crabs cockroaches mice and other parasites,0
user while here you want to land them in germany the same ask wives to merkel by baptist naively would like to welcome them but then others 47 47 47 47 no dibba this can not be the solution let s stay united no migrants no islamization,1
user i sx want muslims and that individual berlusconi professes to be a friend of the integralist erdogan,1
user all politicians steal steal and steal the fornero stole 10 000 euros from my father but enough with licking immigrants dangling all day with expensive mobile phones and cigarettes and for boredom they rape or steal do you want your son to know christmas or not,1
user 100 dead in the terrorist attack 100 terrorists executed are not yet at optimal 1 10 but we are on track,1
the minding rom that milks the only case of false beggar roma in particular are professionals of this scam let s not let these subjects pity us url,1
molotov on migrant center with the aggression of boredom and racial hatred cc melons salvini but i don t want to give him too much visibility url,0
only in italy happens these things but for roma and boats they give all shame url,0
music and words for the monument to the memory of the roma and sinti victims of nazism initiative in rome by zazie in metr next 2 october at 21 rom sinti samudaripen musica 2october url,0
france decathlon succumbs to protests and threats withdrawn the islamic race veil,0
user just ask tomorrow army in the street still x all u migrants who did not in order brought immediately to explosion centers then c130j and away to but their home,1
crpiemonte monicacerutti there is no involvement of the region it is established table to raise awareness of the roma population and synti o,0
i just published when immigrants are us urls,0
mimmolucano mayor of riace paladin of the reception has been arrested for aiding illegal immigration and fraudulent direct trust of the service for the collection of waste we await the comment of his dear friend of robertosaviano url,0
the anti terrorism prosecutor s alarm italy is overexposed url url,0
user in the areas around bologna we are vexed by organized roma specialized in thefts that raging everything that happens truth,0
in brussels i didn t feel in europe you speak arabic the taxi driver tried to convert me on islam tribal practice to which we gave a religious license url,1
it is said that young italians should have more space and then you buy foreigners urls,0
user i know roma well having served in the weapon the problem is not them but who allows them all this,0
the pidioti of the left try to recover ground on the electoral plane and of the consent in italy defending the alleged rights of illegal foreigners and fucking the problems of the poor and unemployed italians they have chosen to disappear altogether user,0
user whether or not you like this is the truth of muslims even integrated if they give you order in the name url,1
the realm of immigrants and no global here is the antechamber of hell,1
in slovenia they found that illegal immigrants receive prepaid cards so that they can finance their arrival in europe these cards are delivered to them by the three biggest enemies of europeans the eu the un and the inevitable george soros url,0
no it s not salvini who gave the order but when you keep spreading lies and poisons about immigration there are urls,0
redistribute as cows of illegal immigrants people who hide documents and lie to the state they have to go to jail they and the crew that favored them and the seawatch requisita we owe it to the earthquakes still without money while the state pays delinquents,1
i was recently in colle oppio and it was humiliating to see immigrants of various kinds bivouac there and do their urls,0
user to make you africans and muslims and foreigners feel at home us italians lingottomarzo17 user,1
user welcome to italy,0
8 march a i z o romni we celebrate the first ten years of the roma women who are part of our association,0
at lariachetriala7 user tells us again that immigration has failed because we have not accepted redistribution speak to eu,0
user user eh already in the end it s better here barbed wire charged with police to dirty and bad migrants,1
operation abiad against terrorism illegal immigration and smuggling,0
the death that speaks never have to speak they won t want to integrate and see their indivile behaviours merd url,1
here radio london three arrests in northern italy recruited jihadist terrorists the url url,0
check out this article france controls robs and impoverishes 14 african states url,0
floris spineless presenter you should talk investigate deunciate all day of the immigrants injected in italy tuesday,1
retweeted news rome user the messenger rome a woman found dead in the roma camp of via salviati url,0
user capitan salvini if your voters get pissed off they ll kick you in the backs and make you end up like popes and communists but why do you let a minister of yours get involved in collecting migrants in the libyan sea url,0
alfano says that this is not italy because we do not want immigrants and you who do not want to reduce your salaries are beautiful people,0
one of the most important religious celebrations where you should meditate repent and purify yourself transformed into a pro migrant show some ready to cut our heads off as we will be unfaithful and others to be kept at our expense,1
user maybe it s better to review the policies that s what became italy thanks to the resources of immigrants url,0
invaded by immigrants there is only one possibility left general jean s drastic idea to save italy,1
for the forty years of the islamic revolution iran heads the missile that can strike europe,0
the migrant s burning with seven identities burns a house and kills two women,1
francesco rocca president of the red cross from the earthquake emergency to the management of migrants url,0
roberto fico how long ago migrants are not sacks of potatoes people should always be saved and landed user li consider sacks of potatoes the scafisti and various ngos we can t let everyone in the earthquakes are still in the cold,0
from the roman camp of castel romano to the capital to steal portfolios arrest two women on the way url,0
italy also this year the ministry of foreign affairs has launched scholarship to foreign students and url,0
it is necessary to indicate how to transform acceptance of migrants into real opportunities for the future of itali url,0
the phiots to repeat the place engage all the clandestian african migrants in italy cosi pdioti clandestini 69 people wanting big cocks like the boss cocks renzi wm5s w new government,1
here is turin a city that seems to be in a powder keg between gypsy islam and clandestine staseraitalia,1
latina morra salvini in commission antimafia on the table the alleged ties between the league and the roma clan di silvio,0
if foreigners delinquents if italians drunken to girlfriend and in prize there is no medal of salvini it s the italietta legastellata,0
user the barricades must do against renzi by voting no also to the invasion of islamic blacks many young males fancazzisti,1
foreign children occupy swings long live someone still enjoys it and hands off the carefreeness of children,0
attack on quebec city mosque caught the two terrorists one is arab url url,0
user user think about italy instead of defending muslims who are our enemies,1
it news roma roma hits a sheep with a ball roma child blinded by a shepherd il messaggero url roma,0
user this is disgusting and disgusting twitter suspended my account because i wrote that the koran approves sex with girls,1
user user user user i will always be grateful if only for the rtweet i hate even those christians who pretend nothing x defend regardless of indefensible garbage just because it is christian if you shoot at islam you have rt insured if you do it on their religion all mute,0
rome on the subway the passengers rebel to a rom that tries to snatch they make it go down very right we start to say ours and to make us respect we are not italians the guests it is our nation url,1
first he sends me the immigration office to the hotel and now he thanks me for my sentence in italian coherent as sa url,0
the pope wands the sovereignists nations are made by migrants,0
if the workers party turns you into force spread and force immigrants then it ends up like this url,0
user user user live in rome and i saw the municipal and abusive roma camps,0
salvini at 8 30 p m to from your side network 4 to talk about security rom and immigration there will also be cecchi paone cheer,0
user user user user user user it isn t true actually they take away the concession because the international proceedings regarding immigrants have been ignored here is the article in panama newspapers url,0
user is very important who lives in the cities immigration is a problem x everyone but you need uncommunicated initiatives,0
rome fidene senior refuses advances of a roma and she robs it url,0
user user user user is not true it is added value to set up islamic bipeds,1
user user user user user with his shitty programs continue his fight pro migrant lick ass of the international establishment and ass licking of the pd when will they realize that the parcel is over stopinvasion,1
economic refugees all mega leaders of the pd the job to a refugee costs 280 000 euros like a rolls royce url,0
italy park in the heart of milan hostage of violent migrants url,0
salvini limiting landings and increasing expulsions by resolving the problem of illegal immigration will give me more time to fight the real cancer of our country mafia ndrangheta and camorra witalia,0
salvini not to loosen the pseudo left if he makes a reason for it my grandfather defended the country by hunting the invaders illegal illegali migrants are invaders and as such they must be rejected territorial sovereignty was valid then and valid today,1
napoli migrant threat or delete this decree or we will delete salvini url,0
they flee in the car after a theft roma 17enni chased and then blocked url user,0
gorino goro maybe at christmas this year make the tree even in the santafamiglia were refugees italianibravagente user,0
di maio challenges salvini let s clear out those who have no right from roma to casapound,0
demagistris keeps thinking about migrants and saviors,0
via crucis at the colosseum meditations challenge closed ports and migrant lagers they are the new calvaries,0
when dealing with ignorant worse than goats let s make islam illegal and that it s over url,1
pd manager proposes to repopulate our schools with refugees now they think only of our support,0
lampedusa the memory of the massacre of migrants of 3 october 2013 citizenship is universal url,0
student beaten by the former in bari garrison of solidarity for migrants everything more difficult,0
weapons of nato countries especially amerikane you find in east aleppo who funds terrorist monsters nonato url,0
we must defend our churches even if europe invites us to welcome immigrants when the same ones attend to our traditions culture and religion without it without but quick rempatry before they take insane muslim habits out of control,1
user bravissima now it would be appropriate to focus on the shameful law on so called unaccompanied minors practically a migrant who declares his being a minor becomes a sacred cow with much more protection and resources destined than any italian,1
for the cialtroni pd and ue 36 euro per day for every migrant in the hotel are sacred social pensions for parents over 65 of migrants are sacrosanct pensions and redditodicittadinanza for italians instead are welfare razzisti and enemies of italy,1
user culone just thinks about filling us with muslims and islam crooks and delinquents will the papato be traveled to africa,1
user who is like on the contrary that all muslims are terrorists generalizations to the dick,1
first the guests must comply with the approval of the guests according to the laws they are valid for all flash mob in lodi against the racist shame of the school cafeteria foreclosed to the children of immigrants url,0
8 march in milan women on strike with lgbt and migrants united in the ideal community,0
my neighbor often goes to france she says that our border is forced to preside over our border 24h24 because the french pz to unload illegal immigrants in italy have invented another one they dress in bourgeois and continue to dump immigrants user,0
leolucaorlandocascio not only married islam he is now on the side of the criminals you have to keep it until the end of the mandate in palermo orlando protects the rights of criminals and not the italians url,1
user user user user but in fact the roma camp arose in september and x one who wanted to change everything could start,0
odyssey runners marsicans robbed at the roma ostia they reach roma camp but are surrounded url,0
114 women killed in italy in 2017 44 in the first six months of 2018 he killed in the family by their men often killed with their children it is not the migrant the threat but the violent rampant reaction against the weakest in society understand if you love your women,0
numerous migrants in salve meeting in the prefecture with the delegation of forza italia url lecce news,0
stop saying negative things against islam the religion founded by mahomet is peace love and tolerance towards other religions url,0
user user user has something to do with islam,0
user user user compare phenomenon of migrants transported from subsaharan countries to url,0
user collective reading of the names of 34 361 migrants who died in the mediterranean spettacolo potenti mezzi have all the names now maybe you can find also the isee certifications of the migratis families who eat at sbafo in the schools of lodi,1
stefaniapucciarelli fresh storage for putting i like the forni option for migrants waiting for popular housing has become president commission protects human rights black humour theirs not mine and what a laugh,0
it would take an atomic bomb to blow up the libia syria and all the terrorists,1
user the two nomadic ladies but if you go to shit you and all those mountains of sweaty ticks and parasites cm you,1
crotone egyptian arrest wanted for drugs fight between foreigners and men of the flying squad arrest url,0
the victim is resident in the germaneto district of the capital and is an exponent of the roma community already known url,0
brigitte bardot writes to bergoglio strange you favor islamic immigration url,0
racist and discriminatory rentals in rome the re lion real estate services does not rent to foreigners url relion servicesimmobiliari location apartments vialeoneiv attendancestrangers rome url,0
rome 65 suspects of casapound and forza nuova for racial hatred against the roma of torre maura,0
the noisy m5s correlation between refugee landings and countries adopting the cfa the franc of former french colonies is simply a hoax url point,0
user user other than islam or christianity a c we must also listen to the ignorant islam is only one,0
user user beautiful figure of the merlin friend of the roms foment on tv attacks on the rays shame it is not the fault of the roms but of the rays congratulations to you,0
austis a small village in sardinia closes the only school because there are no more children and the region in the old premises raises a sprar center for immigrant minors to form at work for a cost of 425 700 00 euros but where the fuck we want to go,1
only in basilicata immigrants live better than italian citizens a little racism would do well noimmigrants,1
user more than in siberia i would send them on a boat to make migrants from business class as they say,1
in lazio and in particular in rome live as many as 5721 roma in the 20 formal shantytowns url,0
not only tourists foreigners love italy 1st meta eu 2nd destination in the world surpassed only by gohawaii for url rt f,0
piazzapulita we now move on to islamic propaganda where are the feminists in a few years the sharia will come into force,1
european salvini today true danger is islamic terrorism not the return of fascism nazism or communism,0
user anything is going to ruin in italy foreigners have more rights than us,1
an important tip on the law on non companyed minerals that can t be considered irregular age sleep to see and return to 14 years user user url,0
rome the carabinieri discover a group of nomadic thieves on the fact to celius during the looting of a van url,0
yes this must be done foreign criminals must serve their country the penalty in romania then i know that they are much harder than we are this is the right way,0
charliehebdo philo islamic fanatics muhammad is worth nothing compared to the tip of a pencil,1
in messina the ship aquarius with 292 migrants enough on this cursed aquarius,1
tito boeri to overcome fornero salvini would need the billions of contributions from migrants for boeri migrants are the first category of unemployed people in history who pay contributions boeri s inps is not at the service of italians it is at the service of soros,0
user user cara then that day that someone you know will also call you to jail think of those two minor roma with stolen cars that hit that old lady yesterday that old lady could have been my grandmother your grandmother my mom your mom,1
after the tv complaints against degradation and abuse created by the roma camp in via germagnano and solidarity with the kennel url,0
libya the appeal of prime minister sarraj make early 800 thousand libyans migrants and many terrorists ready to invade italy and europe,1
vladimir luxuria surrounded and robbed by 20 roma in central station in milan webitalia360 url,0
what a strange country is ours where a man is slaughtered by a moroccan but the media are silent because the victim has the misfortune of being an italian with white skin while the media screams at racial laws just because it is claimed that the roma do not respect the legal norms,0
why repatriating illegal immigrants is so difficult and expensive by in url politics,0
dear castelnuovodiporto but they are really protesting because 120 people will lose the work in short it is the admission that migrants want because they earn i do not earn and do not want them clandestine,1
flames in a nomadic field at the motorization the degradation of the field of ravina url,0
febre del nilo cirielli italy s fratelli interrogation to the ministro grillo quarantenean valuation for migrants mezzoprint the information of scafati and surroundings url,0
atheists homosexuals non obedient and submissive women democrats and libertarians to death what is nazism fascism no simply islam p s kill you even if you kiss his feet bride url,1
piazzapulita l isee is the same for everyone foreigners do not pay legal fees and dental care in the centres affiliated with asl while a social pensioner pays this is racism dirty square other than clean,1
user user there must be returns no more migrants,1
all with but then with the pipe you want a building of roma 20 meters from your home let s close the camporoms and distribute the families in the neighborhoods of rome starting from parioli and centrostorico and then see if you react as torremaura url url url,0
25 september 2003 at gaza one of the many israeli raids kills 7 palestinians in the el bureij refugee camp including a child,0
tomorrow if you have time give me a list of the jobs the migrants stole from you and your children,0
franc you too play the enemy game by insisting on calling them migrants immigrants refugees you spread the non real perception of the imminent danger of the musulman clandestins in our country they are clan de sti ni and many criminals escaped from the prison patriae and you know it url,1
terrorist attack charliehebdo sheet of way to all undesired and iron fist,1
user user talks about pissing foreigners no camorra gangs minors and delinquents from the age of 10 it s all neapolitan thoroughbreds in addition to the ants that invade hospitals your piss can keep it in your pissing pants popping bullet,0
user why the jew is as hated as the muslim by the most,1
from your side as the serial robbers rom who provoked the death of the chinese to the housekeepers in the camporom reeducation pd,0
user user user user we will be invaded by muslims who will impose on all their laws makes you think,1
the fake communists with i ll rolex who hate italians put on the suppository and take a ferry with the fake migrants and go home to africa,1
i didn t look at the viacrucis what good is it god no longer finds us this great answer to why we exist the papa doesn t give a shit about our need for him he uses christ s suffering as a merchant fucking her to miserable commercials against salvini fuck him and his migrants,1
leredit brexit apparently doesn t safeguard itself from terrorist attacks,0
i think it s great the new program gets votes from the pdnetwork let s recapitulate patribal iussoli increase parliamentary salaries and as always more rom and clandestine for all coop continue this url,0
dear owners of the resorts at maldives welcome the refugee from italy for ten days refugees esamonoi notengodinero,0
truck with migrants and written no rent blizzard on the carnival of formello,0
150 thousand immigrants prisoners in italy url,0
user user user we hope that he will start cleaning up islamic black journalists rai assholes collusion,1
flixbus drivers handcuffed and locked in separate cells by the french police bring migrants to france,0
what the fuck am i gon na do to people who think that pellagra and scurvy are infectious diseases brought by immigrants,0
no to global compact on immigration no no and no we don t want to be an african toilet anymore user user url,1
immigration that s who works for the boldrini and how the vatican url behaves,0
user user user in fact rome is now fantastic everything smoke and pro clandestine roma iussoli and foreign criminals,0
rome woman beaten by the roman lads who had denounced il giornale it url via user,0
the strategy is to send the best italian economists bagnai savona to ridicule infamous shit already weakened by giletgialli deutschebank immigration questa is the strategy don t take it up the ass from moscovici and the drunk the 2 04 is paddling,0
user bergoglio is becoming a serious problem instead of curbing or launching an alarm on the invasion of islam let s take an example from the chinese who rightly consider the muslims of the mentally ill,1
user user you have my solidarity but if we let them take away your car to put us some migrants,0
user immigrati modern weapon of extermination of civilizations and higher states from crazy countries begin trips incited by ong mafia clergy dem sick with unhealthy goodness mattarella corrupted fakemedia racial poverty drugs terrorism rape social parasitism basta,1
after mimmo lucano the left also comes to the rescue of the ong aquarius voucher ship that disposes of the infected migrant waste 22november url,0
the sheep of the african race cgil url,1
roma roma gang asked him for lace for 2 years exhausted restaurateur kills them with gunshots touchy url,0
user years of engagements with abusive governments only to destroy and sell italy to foreign craps to grow them and impoverish the italians the last maneuver you made was to give the fishy seas of sardinia to the odious french everything against the italians,1
the sheet some migrants would better stay at home urletthrough user,1
the first to defend us should be the magistrates with exemplary sentences x those foreigners who come to italy to delinquere so as to make it clear that from us if mistakes pay dear and instead they issue sentences that encourage to delinquere this is in message that passes,0
1 8 million are italians who have moved from the south to the north and out of italy since 2001 to today a tide of people even wider than the immigrant in italy,0
rom popular homes the municipality of milan doesn t keep its promises user subscribe url,0
user user user they say that they will pay us pensions that they have children of course they soon make them violabrating women suck the left who throw down the italians and support immigrants they have reduced italy a mondezzaro,1
as far as i m concerned the reception indiscriminately has brought us only rape parasites drug dealers and nigerian mafia with so much human organ trafficking and much less security migrants fig the reception means growth and security url,1
births collapse 9 less and less italian foreigners over five million,0
that s why france doesn t want immigrants because the euros for their debt must be taken from other countries,0
for 4 years we haven t been able to erase the roma from the house code and urc of rome has refused to delete user,0
run hide and tell here s what to do in case of terrorist attack video url url,0
user but look at the fact that religions are on your balls the attack is of an islamic nature,0
politically correct answer tuberculosis brings it to immigrants so it strengthens the immune system survivors will be much stronger don t complain and thank the resources,0
chinese student killed in rome surveys in the roma url field,0
user excuse me but to let the foreigner rule what did our ancestors die to do,1
user i mean do you understand with equal age immigrants traveled for free and italians didn t and someone is surprised that they put things back in place but are we crazy it s not a matter of priority but of equity in jail boiafauss,1
but you are caxxi of rom but user always with excuse of discrimination but kick ass url,1
modena mayor pd gives petrol to roma families to bring children to school online news url,0
user user the land at the continassa di torino at juventus cost 50 million plus 2 million to clean it from dirt and rom field but frustrated like you believe every bullshit i live in that area,1
user user no i only showed the other face of the dear french cousins who offend us and then bring back the migrants,0
video now the priest who had made the islamic nativity scene attacks the italians the italians are all you are a fantazzist shit,1
which country is the one who accuses of terrorism who goes to fight the isis what left is the one who doesn t speak and accept all this on which side are we then user from sardinian italian anti fascist i want an answer i want a url answer,0
user but popular accommodation must not go to foreigners they are sudura of italians,1
user user who are the idioti who want to eliminate the secular traditions of italy if they are immigrants they must adapt to us if not at your house you can put all the photos of muhammad you want hello bye fabius,1
neither legists nor fascists it is from the cgil the man who closed the roma in the url,0
user user user user user user user user user user user user the important thing is the security of italians every day immigrants commit 1 3 of the total crimes if you say that there is no invasion so i agree where the pronlema stands it is obvious in mi there is chinatown and that community does not commit 1 3 of the crimes anything else is obvious,1
user user user user wonderful that if the situation with the uncontrolated immigration continues in this way between 30 40 there will be an ethnic degrad and other raw girls dead to cry other schiaves and more coop business,1
italian military ship declares unpatented malta goes to save 87 migrants south of lampedusa,0
the two bastards are underage they won t even go to juvie the lady won t get any money because the hardworking roma parents are poor,1
diciotti migrants sue now salvini pays us the damages,0
user is wrong he had to say with fornero italia full of elderly without pension migrants do not pay us contributions,0
user user and what would you do if at your house everywhere you turn no one speaks your language anymore after 5 million immigrants who at least gave him citizenship after 700 thousand illegals who run around without documents thrown around stealing and dealing drugs how would you welcome them url,1
user user we are the only country that doesn t manifest for their rights but for those of immigrants we make all of this schifo,1
cartabianca the foreign parents of lodi nn have money to pay the canteen to their children but the money to go out to celebrate the sentence have them however see what beautiful things to the face of the italian parents who work to pay the canteen of the children italian url,1
iron arm in vienna on migrants salvini quarrels with the minister of luxembourg url url,0
textile architecture as a response to the temporaryity of accommodation for immigrants url url,0
member states deliberately or not forget that the eu also needs immigration both from a demographic and productive point of view 1 2,0
for all moderates and moderate philoislam look at viaggioakandahar on user moderatiun cock,1
in all cases of islamic terrorists in the uk and france and belgium are never only injured even severely and then captured and taken to hospital every single time they kill them even when they are already injured on the ground finish them always they do not want to arrest them url,0
the vigilante in the nomadic camps inquiry into overtime the messenger url roma news,0
user what a fucking comparison and in italy we have the scum of the scum of half the world that between clandestine and fake refugees are more than a million all primitive people without art in part of the useless and expensive cannibals in luxembourg 48 of foreigners are european who joker,1
always in the gentist furrow of something good did he heard at the bar amen to the south they have the mafia and the roma do not enter you home fear,0
a milan the pd vuole 6 moschee in city despite the danger of terrorism the pd wants to impose 6 mosques in the city without any guarantee on those who preach and those who attend these realities it is a real scandal sign you also against the 6 moschees in milan url url,0
urls are not racist and not all roms or zingari delinquono but more controls at the castelromano camp are they,0
islam must be erased from the face of the earth,1
enough goodness the designer surrounded by nine roman ladres all pregnant shot foiled corriere it url,1
we still keep 118 thousand fake refugees army of url scroungers,1
user i dream of a country where true criminals go to jail murderers drug dealers beaters rapists dangerous violents stolker paedophiles maniacs terrorists and these no discount and no rewards it doesn t happen that way unfortunately,0
user user but aren t all 5 star hotels filled with migrants already,0
prize to the paranza dei bambini same saviano dedicates it to ngos and migrants,0
the little aylan and the little mohammed icons of global dullness a thought to all the migrants on the day dedicated to them,0
user have you told these people that as a candidate you bring a friend of renzi poor ignorant who vote for you for immigrants while you are not sending away one,0
terrorists have to be treated the way they treat us and fuck the fucking x buggers they can give it to the urls,1
user user refugees are you sure they want to put only them or even the remaining 95 of immigrants,0
voxnews rome why is the nomadic camp of murderers still standing still them the gypsies it was url,1
while the left wanted to impose the ius soli on italians as they do in civilian countries like the us trump wants to abolish the ius soli in the usa to prevent immigrants and illegals from giving birth in the usa to take citizenship url,0
palermo today still a landing of migrants to the port arrived belgian ship with on board 180 refugees url palermo,0
what difference there is between them and the pd they signed together to autirize the invasion of url immigrants,0
user user user user the last tweet i find where he talks about migrants is this one that goes back three days before the events of castelnuovo maybe i missed something myself url,0
but in order to attack the libya we have to ask permission from germany and the isis meanwhile has fun sending terrorists to italy,1
user user i think and if it happens even from us the veil if they put it at home the koran apply it where it seems it is the no plus ultra,1
rome on the day of the i nfanzia will discuss rom and shantytowns url,0
after 38 thefts he shoots and kills the thief hastatosalvinithe day s pied says you have to investigate salvini the government installed itself on june 1st all these robberies started later or do we have to investigate minniti and who favored illegal immigration url,0
that blonde would take all the immigrants and or terrorists home they re also in their midst idiot then they come in morning5,1
via crucis e pasqua armored terrorist free foot of italy and afloat landings continue next invasion ci faran exterminator tutti,1
for the usual masochists we point out that foreign journalists laughed for italy and the italians who for fame url,0
gianni morandi continues to sing he succeeds better than making assessments of the immigrants who let s remember are almost all illegal,1
doors closed by the government migrants from algeria continue to land in sardinia,0
user when you talk about illegals don t call them immigrants they are not in italy to work with a regular contract,1
user former terrorists suck at me more than unarmed pirates,0
italy approves the law prohibiting the refusal of unaccompanied foreign minors tpi url,0
bump buses and trams immigrants spit on the wounded what they do shame in milan url,1
user you re right who comes to us is certainly not an elite and controlled immigration that often doesn t run away from anything we are welcoming the worst unfortunately however all this happens thanks to those who have many but many economic interests,0
user women don t exist in islam they don t even have the right to have a name on the grave you think of sinisterness willing to favor islam in order to fill the folds in order to harm the italian patriots they deserve islam we don t,1
migrants the globalist left deports the new african slaves to replace the italian people 5 million unemployed fleeing abroad children are not enough immigration is needed en masse a third of the italian population will have to be composed of immigrants,1
nigerian vicenza assaults 2 agents to a phalanges detach to bites in his pocket his mythical permission of stay x humanitarian reasons meanwhile about thirty foreigners have surrounded the ff oo now permit to accercing italy when is dest,1
parliamentarians sinisters say that migrants arrive with mild pathologies and sammalano gravely in italy welcome colera url,1
i would like a roma camp near the house of all those good and moralists who preach so well,0
user user user all who also you favor illegal immigration and then you lucre on it and you do business with ngos and boatmen,0
user two years ago we were all with them against the terrorists they did what they were hit for today now nn is okay,0
new release just published libya and terrorism url,0
italian french norwegian ngos passionate about taking migrants and downloading them always and only in italy url,1
rome chinese student dead convicts with plea for two rom url urls,0
beautiful as at the approaching elections the movement throws a bit of smoke into the eyes of women s rights to pretend that it did not vote the worst sluts against migrants to have saved salvini from a trial to have caused humanitarian crisis from nothing in the mediterranean,0
milan roma for years in municipal buildings of via adriano url,0
user user user user migrants or more precisely illegals must be repatriated immediately and all without exception,1
blitz of 600 agents at the ghetto of san ferdinando salvini clears migrants,0
islamic fundamentalism islamic religion url,0
rome absolved 56 roma fake poor in the accounts 5 million euro url via user,0
roma children and school a ruspa can not break down our url constitution via user,0
the roma should be taken away from their youngest children not from the italian people the children of our people should not be taken away but should be helped to grow up,1
lele mora picked and robbed of 40 thousand euros in the roma field for fake business,0
solidarity with massimo giletti for the serious threats he received for having aired when he led the arena some services on a reception center immigrants in calabria you will not silence the truth come massimo we are with you url,0
user user salvini if he doesn t fuck so much when he gets back he makes one of his usual shots at migrants or against europe and silences everyone he s smart and we idiots,0
because he was arrested mimmolucano the hostess of the migrants riace url url,0
sezze lazio migrants protest for no good food and block the catering truck sorry minister user nn would it be time to start offering bread and c l i in the ass url,1
adult migrants can no longer receive food they can only eat what their children incarcerated leave here is hungary of orban friend of salvini and meloni in the complaint of a young jurist today at euchildforum in brussels,0
many ecumenical delegations and also representatives of the islamic community papaingeorgiap url user,0
well now for weeks we will be talking to unified networks about how much we are in danger with islamic terrorists hiding everywhere and how we would do without the europa and his police protecting us,0
but let s close the fucking roma fields url,1
imperia killed by the carabinieri the band of the split in prison four foreigners for 18 url raids,0
to obtain informed masses of interchangeable human beings without roots the globalists need a propaganda deviant already from the schools b propaganda deviant by means of entertainment c demographic replacement with mix of subhumans through mass immigration,1
torremaura roma yesterday rays spoke about racism talk about the inhabitants of the neighborhood seems more like tired people what have you seen the degrad of your neighborhood with this location of the rom a worse situation parioli there was no place url,0
frosinone now the refugees bring us also tuberculosis case established in fiuggi url,1
migrants mullahm if i were italian i would be ashamed of salvini url _if i were him i would be ashamed of all the africans who come to italy to be maintained by the italians who already have 5 000 000 of very poor,1
the italians are not razzists no fascists no xenophobis they re just right or better than the payments of fantased migrants who they want and all the shifts there s a time for everything rw thank you it s time for the true truth to be known,1
brigands and migrants human never with salvini minniti nor with those who like pisapia deny as much as a whole url,0
user user user politicanti you have reduced italy a sewer and foreign delinque undisturbed,1
gradually the truth comes out the mass of immigrants who without medical checks have landed in these years is affecting the whole of italy url,1
user we have everything of even fake muslims who make victims uh terrorist figures a fiction,1
rome villas and parks keys to volunteers 13march news gardens green rom common url via user,0
user to do what to say that for immigrants you can spend 5 billion a year plus everything else and for a poor italian not stay home because this thing just sucks do you want to bribe the 5 mps it sucks even more,1
rome schooling of roma children a total failure threw 10 million euro url via user,0
other than landing others or picking them up with boats and planes we are working to send back a lot of scafists and terrorists home url,1
better not to say good christmas annette widmannmauz minister for integration and for migrants in germany would offend islam i recommend that we continue to castrate ourselves like this straight to burqa and shariaurl,0
roma robber at roma camp la barbuta three arrests the shadow of the racket la repubblica url roma news,0
other migrants in italy via user,1
someone put it in their head terrorists don t come with boats,0
user user user today i saw the game on espn and fox sports all the commentators coincided with the great decadence of italian football and in particular of milan a recurring comment was the low quality of many foreign players coming to us,0
user user now that you know that migrants are more prone to mental illness because you insist on helping them migrate maybe you gain what makes you do it,1
i d like to do with you as salvini ai roma con le ruspe,0
the good life of the roma ends by car and luxury goods for 300 thousand euros url,0
montalbano saves migrants chaos in rai on the commissioner,0
user have exploited everything making everything for or against immigration what sadness,0
good back to the camel islam muslims pakistan,1
user the papoccio was known by the vatican because it islam and massoneria when the previous paps saved us from the invasions and they made islam and massoneria this is ally of the masons and islam to invade,1
the derby cerignolano with the absence of foreigners according to the measure of the fip url,0
user back to work tomorrow their home is the roma roma camp user,0
rosarno the popular houses only immigrants they needed unelected governments people imposed on an unarmed people once they put them there the wife have started our end if and when the real anger breaks out i will be part of it,1
user i don t want to tell you again make all the veils disappear from refugee camps and bombed at night the veil factories,1
those who have a humanitarian permit are raped and killed those who are raping and bullying mediators i have no doubt they are monsters and must be returned to the sender in ragusa a violent cultural mediator a migrant then beats her so that she doesn t speak user url,1
the italian people must resign themselves to wild immigration and equip themselves to leave italy en masse to make room for immigrants,1
among the deportees of castelnuovo di porto there is also 19 years old senegalese 8 goals in the local team his coach to the news cried the program of disintegration in the society of migrants that had integrated continues successfully,0
save the date the museum recommends 22 09 2018 from 9 30 a m to 12 30 p m at sala galmozzi of the municipality of bergamo via t tasso 8 migrant women it is well in bergamo promoted by the council of women of the user url url,0
user user and the vatican silent about the continuous killing by scum muslims,1
user user user user user user user user user user user user user user user user user user user user user user user user user user user user user user user user user user user user user user user user user user user user user user user user user user user user user user,1
the spiritual leader of the catholic church has geniused himself to kiss the feet of a muslim it is a sign of submission to islam bride can not yet be our pope we catholics must demand the return of ratzinger,1
user other than nomads in the luxury building that they gave him near the hotel villa medici are really good not fools,0
rome rape at roma camp sentenced to 7 years the judge orders the reclamation url,0
while i m about to fuck her she does eh you think we send people to make tonsils in brianon this is the health care in northern italy fury to cure free immigrants parasites half the world you pay for salt taxes you are actually obliged to pay for it in clinic,1
endless landings 20 algerini in sardinia the immigrants were then accompanied to the reception center of monastirthe gc user without defense now decide who how and when to set foot in our country url,1
really such terrorist attacks have broken his dick one must be afraid to travel or even leave home because at home he doesn t,0
user quotes anschluss of user the unification of germany was the laboratory of current immigration coffeebreakla7,0
what happens in this residence for immigrants swimming pool parties drugs and sex the details scandal,1
user with this story of immigrants they broke their balls try to make catholics at home they would kick us they offend themselves back where they came from,1
not even after the disastrous earthquakes in central italy renzi blocks the illegals to donate the money saved to the italians migrants,1
this is who takes the refugees home to us who they are and what they do in the mediterranean,1
user user user left indecency and migrants who legalize drugs and cut vaginas to girls go to assisi did not legalize drugs or cut genitals to girls they are in italy but do not respect our laws those who want to help go to their countries to educate them,1
italians in tunisia write to salvini we are immigrants here too and welcomed us with a smile url,0
who explains to him that the foundation of islam muhammad and arab culture have been studied for years in italian schools and that it is a very normal thing since it is an argument that connects with the crusades url,0
for him there are no other examples of civilization and he doesn t care about the injustices and damage that indiscriminate and uncontrolled immigration has caused as a result lowering civilization mattarella civiltallosbando immigration nordafrican clandestini salvini,1
user user think like me also the parents of the girl raped by train by two immigrants we are already in three enoughmoraledelcaxxo,1
user user roma 23 years old raped by an egyptian on the train please write this too here s the difference between the racism of italians words and that of immigrants wild and murders,1
bravo now the unions have at heart immigrants to the detriment of the italian workers reducing wages etc to make some cards only their purpose are useless url translated with google translate,0
user the compensation to criminals was surely the most shameful gesture that some judges could make against the victims a prize of consolation bestowed on who in italy had to bring wealth and culture instead of death and fear a real incentive to delinquere x migrants,0
when you come down with the gym suit and the guess hat and you look like a gypsy rom,0
user user but they are all to be expelled who is not a terrorist is a criminal or a thief,1
user user user as well as former fucking illegal immigrants who break their cock,1
user io wait for you to come here too no more business immigrants with the help of leftladron urolandia,1
user user user user italy is our country because we are born we work and we pay taxes illegal immigrants who arrive with boats once they arrive here behave like their country but it doesn t work that way when you emigrate you have to respect the laws of the country that hosts you,1
migrants minors 26 000 in italy in 2016 today for user url,0
user a bianconero disqualifies the two kidnappers of the rom woman i want to see if the rom was her sister or daughter shame,0
at the beautiful garrison organized by city hall 7 in milano to protest against the aggressive presence of the rom in front of the san carlo hospital and against limmobilism of the left in front of the problems of degradation and delinquency the only solution is to send home sala and the pd url,0
i mean either there are free students from immigrant families or the class isn t formed but this is a payback from this communist country of shit for 5 italians you can t keep an open class but if you re feeling it that they don t pay a fucking tax then you can,1
user user and whoever obeys allah and the messenger then they will be with those to whom allah has given grace that is with the prophets the truthful the martyrs and the well disposed these are the best companions koran 4 69,0
the frenchmen who close the ports protect the pocketbook of the mega masters protect thieves and scumbags who escape remove taxes from the wealthy with the money of the poor hunt immigrants get rdc to niggers and gypsies insult everyone but they re french eh,0
scafisti per necessit 14 africans acquitted and released although they were recognized by the migrants on board the otto lawyers who assisted them convinced the judges and now they are free to circulate after all the pd wants more boats and less balconies satisfied url,0
road education the vigili in pension section of marsala hold courses to migrants url,0
rome nightmare rocks near the roma camp on the pontina 15 cars damaged the messenger url roma news,0
i saw two roma washing glass at their car eventually they got into a fight about who was gon na pay the other truestory,0
pope francis kisses the feet of an african muslim 2 muslim africans violent a statue of our lady perfect crime waitingprometeo ivreich url,1
but what does nazism have to do with jews with africans who want home and income in italy now you ve broken our dick today with migrants like yesterday with jews it s tragic indifference url,1
bitonto after gorino the inhabitants prevent the arrival of 27 migrants and in san giuliano di puglia is controversy for url,0
biancoenero scare don t you understand the language a roma that disturbs a client instead everything is okay bah,0
user user poor nomads who knows how hard it is to steal a fridge and then put it in the middle of the street poor grandmother boldrini,0
migrants merkel s first step back on receiving migrants 34 afghan url citizens repatriated,0
the politicians of the center and left do not understand that letting us invade by migrants we will find ourselves with 3 serious problems poverty islam racial struggles,1
in tuscany the roma are fed with the vouchers of the coop url,1
castel volturo immigrates think if we are not allowed to remain here with the humanitarian permission we will categorize the chaos these allow themselves to be undermined and to come to our house let us return them to their country or in some years we will be subjected to these beasts,1
a new post the meme against judge cristina bertotti he sentenced to jail and to compensate the wounded roma while robbing him was published in playhitmusic url,0
roma children at pickpocket school 7 arrests in subway video url,0
they steal gold and jewelry in the historic center denounced two roma a minor read more article url,0
who saw abusive settlements of nomads and derelict neighborhoods right in front of the police headquarters,0
user re emphasises efforts to free italy from many foreigners even if rhetorical but careful to define stupid concepts,0
we pay 640 million euros to immigrant pensioners who have never worked in italy or who have never paid contributions url,1
user user terrorists have italy as a logistics base to plan in peace who covers them diabolica sx,0
furious bishop ungrateful migrants let s feed the italians first and immediately world chaos the details url,0
according to the inhabitants of riace only 12 migrants settled in the municipality the others waited for the time needed to have the easy documents often with ad hoc marriages and then went to northern italy france etc where did the funds for integration go,0
user i think that if these foreign craps allow themselves to come here to talk against us it is because there are female craps like the recommended berlinguer who lets them speak she is the enemy of italian and must be put out of rai,0
user they hate enemies more than they love children or maybe a female daughter is worth little or nothing islam if you know it avoids it,1
milan stolen 4 bikes of milan sanremo find in a nomadic url field,0
quirico l isis is the beginning of islamic globalization reggiosera it url reggioemilia news,0
gypsies all immigrant crimes url via,1
far west in rome police open fire against a fugitive nomad who url,0
the holocaust was the planned elimination of certain categories jews roms sinti gay that led to the death of 15 000 000 people,0
user if there were no migrants to whom you owe your political career it would be fucked please speak to us again as a good family father i wouldn t want to be your daughter because i would feel immense shame,0
the judge surrenders the clandestine believes a country without rules,1
garbatella agents of the party volenti arrested for theft two foreigners identified for 18 year old h m and a 17 year old the two had removed items from a parking car url,0
user the usual islamic terrorist assassins have carried out a massacre of innocent the usual scum muslim has killed innocent and the sweet rula doesn t say anything,1
from your side the head of digos in fact drives the citizens away and leaves the criminals undisturbed this is italy roma masters,0
,0
terrorism fabrizia for germany is the victim of the url url rt thecapital rt promo_abruz,0
the criminals among the roma are there but then the good people who compose the rest of the community must isolate them and denounce them if they don t do it it s normal that no one wants the complete package near home that is the one with honest and not who talks about racism is an asshole,0
even yesterday 6000 arrivals when they have the majority the islamics will submit us by force url,1
il giornale trash caravans cloths laid camping rom in lambrate url milano,0
minister salvini why do we continue to pay 35 euros a day to keep coop and migrants when this money could be allocated to italian couples who want to procreate let s not complain if no children are born in italy,1
in addition to some roma families in the area there were also several people deeply affected by the earthquake such as url,0
user user on wednesday the prefect of vicenza summoned all the mayors to announce his plan for the distribution of refugees theend,0
extending landing in salento almost 50 migrants in leuca on a 12 metre url boat,0
how i enjoy the fact that they denied trump permission for that law that excluded 7 islamic countries,0
user user there is an invasion of islam at the conquest of the old continent silent progressive inexorable it is necessary to fight and reject them as they did at the time with the crusaders but there is not much time left the alternative is succumbing,1
user user better the catholics who imposed forced conversion on everyone do you know that at the time jews to escape the madness of the spanish rulers took refuge in muslim countries,0
lagabbiaopen now make the islamic party and sweep you away like poo dry to everyone and stop chirping,1
in addition to stereotypes and clichs we hear from their voices how two roma girls from rome nemorai2 live in the fields and society,0
simple if irregolari and clandestini respect in africa what happens now to baobab migrants url,1
user but are the roma still in cages,0
ferrara attacked and beaten by five immigrants,1
imperia police controls in a public space two foreigners removed from italy url,0
latin 400 migrants treated in inhumane conditions they ate the leftovers of the masters and worked for 4 euro lora for more than 10 hours a day but now the parcel is over,0
user in fact votes no and welcomes all economic migrants in africa far sighted,0
14april enough 8 per thousand to the church that helps migrants start from varese the fatwa of leganord read url,0
germany italian woman complaint immigration office has told me to url,0
school turin cesedi course on islam islamophobia migrations and violent radicalizations url,0
user well defend muslims if it s okay for you but have you ever attended them do you know how islam is in their countries,1
yao the 3 roma accuse each other delusi from the loot url user no problem in galera all 3 end of pena never,1
user for pm the olgetins is the quition not beach immigrants from where they started but why do we pay them too,1
with all that money there would never have been the problem of immigration and perhaps not even hunger a real shame for all humanity,0
salvini rejoices if they arrest those who heroically welcome immigrants and not those who speculate on us how to take it out on the horoscope if you have a shitty day iostoconmimmolucano salviniarrestacitutti,0
business rom in the scope of the procura coop e politici url url,0
sanremo priest against mahmood he won an immigrant with tattoos,1
chinese girl died in rome the investigators to the leaders roms deliver us the 3 guys who robbed url,0
user user rom picoglini all out of italy bastardi but what do you want to integrate they won t want we othertact,1
user but if they have already said that terrorists are hiding among them after the nigerian mob we also import libyan terrorists no thank you,1
france marinelepen no more free school for children foreign url url,0
torino roma throw rocks at an ambulance of 118 rescuers forced to escape url,0
saying that we are nazists fascists comunists quite populists and sovranists away from the international spaceers from italy the italian pushers are enough to grow the pill reading to know them now user user user user,1
children of migrants call for politics the construction of social cohesion is good for the whole of italy,0
from your side but the bosnian roma instead of thinking about italian politics why nn returns to sarajevo tell him that the war is over,0
foreigners spa is worth as fiat the gdp of immigrants in italy weighs 127 billion urls,0
if our children are our future we have already lost our identity non islamic children for play or for school lessons are indoctrinated but we must not talk about invasion stop to islamstop to sharia in europe url,1
at the pro migrant demonstration all supporters of salary at 2 hour labour roomcgilfiomcobaspicicommunist refoundationand then the usual buggers social centresstudentsnetwork of never more lager no to cpr arci url,0
but user tell me would you like to land these fake political refugees and fake refugees if you do i promise you won t get a single vote from us respect the ideas is the principles of capitano salvini you don t have to give up we all have a heart but no x these beggars,1
user i too am italian and these discrimination between italians i do not accept we look at immigrants who come to italy without us wanting them w italiani lower immigrants,1
user there are also to pass the ruspe in via martirano at milano where according to the pd there is the most beautiful roma camp in europe in reality it is a suck that makes filthy degradation and wreckage vomit roma who do not know how to integrate should be kicked out in footsteps cleaning and orders,1
user yay the mayor yay the junta we welcome more immigrants i recommend the city is a sewer but there is still room for all kinds of garbage,1
venice biennale arrives from sicily the boat in which 700 migrants died,0
user when italy will be like france with only foreigners and make casinos you also voted lepen,0
the nightmare that woke me up today a rom butt that during a lesson in uni sits on top of me suffocating me and today i said everything,0
user renzi immigration work with the dick you find gogo faggots who want to be parents but what sucks,1
user user user actually the debt was created by your friends thieves certainly not by a government that has never ruled and that is making them 5 months ignorant beast the 3 billion a year there by x migrants those nn create debt true bastards parasites,1
at the funeral of micalizzi euroentusiasta killed by islamic terrorist scum celebrated martyr of europe great participation of the high offices of euroman and left treatment not received by pamelamastropietro and desiremariottini raped and killed by african scum,1
we do not generalize but on a field 3000 rom 2500 had to deal with the law from your side,0
rome will be born a new field rom url url,0
safety decree bis higher fines for those who help migrants,0
i d like to say at tg4 that he calls heroes the cops who killed berlin s terrorist who just did their job,0
user of course they died from pigs all terrorists die from pigs but they call themselves martyrs,1
france finished in three months the wall anti migrants of calais financed by london the daily url fact,0
casal bruciato s roma car,1
user la left has given homes subsidies pensions immunity to immigrants clandestine and regular he has left only the count to be paid to the italians sparite,1
day of exchange integration and knowledge of the other between immigrants and children high schools of sassari url,0
user farmers are certainly a pillar of the hypothetical social front but it has nothing to do with the concept of migrant revolutionary subject,0
we stop mass immigration by all lawful means to avoid overlapping in the labour market phenomena of intolerance mutual resentment phenomena of rejection worrying from the social point of view that could lead to violent clashes with us italians url,1
user user after the challenge to ue malta italy the criminal seawatch3 returns to make profits from traffickers mafias ideological sick people dem clergy with business immigration it spreads dirty black parasitism and racial impoverishment in higher states porticiusi,1
international silk road has been designed by nomads metapolitics url,0
violation of the sheet of way with prohibition of return and theft of the crimes contested to foreign url url url,0
user user ing biban you have forgotten the houses of ferrotranvieri in milan only an anarchist group supports immigrants life,0
pope meets the roma community and sinti he is a second class citizen who rejects others,0
network4 alessandro morelli roma camp full of children besieged by mice three things to do 1 remove children url,0
user user yes i frequent muslims and so since they can t even pray at home they have no right to gather,0
in my opinion they are not a danger neither immigrants nor italians who shoot on the street the dangers will always be and cmq less and less we lock ourselves in the house but then it is much easier to make an accident going to work it is not an emergency,0
user user what about people robbed by immigrants all right didn t they didn t our problems already suffice,1
user what are you talking about labour market ruined immigrants taking subsidies more than me who pay the taxes and banks saved with our money and are made real the billions of damage done by us where are the ones due to the financial pressures to enslave us,1
syria civil evacuations from the terrorist city is advance after violent clashes with sirian army at palmira but is not over,0
the true story of the giunta raggi and the closing of the roma url fields via user i don t think they give homes,0
user user user it is necessary that next year the sovereignist parties stand out in the european elections we must start mass rakes all over the continent and ban islam otherwise we are lost,1
australia lection of civility to all the west muslims who want to live according to the law of the url,0
we are not muslims we do not hate women we do not hate the law and above all we do not impose anything islam is submission in all senses i am not in fuck allah and his companions,1
roma try to kidnap girl to prostitute her arrest 3 roma three roma women 17 url,0
user fake refugees why don t you take a ride to north africa in the 20 prisons easy talk when you re great and drink in peace,0
the carabinieri have identified as a possible drug dealer a 27 year old from morocco the typical foreign resource i admire his mother url,1
they start the byzantineisms of those who want the islamics from us as long as we re in time let s hunt them all,1
the question is not rom si rom no migrants migrants no no want the delinquent chinese blacks italians indians doesn t matter it s not difficial url,1
in ormea the migrants save the chestnut groves but perhaps the security decree will make them go away,0
user this is to prove to the pro immigrant left wing buonists that no one wants to import fake future criminal refugees to keep at 10 billion annually this and a planned induced invasion that destabilizes european countries destroying them all here awake,1
we go to cairo to a school of franciscan nuns where they study christian girls and mostly muslims url,0
women have too many rights studying is not necessary working is not necessary outside europe close the newspapers italy 2018 1938,0
croatia migrants forced to say the philo nazi greeting,0
user this is good ha ha ha the islamic cutthongs are killing themselves with laughter do you see pinotti at the head of the army,1
rome operation black flag against terrorism url dazebao,0
the immigrant who doesn t like the racist left so much of a hat to this migrant these are the migrants i want italians are not racist indeed they are too welcoming they can t keep migrants who don t work but delinquote url,1
muslims islam and other crazy sects after having devalued the properties of entire neighborhoods of our cities causes civilization after contributing to unemployment after having taken away the freedom to take a quiet walk in the evening kill us if we are happy,1
civil migrant guard on our coasts 1 the government silent 2 it is a ridiculous europe 3 too left in italy url,0
italy alarm poverty to the south more italian than foreigners in the centers caritas url,0
malta migrants from aquarius landed url url url,0
there are religious extremists terrorists racists and everyone has one thing in common stick a big hand up your ass,1
user talks about the terrorism course organized by user and user cybersecurity cyberthreats user user url,0
2006 2013 total immobilism then the first migrants occupy former olympic village last night disorders ignavia of politics turin,0
user all normal and great happiness for the champions of migrants and globalization but if they were the victims change their mind,0
quartarepubblica roma use small children to steal in the apartments as a carabiniere told me because they open the inferiate of the apartments where we italians are forced to live imprisoned because they are free to steal,1
i think it s hard to believe since they jumped on the butcher cart against the roma,0
a dozen migrants were enough to bring out all the contradictions of this government which months of opposition on the conjunctives and sweatshirts,0
foreign crimes on the increase here are the url alarm data via user newspaper,0
user do something captain or we all emigrate and leave us with refugees to govern because we have come here so far,1
boldrini immigrants open the doors of the world yeah they open our throats too iostocondavideraggi assassini url,1
jordan terroristic attack on karak 10 dead even a tourist url,0
user migrants don t have to go pick them up on the libyan shores with the navy ships they have to leave where they are,1
the desperate stop the blocked construction site of the metro shelter for the rom user url,0
user you are islamizing italy because of you we will have enemies in the house,1
there was no increase in crime compared to the increase in the presence of url immigrants via user,0
ariachetirala7 avemus the pdina psychologist hears that offends everyone as always defends the immigrants but i have not yet heard her speak in defense of the hungry italians who have committed suicide because the money goes to their friends and coops capital mafia url,0
the pope in lithuania today the last are foreigners elderly and unemployed urls,0
he must be thrown into the ditches after he s beaten so the judge will give them the housekeepers to the rom url,1
raid against migrants in macerata traini in the hall i apologize i m wrong tgcom url pesarourbino news,0
neither legists nor fascists is it of the cgil the man who has closed the roma in the cage url but can you be more idioti,0
user user what balls the migrant has broken his balls he always talks about it is in the middle of every speech what balls,1
i hostage of immigrants that s how they reduced me,1
from your side is not marcato the madman are the representative roma and the city councilwoman of milan who are out of tes url,0
user user user the degradation of the violence of these unpunished immigrants has a name the government pd to guide renzi who decriminalized all crimes and made the law for the brother in law,1
roma want citizenship income this time they bring us money url url,0
bad weather in ventimiglia migrant arrived in italy dispersed in the river in full not even in final destination they were so lame,0
except for the long roman hair like that i could even cut it,0
with regard to islam we are just wasting time army and everyone outside the borders break down all mosques and absolute defense of western values women who at sn pretend to nn know and nn understand deserve to live for a year in mecca url,1
donald trump at the un the words that serve on immigration iran and multiculturalism fazioous chronicles by paolo mastrolilli and francesco semprini correct by mirko molteni the articles of url,0
an immigrant at syracuse for the seawatch admits that foreigners who land in italy are economic migrants interested in looking for work in europe to attest also the data of the user after the elimination of the italian anomaly of the humanitarian protection 80 denial url,0
user in the name of the fake future criminal refugees you can not violate the law under the pretext of the human case so and too easy those who violate the law must be prosecuted by all means granted cultural impunity and convenient racism do not serve anything lex dura lex,0
think about preaching the gospel instead of licking the islamic feet your job is to convert them and you don t url,1
milanmemoria tomorrow at 5 pm at palazzo marino lolocaust of the roma people an acknowledgment that applies to today s url,0
user bravissimo captain iman inciting terrorism instant repatriation do it at his home the terrorist not here enough with thisgentage,1
the year 2016 ends with all the mourning events that have marked it earthquakes terrorism url,0
basically to profess to be proudly racist because of the crimes of immigrants and thus to justify the crimes of hatred is to be at the same level as religious fundamentalists who want the destruction of the west,0
salvini fails all immigration initiatives on time on the other hand he is good with selfies,0
never miss the opportunity to do the roma eh italy albania,0
giuseppe conte wants to take the immigrants of the sea watch matteo salvini no landings otherwise,0
in multiracial italy this also happens migrants rom url,0
user have changed their name from gypsies to roma but nothing has changed it immediately takes a title in every city country and village via rom,1
parassited guests of a centre of acceptance protest and wail why poor from the month of july nn answer the journaler page refugees demand allowance italian disgusts us this language video url,1
user freedom of information buffoon you did a service on unicef money about crimes and women rape and killed by muslims on the sxiacization of women by islam pedophile priests pedophilia in communist centers sold pigs,1
user in italy first the italians give home to foreigners doppo that no italian is forced to live on the street or by car,1
the accusation of aiding illegal immigration for mimmolucano sounds grotesque to my ears the only thing the mayor of riace favored is an effective and dignified welcome model that saved a country and its inhabitants old and new solidarity,0
quebec attack gentiloni government near the muslim community often victim of url terrorism,0
islamic urls here in italy have children because they are kept by ordinary people which for english is not exactly the case,1
at my via coffers of tomato on october 14 in bologna comes macron to talk about migrants,0
and some depraved would like to continue to welcome negroes and muslims let s explode them salvininonmollare,1
migrants italy has never given way to blackmail with anonymous terrorism moro kidnappings blocking the assets of the kidnapped etc now should yield to ngos and traffickers but are we crazy,0
we are not all like salvini luckily the testimony of the mayor of torremelissa who with his citizens has saved from the shipwreck kurdish refugees great stayhumans face you example acceptance humanity url,0
the professor who hosts the refugees at home they work and are integrated url thexeon,0
but why all the indignation that i see and hear all the days against muslims jews homosexuals roma and immigrants i never see it and feel it against the ndrangheta tax evaders corrupters rapists and authors of feminicides piazzapulita,0
user user salvini talks only about migrants and little about highway nationalizations before privatizations he risks to stumble playing with one foot in two shoes between berlusconi and the real captain dimaio who earned band on the field with humility and decision ottoemezo url,0
i will answer of my love for migrants and italians i would like the same conviction from you my purpose is justice for all rightsto the meta when the goal is justice url,0
morning5 x in the morning5 we are all racist well then those who come to italy from underground are all terrorists,1
the hypocrisy goes crazy we are all charlie but against european employment by islam nobody does anything,1
vince salvini consciously or unconsciously i have an idea the ongs work to bring votes to the captain meanwhile hundreds of migrants come incessantly on barchini or across the border with the slovenia but nobody shits them lega compresso url,0
user user i don t only share the closure towards migrants libertarians can not oppose people s freedom,0
with the scientific committee of reynitalia to talk about the condition of infancy rom in italy url,0
it may also be true that muslims are not all terrorists but it is equally true that all terrorists are muslim url,1
it s something that must always be done against a minority i m not okay you re the only one in favor at least i think the municipality here doesn t give us any service and it s the fault of the roma so simone 15 silences the leader of casapound let them grow torremaura url,0
looking at user you realize how viapadova would be razed to the ground bastardislamici islam shit religion,1
the aggressions of immigrants all over europe against our children are now daily stylicide this barbarism is called little jihad it can t exist integration with who hates us we are at war but we didn t declare it noglobalcompact noslam url,1
italy is a country that treats roma and illegals better than its italian people nn do nothing and advance from your side,0
how to stop the invasion user by hunting the catholic communist government which is depriving us of our ethnicity and enmity with the eu,1
mimmo lucano is not a good fake he is not buzzi carminati or an opaque non profit on migrants he did not earn a penny and to assert it is the same judge who forced him to the home dedicated to cynics ilcaff gramellini 3october corriere url,0
user user user user they are continuing i think islamics thanks to the us have decided to exterminate us,1
virtus italy 87 euros for every minor foreigner and roma but they were ghosts url,0
eliminating funds to treat migrants is the perfect continuation of the operation carried out by decretosalvini with a clear objective to destroy basic human rights even now health is threatened url,0
what do we expect most of these immigrants i think we have come to fruit now and beyond without return,1
too many foreigners in class the school puts the odds for italian url url,0
the roma are unfortunately all thieves thieves murderers etc what the fuck is ethnicity so rom parasites of the url,0
foreign lists we hope it s rhetorical says italy url,0
but i m so human these roms for them a son is less than a euro of helemosine,1
user user user user bravo read use your brain migrants are the tool of vampires to reduce us to servants to whom the planned invasion of their islamic governments has been added for the rest we are in perfect harmony for years i write that we have the worst politicians in the world of sepr,1
evening corriere discounts in the store hit by terrorists and in stockholm the protest of customers url p,0
this is how immigration killed tourism in fiuggi,1
user so much to you that you don t care in switzerland outside the eu illegal migrants don t arrive you don t have to live with a c i e near home with 70 resources inside you don t have to suffer theft of 3 bicycles and 2 thefts in the house,1
maharshala ali african american muslim at night of oscar2017 url user user user moonlight,0
income to foreigners 60 000 cards but checks only in october,1
user user user maybe the immigrants in the hands of the boss cosignati from you vouchers for the rest they screw all day bivouacing and defecating everywhere our miners all another story,1
torre maura 41 denounced for anti nomadic protests apology fascism and racial hatred incitement,0
cartabianca immigration problem resolves by boarding all the leftovers with their fucking buggers and sending them out of this country s assholes,1
milano criminal emergency strangers and axily required components innoumevoli delitti and return the city indiscura stopinvasion salvinidon t let go returnssubito porticchiusi url,1
user africani why don t you put moroccans in it italy for you is only mafia napolis scampia beyond that are all foreigners,1
morning5 nn only rights also duties the roma says ke children sn at school i don t seem to have seen a lot of them and boys walking,0
turin girl raped by a migrant in the park after the disco,0
care at no cost even for illegals,1
why english muoion without cold root and the infami immigrated no we are to a bruutto point of no return why must they be italians that treat the immigrants better than the italian brothers,1
staseraitalia rapists among migrants are mainly islamic because the woman for them nn is worth nothing she is a slave to rape to be beaten and to submit to their will thank the governments pd from the open doors to everyone,1
italia del pd renzi e sinistra everything down to big bitches but important is sending 6 million year x immigrati surgonatevi traditori url,1
tripoli skipped the agreement between italy and libya on migrants url,0
today a serious problem that has definitely come and increased by uncontrolled and unmanaged immigration and the nigerian mafia go with him whip it 10 times ambient interception,1
muslims proudly pray on the street and in all places as well as in mosques italian gods of their imbecility,1
the cei contests the government s maneuver penalized the weakest la voce e il tempo dear cei the package has ended no more money to keep immigrants do it with the vatican money and don t break the url shit,0
he is with the workers who have locked up laughing at two roma who were rummaging through the garbage url,0
dispatched to malta the 49 migrants then will be transferred also to italy salvini never given lok,0
user the voters are not unprovoked they will notice sooner or later that he talks a lot and realizes little the mass consensus is based on immigrants they are always around and no repatriation i wonder how long it will last i think little,0
trump sends away migrants again,0
user user the refugees why do i have to pay them and to them i have to pay them again,1
the only thing to do is an anti islam law is not a religion but a violent fanaticism discriminatory pedophile url,1
police maxi checks against widespread crime and irregular immigration url,0
user user the numbers of the pd are always wrong especially when it comes to migrants,0
user islam religion of peace will never be acknowledged url that i peced true imam of roma s mosche url url url url,1
these still reason with heads of 2000 years ago worse than muslims,1
woe to you if you allow such a mess these cowards must not arrive in italy mr minister immediately drive out all the islamics take down all the mosques let s get rid of these terrorists and cowards who beat women because men would take them,1
and there are those who would want this crap in europe islam isis corano url,1
stop just justify the crimes of migrants in italy we already have too many problems with our criminals and the mob we don t need more criminals url,0
you may have met foreigners in rome who sweep the sidewalks asking for offers to passers by one of them at the sight of the police hurled at the officers to hide his activity it was not the cleaning of the street but the drug store let s return them,1
excepted by sanremo the song of newtrolls titled open doors it is sovereign and not in line with the positions on immigration of baglioni dismissed without a word from baglioni it is the greatest regret of the new trolls url,0
tg3 seawatch unaccompanied minor migrants call home so we ll know where they come from and who they are their parents delinquents,1
user municipal police increase and fixed cameras in the roma camps but at the camp in borgaro the toxic fires continue,0
and by the way i started writing hard on twitter in self defense which is when these morons went to the government and i did well oprateiporti are human beings and children before foreigners,0
textile architecture as a response to the temporaryity of accommodation for immigrants url url,0
salvini and you re right i know so many too many everywhere immigration mass also in brazil url,1
african sfrontazza who wants the apology of salvini but they apologise to the italian people when will they begin to make them with all the folk who sent as migrants,1
user no to islamics in church everyone has his parish and so far the good penalism url the host islam at mass offends the church the faithful rebel url a offende church i faithful si rebelline 1638557 html,1
user user user countries live again by bringing work and development not turning them into refugee centres,1
the usual refugees nigerians and the well thinking are horrified if people then react the absence of justice is obvious it takes order cleanliness respect of the rules and punishments for anyone who violates the laws url,1
now migrants are pirates four nigerians are sneaking on a grimaldi lines ship and once discovered they threaten the crew by forcing them to take them to the uk now they are stuck in the thames estuary and are in negotiations with the police,1
to the march of peace appeal for refugees precarious people and the environment il gazzettino url,0
i repeat the full legitimacy of the relief interventions of libya that thanks to the presence of the international organization of migrations guarantee the respect of the rights of immigrants and more rapid rescues to the face of those who want open ports for all,0
migrants clandestini i was wondering will it work anywhere like we do if an italian goes in congo senegal nigeria marocco tunisia where many of their fellow citizens starve they place it in an all inclusive hotel for years with white headphones and smartphones to spend the time,1
user these happen shames teachers are from the deep south as the principals our traditions are sacred the left and dead and buried to the north foreigners are no welcome guests must work and remain mute like fishes or you will be returned,1
riace sindaco lucano arrestato per favoriggione del immigration clandestina in handcuffs domenico lucano mayor of riace symbol of the reception of migrants and loved by saviano salvini who knows what the buonists will say url,0
bring them back where they came from just give an example they don t have to set foot in italy even if they re refugees we ve broken our balls go fuck themselves ship block now,1
the foreigners bullied even in the queues for the 730 with the elderly after a while the popolo kicked him out beautiful day,1
at this point no one can claim that libya is a safe harbor user just ago during his visit to tripoli shifted and grieved for the conditions of migrants in government prisons pay with our money url,0
don t let anyone without documents land and have no right not and crime promote illegal immigration make false marriages for the purpose of obtaining citizenship instead yes all the difference mimmolucano matteosalvini url,0
immigration and security decree the council of ministers unanimously approves daily fact url,0
user it is before the eyes of the world islam wants to spread the house of allah with abuse and violence it is not a religion but an ideology that recruits individuals who are indoctrinated and then kill the infidels submit the peoples to deprive them of their freedom of thought,1
user user we focus on regini and salvini only x hit the latter of 41 of rapes committed by foreigners and 30 of foreign prisoners in prisons no word about 5mil of foreigners and 62 mil inhabitants but do you think you do not know the politics of boldrini,1
user crazy we re helping the islamics to submit to that religion that we don t have to accept our churches are burned together with the priests here we help them we re a fucking people the church first pays the debts and don t think about helping islam assholes,1
user that sucks worse than those who express their hatred for immigrants it is those who pretend to love them and exploit them,0
user user do we still have to suffer to get these disrespectful and delinquent muslims out of the way,1
rome racist assaults on buses gang of minors terrorized immigrants they showed up in groups to surround their victim and after insulting her with racist phrases attacked her violently using kicks fists and knees url,0
satire unleashed trump against the statue of freedom incite immigration anachronistic url,0
user user all our countries of europe muslims and migrants of shit out,1
nato message to russia syria iran is clear especially now that syria holds the nato officers who directed islamists in aleppo,0
displaced the abusive nomadic camp with almost all affected residents the maxi blitz url url,0
quintacolonna oh but muslims have broken their dick here we are in italy and we don t want puppets masked with veil eh enough,1
with the attack on syria trump chose to be with terrorists url url,0
salvini will save us from black clandestine men from muslims carrying terror and homosexuals salvinidon t molare weconsalvini forzanaplesalways url,1
to the self combustionists in turn we must show this image again it perfectly represents islam and its ideology of death the islamist is always in permanent jihad whether he lives peacefully in italy or he carries out attacks cunning and violence for allah s sake url,1
user user is not speculation but simple observation that i share stopislam because all terrorists are muslims,1
decreesalvini contrast illegal immigration ensuring the execution of expulsion measures permission of temporary stay for humanitarian reasons protection for minors citizen protection for foreigners convicted of terrorist offences,0
bari cara fire migrants help to put out the flames,0
while italians can not reach the end of the month this is how the pope always thinks of migrants url,1
a new post vicofaro migrants evicted from the reception center sleep in church don biancalani i can not send them away was published in playhitmusic url,0
user user a musica e cagnata e o popolo e contento stop immigration without control we are not the cesso of europe we want only children and women from countries in war of palestrates and nullar girls we don t need,1
naples updates on the planned eviction of 1500 people from the roma camp of via della brecce url,0
user londra westminster for how long do we have to endure to die before kicking in cu o muslims,1
denmark rasmuspaludan party stramkurs anti mass immigration in a demonstration launched the koran and the moderate danish muslims destroyed shops 70 burning cars clash with the police 23 arrests islam url,1
virusrai2 the immigration solution is to do as they do in spain a hect of lead for clandestine,1
with the dioxin smoke of toxic burns i wish you a beautiful roma camp at home to all of you in the studio url,0
user user user user user user user user user user user user user user user user user user user user user 3 these are the verses of the sacred texts of islam that muslims apply when they have to exterminate jews and christians starting from 627 when the same prophet muhammad personally beheaded all the jews of medina milosevic what verses of the gospel did he apply,1
user always said after short infatuation that the user was pro wild immigration,0
user but you are complicit in the islamic terrorists who blocked my account i wrote they would go all these islamics locked up in concentration camps for the rest of their days who is against them is complicit in their criminal actions,1
user i posted the video link of the two cut out norwegians and twitter blocked me motivation translated you violated the rules by publishing a link that could make people aware that muslims are not compatible with civilization and human rights url,1
sources of the viminale telephone clarification between salvini and baglioni on the theme of migrants,0
rome nomad tries to invest the agents they shoot at the car far west at the roma camp of salone url user,0
islam jews are afraid and run away from france because of the radical muslims user url,0
news chinese student died in rome stopped a third roma the messenger url to keep updated stay informed,0
boldrini trump dangerous policy strengthens terrorists here is the paladinba of strategy 90,0
waste fires in the abusive nomadic field between manfredonia and cerignola the video signal of new force url,0
salvini and the islamici in italia who want to kill us eh no my dear for the muslims it would be a sin to touch the pigs,1
user but it s useless to say these things the order is yet non islamic bombers actually islamists but only crazy here the robbers 5 the italian leader of white race and the other romanian roma not cited probably the white met them x street and said to them make na rob,1
user user sti communisti ticks because they do not emigrate to algeria arabia etc since they find themselves well with their islamic brothers,1
piazzapulita l isis had to be stopped before have you already forgotten all the massacres against azizian muslim christians the throats cut,0
the pd at milano decides new tricks to tart the italian traders and pretends not to see the dozens of abusive sellers of counterfeit goods and not only that they station around simply assurdo url,1
chinese died in rome stopped a 20 year old he is a nomad in the camp of via salviati url cronaca news,0
migrants cozzaglia escaped from the patrie galere are the blessing of god but what god money every day the same tarantella to the broken dick to the broken dick to the broken dick now there s everything in it fuck you fuck fucking fuck fucking to the broken dick url,1
ong malta does not want migrants first agreement with eu,0
global compact only rights for migrants and zero duties censorship for those who dare to criticize them no firma user url,0
the arachetira police stop only roma italians and immigrants don t even get close to them risking their lives,1
caporalate hundreds of migrants in inhumane conditions six arrests in latina,0
user salvini in any case one more one less of course we also lacked these 51 migrants from the salvini in africa there are millions who would like to ask for asylum in italy we also open humanitarian corridors while in italy there are no economic problems and then there is still plenty of room,1
for 4 years we haven t been able to erase rom from home where we live who thinks about it no direct quote also helps user,0
user the roma the africans in general do not have the same concept of parenting often for them the children are just tools or simply the result of a biological act no matter if then maybe they die of hunger,1
user user decreto1 masterpiece of institutional racism assimilates the problems of internal security such as organized crime mafia to the theme of the management of migrants as if removing rights to people fragile asylum seekers solve problems of the country,0
those who want immigration 2 maybe it is not all philanthropy perhaps someone bets on the african workforce it is illegal abundant willing to do anything underpaid and above all deprived of the guarantees obtained by european workers,0
user user but who s in the government the left no talk to your elected ones don t always talk about illegal migrant ngos the government is yellow green the decisions are up to them instead of beating hands when they make promises ask for concrete facts the words stand at 0,0
but he s still here i was hoping he d come home with the islamic brothers,0
mayor of pisa the separate part time clerk with a child you see denying the popular house in favor of a perfume and right not for me agora,0
exploitation of prostitution and aiding illegal immigration arrested nigerians agrigentini url,0
the fairy tale bouasse from migrant to roma url footballer,0
rome roma fields to be closed by january 31 2017 the plan of the capitol url user to their country,0
international migrant day unions pensionees of cgil and cgt sign appeal between italy and france url,0
all the infallible tricks of the roman robberies how they screw you with a bib and a baby url,0
user and with the welcome of those immigrants to give work to the calabrians think a bit,0
user it is worthwhile that baffone stalin would have settled them all in half an hour the muslim sympathetic and not only them,1
the roma will also be the meanest ethnicity thief liar of the globe but not justify this not at the zoo give to url,0
user islamic luridis they believe they can conquer science intellect knowledge culture love art with ignorant children,1
illegal immigration to bergamo the interceptions of operation yuan,0
user non muslim women for muslims are all whores even nuns,1
user in rome for the end of the month will be ready the project of the raggi junta to give homes to all roma this is m5s,0
the case of salvini and di maio can have several explanations 1 are sold to a foreign power and paid to destroy the country 2 are masochists 3 are sadists 4 are sadistic 5 have suicidal urges 6 have had serious problems from small 7 are idiots,0
immigration viminal 500 euros each to 13 thousand refugees to get them out of the reception centers,0
user wake up renzi you don t have to say that it s all quiet you have to close borders you renzi let terrorists in,1
evening of the school of politics on islamic finance user user user user url,0
padova acrobat thieves climb the gutter stop two nomads one pregnant at 5 month url,0
to the president excellency italians can also die of cold important is to welcome migrants,1
what a rip off alfano after the terrorist s murder in milan couldn t give the news and take the credit url,0
user user user i hope that everyone like you will one day find themselves under the house all roma and clandestine,1
i see the video of the execution of a woman because you could see her ankles imagine when the middle east and africans will be so many it causes immigration as the vouchers want so who knows how many executions and the victims will be us,1
to be correct and precise these people are not migrant a migrant enters a syato with real documents call sheet at work accommodation health insurance bank deposit while a clandestine is who enters without having a dick and is maintained,1
people think that count and salvini are really fighting about migrants ahahahahahahahaha italetta but don t you recognize the farce in progress do you really not understand it,0
this is the treatment that islam reserves for women other than peaceful religion,1
if you don t want to mess around the neighborhoods x the good of the italians you have to find workable solutions otherwise you do worse in my opinion then tell me who gives a job to a roma if you know him,1
the libya on the brink of civil war what do those who faint for 10 deaths of measles and silent about 11 000 deaths of pneumonia say what do those who supported the attack on gaddafi creating lagers and refugees is it understood that i am talking about pdiots url,0
the horror left by the pd government 700 thousand italians homeless and 170 thousand immigrants in hotel url,1
url this is what surrounds your shitty rises as well as a lifestyle that stimulates only the pipi,1
bitonto after gorino the inhabitants prevent the arrival of 27 migrants and in san giuliano di puglia is controversy for the 5 urls,0
user we don t want anyone we don t want to keep anyone we don t want islam we don t want usurpers murderers and they have to put it right in the head otherwise we don t want them either,1
user so i can also defend myself from extreme right wing thugs attacking foreigners gay any minority in my city good to know one day there might be one of your rounds among the victims if someone traded a person for a thief,0
heraclea refugees protest for food and throw it on the street,1
macron salvini both cut taxes to the rich and favor businesses both take it out on immigrants they are the same thing defend the same class interests it was clear before it is even clearer now,0
user but then you ve never seen an islamic who tells you i m with isis you re more asshole than i thought,1
it s not okay i can understand that salvini has been disliked by europe but that gentleman there should not have allowed himself to interrupt and say shit like that we migrants have welcomed them but many do not work unlike us italians in luxembourg now where is the job,0
user user is the same as his cool comrade he talks about repatriating from criminal aliens in jail then turns out to be just fake pro clandestine islamic africans and unpunished free criminals,1
rome a japanese tourist is surrounded by 5 roma three of them url,0
di maio roma camps must be closed to the european 5 women capilist for the m5s,0
rome five acrobat robbers arrested climbing on a url balcony,0
roma camp under the overpass news milano url,0
user since we re shit they have to fill the roma fields with shit so everyone drowns,1
all criminals come to criminals with impunity in italy let s go get even future islamic terrorists,1
the communist s shooting salvini s migrants racial laws return they are the razzists against italians user s url,1
original news to catania the 47 migrants of the sea watch will be welcomed in seven european states,0
francia gilet gialli the french police arrest a woman over 70 years old even with handcuffs at this point but onu the bachelet where she is francia is immune to human rights or only migrants treat the inspectors only send them to italia url,0
2 2 the qatarcharity accused of financing islamist terrorism has allocated hundreds of funds to the construction of mosques in italy in particular in lombardy it also finances user the ngo of the event to be held in milan url,0
mylifeproject roma 7 04 h11 user first launch app for foreign minors msna user user url,0
the real enemy is not migrants but those who deport human beings from africa user staseraitalia url,0
user user user user i ask you not to give ignorant people who vote for a different idea from yours see you can also be with ushow much arrogance there is against us by those who are welcomed by our countryto the face of honest and perfectly integrated foreigners,0
user user i make my 6 year old daughter attend the refugees how do i look at her lovingly as she looks at them,0
user user user the italian idiots have already taken the bait forgetting why renzie was allowed to overtake the debt because he welcomed the migrants pieds ignorant and stupid,0
user user correct this you and your family members organize and go to your immigrant friends and really help them by satisfying them sexually instead of leaving them around harassing and raping women who don t want them go to any station and have fun,1
i don t understand but if europe needs immigrants because no one wants them and they re all ours,0
when you declare yourself pro islam and pro lgbt community or feminist you are fantastic islam the gay throws you out of a palace women s rights why do they have rights but take away that san daniele who put you from your eyes,1
error,1
that s what s going on with the immigrates do it pure but as a sun without putting your kids in danger tunisino ammazza di botte un bimbo e ferisce gravemente sorellina galera for years and explosion for this monster stopmultikulti url,1
but we were so good in the 60s economic boom and foreigners were beautiful swedish english or german now hordes of horny niggers angry muslims filipinos pakistanis but what the fuck do we want them to do,1
grosseto migrants working in the archaeological area but the mayor says no before others come,1
imams indoctrinate them by explaining that westerners must feel honored to satisfy the desires of true muslims the serious problem is lislam url,1
voxnews the terrorist next door history of the refugee fan of pd video vox vox follow user url,0
your story comes from afar tell it and become the protagonist the dimme migranti multimedia diaries contest expires on april 30th know someone who has a story to tell share this post and help us url,0
user frase was very poetic but don milani was also a very practical man would he have had an uncontrollable and out of control immigration of desperate people mostly destined for prostitution slavery in the fields crime i don t think so,0
immigration the figures of the triumph of matthew salvini landing at the minimum for nine years,0
user user is a good thing that there are them who manifest for more migrants and more for all,0
drittoerovescio the rules and duties are only for us fools roma are criminal bullies and always tell the same story that the nazis have gasped them but i think they have multiplied ever since,1
from the communist forces you want to take these migrants into your home these homeless our brothers who come from other continents,1
illegal migration between morocco and spain moroccans shoot,0
in newsstand on the newspaper of 5 january ship of migrants count and di maio climb over salvini,0
user not all islamists are terrorists but it seems that all terrorists are islamists,1
user user a question since they are not all refugees what do we make them do to these people as well as criminals,1
holland to italy we do not welcome migrants the captain of the sea watch finds a url port,0
pisa today piazza della stazione migrant masturbates on a bench where there are women and children a gentleman looks at him badly this in a stunted italian explains that he has physiological needs so he wants to be left in peace user user,1
user user user these are the refugees that we must not only mantenere after they steal rape they kill drugs now they want to kill our salvini now salvini who are next,1
sms leftmafiasionism for sinisters and zionists hegemonic minorities the state is a hostage the bau bau blackmail the return of fascism a new jewish holocaust ready the reductio ad hitlerum or reductio ad nazium url,0
user user the only one who will pay will be the white drug dealer since blacks are always decriminalized not to be accused of racism but above all not to confirm the danger of wild immigration made also by criminals escaped from their countries,0
user getting around rome is getting depressing homeless nomads and immigrants everywhere the city torn apart user,0
user general tests of regime 80 years ago with the racial laws were excluded from the schools the children jews vergognant leghists,0
papafrancesco even if the migrants bring to italy the mafianigeriana what does it matter after all the mafia invented it italians so what do you want do you realize that over the route it supports murders and trafficking of organs of children soros who the fuck did you send us,1
roma via cipro night raid of the vigilantes against the abusive markets of the roma identified 14 people photos url,0
domenico lucano mayor of riace has just been arrested for aiding illegal immigration knowing nothing about him i google him and find this url,0
sanremo 2019 the question about immigrants gets claudio bisio in a press conference,0
are concerned about the life situations of criminals and immigrants who live how the population honesta lives the italian government fa schifo,1
21 20 uff immigration user people in a row in the rain in the cold hoping tomorrow morning to have a chance of life frustration is felt accansion towards those who want to be recognized a right think about this when you read the dl salvini url,0
sea watch 3 in front of malta migrant throws herself in the water for desperation negotiation for reception,0
these are the fake labors of which the sinister has invaded italy they do not escape from any war we keep them for years and in the frattempo spacciano droga rubano stuporano ammazzano nigerians without scruples that should be subito remputati,1
baobab the migrants at the capitol rome like europe raises walls romanonalzamuri user url,0
user sorry but i had to keep quiet about strangers i thought i knew how to make pizza,0
case are the kurds fighting against isis terrorists url,0
the pamperus condemns the drift of hatred clinton and obama attacks against easter worshippers mattarella and count do not exhibit much that islamic terrorism the victims christians in their churches and western inutiles back the words hypocrites,1
i vote right away when we start hunting migrant usurpers even syrians at sea you re nn we care url,1
user if they still haven t figured out how it works then they re the first roma,0
citizens and militants defending legality to say no to the abuse of the roma market in,0
i attacked on the street milan is in the hands of foreigners il giornale off url,0
we still have to accept something from these craps migrants secretly downloaded cheap diktats blocks at the border we have something in common with these here url,1
florence for ten days they have been sleeping by car in a parking lot father mother and three children all underage you give food accommodation money to so called immigrants while our fellow countrymen live in these conditions user url,0
welcome to france where an african migrant completely naked attacks the citizens wildly do we want this in our cities european governments have given the green light to the great invasion stopinvasion italexit url,1
we are a people of fools let foreigners do what they want let s draw them with the same coin,1
austria new force demonstration in favour of hofer also slogans against immigration url,0
user qur an and islam religion of peace and tolerance primitives,0
we lack only the ovens but what perspective do those immigrants have that with the decreesecurity will be thrown on the street here nn it is about who has to enter but who is inside that nn is legally and humanly protectednn you really want to face the immigration problem,0
what about of the gf to which its states were shown on facebook against migrants two weights and two measures but shut up goes gfvip,0
cagliari police are unable to contain this migrant manifestation they ask for 5 star hotels apartments with underfloor heating and 500 euro coupons to buy chickens in butchery malal url,1
user they all sleep while these lucranos with the migrants and they threaten us as well,1
but no one talks about the fact that the roma maybe had a good time he laughed at the end biancoenero,0
user since to be too good if it ends with the ass broken out of italy tt is not racism is defense and islam out,1
user like all immigrants is also arrogant thanks church we missed these priests,1
chinese student died in rome stopped a third rom url url,0
rome italian robbed and attacked in the campo rom la berbuta 5 people stops url url,0
user forward all these immigrants continue to take us just for the ass finished the junk,1
san donato cleared roma camp near the motorway milano url,0
from your side of pavlovic answer why are the roma invisible dappertutto all over the world maybe xk made of all fuork integrate,1
given and considering that 90 percent of migrants are economic and mostly illegal it is time to shut down in all italian cities the companies of the good managed by the red coops who thanks to immigration bill millions of euros,1
the traffic of apartments to illegal weddings and a roof,1
mattarella maybe we should go back to talking about impeachment url if it vetos the security immigration decree launched by two parties that together represent over 60 of voters,0
cardinal mller we can not pray as or with muslims,1
user symbolic violence can do much more damage than some burned cars refugees roma don t have insurance,0
how much did they pay them chinese romanian romans or limortacci them url,1
migrants do not pose a risk to public health alarmism no thanks user url,0
user to a migrant who has been denied three times refugee right has made him a false identity card this would be civil disobedience it seems to me a delinquent mah url,0
tonightitaly italians do not want migrants to be maintained because there is no demand for work do not get there we want security only if they are expelled there will be everything else is fucked,1
why don t we kick the immigrants out of the hotels and bring the earthquake victims and all the italians who don t have anything,1
user enough refugees in italy please enough,1
rome had become the nightmare of primavalle students 15 year old roma url arrested,0
there is a whole market that aims to bring migrants and engage nigerians in the prostitution network it is a mafia enterprise that relies on all the militias in question they receive external funds gheddafi funds used by belgium url,0
user from which war do migrants from ivory coast escape so difficult to distinguish asylum seekers with rights,0
today the pope also asked for european rulers not italy a shelter for 49 migrants at sea with good peace of those who use the subject migrants for propaganda and pseudo political struggle exclusively partisan,0
user here islam user you have nothing to say idiots you are idiots with all the rights you want to grant to these people,1
user respect for pd have you ever had respect for english have you plundered savers removed workers rights impoverished many people with taxes and downward wages have you filled litaly with criminal foreigners drug dealers murderers,1
six out of ten immigrants among the inps recipients have never paid contributions so not only do they burn fingertips give fake names occupy jobs while our children are desperate they also fuck our pensions boeri you have to get the fuck out of here,1
user user user muslims are all potential murderers,1
order of yahweh god of jews catholics christians islamics to date never revoked kill them all url,0
all these immigrants who instead of being slaves in italy go to be slaves in malta shame 1 11 i don t even read the whole article i go to vomit url,0
rome fight in a nomadic camp during a census 5 url arrests,0
user user user there are hundreds of thousands of immigrants of whom many illegals who exploit public health a free at this point we prefer our pensioners who at least have worked a life and should no longer pay a single penny of taxes,1
hundreds of reliefs off libya in 3 days url over 120 migrants ticino,0
they don t want to be buried near us because for islam we christians are infidel dogs let s bring a few million more to europe and you will see that disastrous future we will have stopislam stop immigration url,1
how strange the cotechino terrorist committed suicide in prison hanging himself with a t shirt at the url door,0
in strasbourg they killed him with a blow to the back of the head at the 2 scandinavian girls raped and detached the head directly we are the 1st civilization in the history that attacked does everything to justify who kills us modern islam does not exist islam is death islam is url,1
with user to disassemble stereotypes related to the immigration story s4p2016 url,0
user user what nn endures is the result of free movement nomads of other countries on the grumpone,0
user azz if there is it is necessary to update the girl of what you think and say of the niggers of the migrants maybe she is all dark but she will be informed,0
migrants will also want to go abroad but it is the same foreign countries that do not want them gabbiaopen url,0
attorney doesn t want to raise half of rome my family how he cancels the residence of the roma granted him the vi city hall user,0
rome a new roma url field will be born via user,0
illegal immigration arrested public officials in bergamo,0
eight and a half decreesalvini maybe you didn t realize that people don t just want immigrants point,1
naples migrants sing bella hello with de magistris,0
user user since immigration began there has been a subtle and hidden plan of reducing professionalism and wages in italy everyone has earned it the cooperatives of the new slaves and the entrepreneur unable to renew himself with unlimited labour,0
now ankio i will go to emigrate since here everything will be occupied by foreigners so many of us italians do not care shameaa,1
lislam parades today celebrating muhammad not in islamabad but in portomaggiore the fog has invaded our minds let s go back to discussing nativity scenes that is better url,0
user and for these niggers no investigation for sequestrian in person by the usual magistrates who make politics in left,0
user user user every day to scare people and finally defend immigrants clandestines markets europe technocrats and feminists who do not defend desires or islamic women,0
rome a woman found dead in roma camp in via salviati she is the missing chinese student url,0
a neapolitan fleet to help migrants luigi de magistris idea to solve the sea watch issue what do you think url,0
force new welcomebusiness stopfintirefugee just immigration url,1
rome hits a sheep with a ball roma child blinded by a shepherd url url,0
user user user ma quale immigrati lardosa di merda quella feccia african with what you filled and distructed with your french conflega francese nato by an experiment in providance with their original splendor you must keep you hitler traveled by woman,1
then you don t understand why torremaura s rom thieves don t want them and ostia s rom mafias support them with parties just strange those of spadapound url,0
26septembre three foreign citizens gave drugs in favour of afghan and pakistani asylum seekers guests of the cara di gradisca d isonzo citizens from moldova and bangladesh and local youth i hope that they will be expelled thanks to d security,0
in fact rather than first the italians first the italian to the italians that then the money stolen for the italian lessons to migrants already destined from europe is not that they return to the italians eh url,0
there has been no increase in crime compared to the increase in the presence of immigrants the post url,0
user user user not all islamics are terrorists but all terrorists are islamic,1
ship diciotti migrants ask salvini and conte for compensation,0
roma migrants after closing baobab 18 thousand transited via cupa url roma url,0
user user user user user user user user user living in the middle of two roma camps in rome i can confirm that this policy is suicide if you still want to foment anger and hatred between citizens and institutions well congratulations target centered,0
possible reactions 1 personal freedom reduction 2 fdo also in the toilets 3 hunt to the muslim 4 syria contingent increase new taxes,1
user i appreciate never giving up but here to have understood it there are 10 in all of italy and we don t count a dick the obvious purpose is massacred ergo will continue everything as usual so the bue people think of immigrants,0
user as long as islam is not banned by law throughout europe its advance will be inexorable and we are in danger the sooner we understand it the sooner we save ourselves user,1
user user user if it s immigrants stay quiet ke even if they kill go to jail they have no blame,1
user a moderate islamic x gonzi khalid chaouki mp at expense ns ask what do you want to from life answers a lucan priest,0
infamous military traitors the navy brings invaders and they stand up for the terrorists eliminated by the url,1
diciotti baobab it is not a crime to accompany migrants to ventimiglia they will form a civil part url,0
user the vicsion is not compulsory in islam x hygienic reasons are made tradition is not religion in the middle were sense today they are antibiotic and disinfectant millions of euro get butted by and the risk of dying,0
staseraitalia what the ns tg nn dicono all the eu countries are in revolt for the immigration that they have suffered and x this forced reception europe does not fanta di nulla _chuckles but don t you see who is invading us are all islamic is that what you want,1
come on don t worry everything passes i recommend water and sugar maybe it s a lack of energy rom leiene url,0
user i ll help you this removal citizenship bullshit without explaining what we re gon na do with it because it s not that if you take away the citizenship from it or recover the citizenship from it it would only be for the terrorists,0
why is this horrible nonsense not talking about,1
created by qibad university students a fb page that aims to overcome islamic extremism with url art,0
nomads from all over italy to pay homage to a delinquent sinti identify them all and search where they live url,1
meningitis made tb made truck bomb poisoned water to do bastardislamici,1
the reality is quite different from the left fairy tales germany afghan migrant rapes and kills 19 year old volunteer url,1
user you know that there is for that 1 7 you sold italy to barbaric and savage immigration by importing people who are tearing our social state our welfare culture it s really worth eating bread and onions rather than destroying the country,1
the confidential dossier on landings in 2017 more than 250 thousand migrants url user italia minniti,0
savian to defend as always those who exploit immigration url,0
newspapers about the attack in strasbourg speak of a radicalized and perhaps of terrorism woe to speak the word islam unrighteous to readers and victims because it is first and foremost for them that we must call the murderers by their name islamic terrorists url,1
the decree salvini on immigration explained in plain words yes it has no intention of solving the problem because as long as you are afraid you will continue to vote for it not stupid url,0
user prepare your muslim suitcase you will come home kicking your ass,1
roma institutions allow children and boys rom to be around stealing and or asking for alms instead url,0
houses of luxury and out of series car deflated who knows how much band of nomads thieves and drug dealers url,0
user only left wingers can defend gypsies and roma who steal from morning to evening,1
vittorio feltri the pd drips in the polls and with the pro immigrant processions they will lose again url,0
user immigrants like france germania delusi in mano isis x attacks harakiri merkel help in africa so much to do berlusca alarm clock,0
italy to the italians via irregular foreigners and their flankers,1
user that s right and the very scared delinquent at the delivery of the paper immediately leaves the country because you know they are delinquents but when they are told to do something they obey immigrants delinquents good people,1
user user user if muhammad came back alive he would last a week the muslim fanatics would kill him,1
islamist terrorist bastards and cowards they are kneeling all north africa without tourism egypt tunisia morocco,1
user user but you aren t italian m ashamed of being just a gaudeloupean racist of the french metropole by the way is your bank account in france or in the caribbeans or in luxembourg that welcomes migrants fleeing the tax evasion of their country,1
i ve always written and said everyone s fucking assholes from italy all the islamics of the fucking mahomet via a fank url,1
a few days ago a small group of youngsters probably of foreign origin broke through the fence of the park belfiore in santa maria del rovere also damaging some games url,0
carabinieri s blitz at the roma camp of favorita a fugitive appears wanted for years url,0
happy new year to the 5 million immigrants who live and study in our country the relationship with others is not a limit but what makes sense to our existence thank you mattarella,0
user yes we are still in italy the country of impunity foreigners know it well,1
user user maybe because the people who make begging are the migrants who despite being kept they break the balls in front of the public exercises and they want money and not stuff to eat,1
londonattack ask the goddamn buggers what they want to do with islamics because if i ask they re just insulting me on the mouth,1
user user is the theft of the heart and brains of people by salvini or cardboard by the roma,0
only an idiot can answer the question the migrants come to us because we too went to belgium or usa apart from being asked who was in belgium and usa africans islamics no europei and the same millenarian culture only this works,1
user why didn t you say so in october 2017 when it was being investigated for aiding illegal immigration perhaps because after march 4 2018 you downgraded it to civil disobedience,0
user i roma in the cozy parioli district now,0
user lincipit is correct but i propose a more realistic ending the rich says to the poor look that this last glass you have to share with the black and the roma that we are going to pick up and bring you here otherwise you are a dirty racist,1
citizenship income boom of demands from foreigners but in april the total questions slow down strangers and what the fuck italians work to keep them url,1
dear dimaio and conte welcoming women and children means boats loaded with women and children let s not say shit to satisfy some badass or to hold an armchair salvininonmollare salvini portichiusi blocconavale migranti url,0
user who knows why only one spoke in italian of course the others were foreigners cmq or you give a clean cut to these irregular foreigners or soon there will be anarchy these refugees do nothing to lose so they do what they want at home immediately url,1
user user first help and help the italians in difficulty that thanks to the false goodness pro immigrati sinister are hungry and in the middle of a road patience is over whether the pontiff likes it or not primaglitaliani salvini stopinvasion,1
cona the manager of the cooperative to migrants you are macaques url via user,1
you will never understand that won t you muslim nn can and don t want to integrate their filthy religion forbids it they kill jewish christians and how many nn are faithful to islam enough looking at the world and nn turn your head on the other side to understand,1
a heartfelt and interested appeal to the user stop writing for a month a year as much as you want but do it user and user on the issue of immigrants these are economic migrants seeking irregular refugees according to the bossi fini,0
the globalcompact is terrorism it kills the right of peoples authorizing entire masses to settle in other people s lands without those who own them being able to oppose it it gives the strongest people license to drive out of the house and kill the weakest damn bastards enough noglobalcompact,0
following 80 year olds home barrels and robbery in the elevator two roma urls arrested,0
video rome shock interview with imam rome is already muslim moderate islam does not exist url via user,0
the hypocritical blindness of multicultural nefarious ideology deludes itself to being able to live with fake feminism mov lgbt with a good and tolerant utopian islam they will save their insignificant existences only thanks to the hated sovereignists user user user,0
in padua the roma return to their home thanks to the legist mayor url,0
civitavecchia roma woman surprised to steal near residential area third binario news url,0
user is from of the figs that isis is already in italy with the fake immigrants reasoned as they do to land it takes aviation,1
i am in strasbourg at the european parliament vile attack on the heart of democracy the acts of terrorism and violence must be answered with unity my most heartfelt closeness to the families of the victims and the wounded italy is close to the french people strasbourg strasbourg url,0
italy cruel forced eviction on the eve of the international day of roma urls,0
after paris how do we protect ourselves i would expel all muslims who have traveled on dangerous routes such as syria yemen etc or all or ness,1
the idea of the five stars in rome a free tax area for the roma user hope to repent otherwiseno m5s url,0
civil rights extended to civilians are not also favoring isis terrorists western governments seem not to make decisions,1
foreigners first turn their kids out and then they look for subsidies for italians no one does anything but if you re in economic difficulty they take your kids away,1
do you understand they want the destruction of our culture of our family values they want to take away our lands our homes they want to reduce us as eternal migrant slaves url,1
less landings less migrants so less money for the reception the sinisters have eaten us for years on these migrants friggassone totally of the italian url,0
they all say libya is not a safe country work to evacuate all the refugees from this hell eritrea migrants eritreademocratic url,0
security and migrants if the ngo fails pays the commander,0
immigrants italian shame how many euros earn with charity and how they spend them,1
ferentino 20 year old girl raped by 7 nomads url,0
tg5 i m watching the islamic terrorist erdogan it s the horror made man of m,1
user user a minister salvini defends the people from terrorists murderers islamic invasion erdogan nigerian mafia scafists and illegals and is attacked by the magistracy ok with this magistracy you have to change page must all be removed,0
rome those runners persecuted by the roma url url,0
other than integration italy for foreigners is a url url visa factory,0
two policemen sentenced to 7 years url were leaving with the roma for stealing at the station,0
user that is a problem yes but not the fact that you study the birth of islam which then with the crusades concerns us as history,0
in italy any person who is this tourist immigrant fan can afford to come here and do whatever the fuck he wants,1
monza fire at bettola in the metro yard wounded nomads and two of his children url,0
rome a gigantic fight breaks out at the roma camp arrest 5 people url,0
retweeted user shameful caravan rom in lambrate at milano thefts and aggressions url,0
on your side houses to the roma cameras in piazza duomo in milan nothing to the earthquake victims,0
the random numbers of salvini on immigration come back this time on the number of people entered the reception system almost a million according to the minister of the interior less than half 481 068 from 2013 to 2018 for the data of his own ministry seawatch oprateiporti url,0
investing in immigrants is not only the right thing to do but also the smart one the appeal url,0
migrants i ve lost the balls of the zingari also of the ruspes even to me that i don t think there s gon na be a euro more for me than for everyone to think of what we do with the boys of the government,1
user all the political situation we are experiencing can be summarized in the fact that we are defending ourselves from islam islam is a deadly danger for europe salvini s actions on illegal immigrants serve to save us from this fate,1
retweeted century of italy user laura boldrini and the pd put it in your head the roma are not a url,0
a big heart salvini does not sue bossi father or even bossi son who thus can avoid the condemnation and even keep the malt pitiful with migrants but a big heart with thieves this is the figure of our minister of the interior,0
european governments are aware of the torture and violence against tens of thousands of refugees and migrants detained in chilling conditions in libya as demonstrated by our relationship url,0
user ha matthew i forgot this priest who dispenses advice try to put in their hands the cross of christ will see what will happen if the migrants do not like our crib and the holy christmas is they feel discriminated that they go to get fucked in their country,1
user in 20 years you ll see that you ll change your mind you ll curse who let muslims into europe,1
user it is the result of 5 years of business reception to anyone who paid criminals to come to italy 700 000 illegal immigrants including many scoundrels brought in to enrich the lobby of relief and hospitality and censis is amazed for angry italians,1
zingari even not even two kicks in the ass and out of the balls are you nomads well two three days after then get rid of url,1
greece un the situation of migrants is degrading truly degracious is the way in which migrants have reduced the beautiful greek islands unrecognizable url,1
baglions with migrants al bano eugenio bennato and peppino di capri with salvini,0
here is the demonstration of the socket x the c or of the minor migrants unaccompanied x who lipocrita left bangs x welcome and defend them they all bring back as date of birth or 1 january or only year of birth then 2002 shame on you url url,1
muslims of islamic faith are violent male troglodytes,1
stefania pucciarelli elected president of the human rights commission the one in favor of the roma ruspes the one who denounced the sprey of public money for migrants the one who liked the post forensics for migrants,0
milan hall cuddles immigrants and they occupy the building,1
the qur an tells him that his wife can do what she wants so either we forbid islam or they don t get into italy another way doesn t exist or let s conform to their shit and soon we ll be like them url,1
roma raggi cancels roma camp evictions gypsies are also entitled to home skytg24news url,0
user user you broke your balls with st islam are we in italy or not,1
user sleep was a priority even in the face of terrorists wasn t it,0
user user instead the left incites them to delinquency by absolving them with the most absurd motivations x they want to come to italy send them back to their country to serve the sentence surely the crimes of immigrants would collapse,1
we have opened our clinics in italy since 2006 we thought foreigners would use them and instead there are also many italians user user,0
take a botte the pane in the course of the taffles were trampled and destroyed the sandwiches destined for the roma they must starve to death shouted some give us the earthquakes the gypsies do not want them url,0
an irrascible refugee who doesn t even calm down in front of 3 carabinieri his country would be to the lead with the url,1
the messenger rome maxi ridden at the roma camp during the census of the municipality rays back to legality if you do url,1
censisin summary it says this the italians want to shoot the thieves they feel entitled to massacre the roma who steal their wallets and want more security at work these things put in their heads one who stole 49 million and another who had workers in black,0
in the name of god merciful and merciful 08 by radio voice of hope islam imam url via user,0
left in the square against the center migrants you can t do it there it s already degraded area are the buonists also touched by the problem,0
presented the global health festival in padua we will discuss medicine inequality migration,0
fire at cona flames in the hub cona hub refugees welcome fiamme url,0
if you don t have enough sounding there are also comments that are even worse as if the 35 euros went into the migrant s pocket same probab people crying misery with much higher incomes and i repeat the 35 euros are for everything then including teacher who does dom inside,0
emergency soft and meningite in italy consequences of uncontrolled immigration and different sanitary hygiene habits let s say it for once,1
immigrants everyone come here the pope s last pearl with scalfari tyfa invasion,1
vittorio ferraresi the young italians forced to immigrate also the fault of the government url,0
tax cuts for all roma the last idea of raggi fdi italians discriminated are url url,0
to prove in a scientific way that europe has roots in the qur an 10mln of are really too many with 10 thousand biglino explained to him that according to the sacred texts our origins are aliens of url,0
the illegals spit on italy we hate you you give us nothing,1
now the school adopts islamic law in the province of bolzano a brochure explains how to behave with muslim students for the independentist party the brochure does not aim at integration but pushes you to submit to the fundamentalist laws of islam url,0
user user cambio argomento m5s is death of italians no gas no tav you are complete of the migrants of the diciotti to get bombe in the eu no create work the city citdinance go to migrants and rom to the vote now basta m5s with the drog trafficant a of battist,0
user user the 5 stars throw down the mask are for the islamization of italy and for the invasion of the roma,1
pocketsdesign user s ungraduated son in coops and everyone else to die in foreign land rip,0
short circuit all female stoners with sharia are muslims pd and leftists want muslims in italy feminist movements are progressive and leftist ergo are short circuit with cause effects disaster url,0
summary we were right but there was a romantic break that s why they didn t vote for us let s have a congress minnites so on the migrants at piazzapulita,0
6 million jews 3 million and 300 000 prisoners of war one million political opponents 500 thousand roma 9 000 homosexuals 2250 jehovah s witnesses 270 thousand disabled and physically ill between 80 thousand and 200 thousand masons victims of the shoah day of the url memory,0
user user delinquenti treat better the illegal rapists thieves aggressors nothing doing because they don t want to work and we disabled civilians imposing us to live with 283euro monthly i am italian i pretend to be taken into consideration before foreigners,1
merkel illegal removal of migrants from italy is not the url solution,0
arrested after the chase two nomads in handcuffs do you recognize them url,0
user i hope we can bring this family christian to italy other than this afro islamic scum islam is not a religion but it is a very dangerous mental illness,1
don t worry i understand the trick we can quietly insult anyone finally gay migrants and women left by giving piece of shit nn will happen nothing but just say that ours is satira i recommend always specify that our insult is satira,0
body of a migrant found between mentone and ventimiglia tried to reach france from the step of death url,0
corriere porta portese est confiscated puppies for sale surveys in the field rom url roma,0
watch out for young italian girls and women in general not to be fooled by illegal migrants and foreigners url,1
denmark then they give racists to those danes who are in favour of sending migrants to an island because of their incompatibility with civil life young refugees beat up a danish woman url,1
rome beating a streetwalker and spitting to agents two roma urls arrested,0
only in italy nomadic camps are protected areas and no authorities set foot on them evil filths all know about weapons and theft,1
rome bribes for contracts on roma fields asked for the trial for 17 url people via user,0
the buonists condemn the citizens of the neighborhood but no one complains when it is immigrants who throw food in the url centers,0
torture on refugees the arrested in milan rejects the accusations i m a victim too url,0
user it would be enough not to vote pd anymore and we would also get rid of so many clandestine roma criminals today protected by pidioti in the government,0
risorse now established sequestrati 30 million to families rom of cerveteri they all have citizenship in principatodiboldrinia,0
migrant molested little girl relatives inflate him with beatings punched by the relatives of a little girl who had molested url,0
rome hits a sheep with a ball roma child blinded by a shepherd url user,0
the reward of those who wage war on allah and his messenger and who sow corruption on earth is that they are killed or crucified 5 33 we need to become aware that the root of evil is islam because what allah prescribes in koran,1
user not all muslims are terrorists but all terrorists are muslims we import them and keep urls,1
user user the only thing for which there should be no space in rome is people like you 5 stars and various lefts who over the years has reduced one of the most beautiful cities in the world in a city that falls to pieces by preferring wild immigration and degradation to honest italian citizens,0
i find it shabby that the fanatics of the social centers give the bust to young migrants to use them as a megaphone against the government in office comrades are wrong to become an instrument of the illuminati negroes are wrong to become an instrument of comrades url url,0
magnificent sublime migrants belong to a subcategory of the human race they can only receive morbid and ill but not transmit them lascienceh through his priest spoke who are you to contradict him url,1
start schools immigrants already ready to sell url their lifestyle will be our way of life by soros boldrini renzi,1
achtung refugees in finale the attack of the final pd to the triggers do you want to make opposition do it but not on the url,0
that s why the roma send minors to steal our justice has the mitigating for minors user user user user quartogrado too good,1
user user user user user muslim believers accept that the koran wrote it not fabio volo but god and that the prophet only received it on himself and recited it if i have to discuss with them i first explain why from a scientific point of view a text is a text,0
user we ll find you when all these immigrants stay at home instead of smashing our balls be quiet and mind your own business,1
the roma in italy are 140 000 we are 60 000 000 or 0 002 piagnoni from your side,0
the recent past rewritten by the ministry of the truth of western democrats nato nato terrorism url,0
laughter of the pd who is still wondering why to lose the elections or pretend not to understand the italians are fed up of your politics in favor of immigrants with the money of the italians who give up the 5 million poor your priorities are soros benetton the banks,0
long live the roma but not in my neighborhood long live the free market but not for my radio long live the cultures of the world but not mine long live austerity but not with my money long live the precarious but not for my son long live democracy but not against my ideas left,0
he was killed he was widely anticipated muslim killer standard terrorist photocopy symbolic place and city origins age and past as per script perfect for believing in an islamic revenge perfect for asking for solidarity from the eu invece no giletsjaunes ahead url,0
user user user hypocrites fakes and menephregists emails and complaints made xke rom submerge us with garbage but nothing,0
user but didn t you realize that these immigrants don t care it only matters to give work to the usual known with the hospitality industry and to crowd people with no roots to have cheap and unpretentious labor,0
you give your son a slap risk that at home you get social services judges communities and even take away your country podest if you can t keep them friend they help you take them away sta rom to take your son and use it as a url defense tool,1
user user user excuse me here you try to reason you don t have to fuck me you re arrogant like renzi that s what s wrong i didn t make the deal with berlusconi verdini and alfano i didn t bring the migrants back to libya i didn t do the job act so what offend,0
user does not make me laugh the problem of refugees is serious and by now our state is not able to help them all,0
you have noticed that the refugees ke land in italy are x most young men and nn women nn there is doubt of invasion,1
they leave water to migrants in the desert four women at trial in the united states,0
in rome 17 suspects to risk trial for 25 thousand euros of bribes on the contracts of the fields roma url,0
user user give me the link come on i want the documents that say that most roma are like this otherwise dumb,0
user user and since all illegals are muslim,0
the aquarius ship of msf downloaded in italian ports waste and infected clothes of migrants and let s talk about infections hiv tuberculosis meningitis scabies it needs more to put an end once and for all to the allignoble trafficking of human beings of ong url,0
scenarios codm approves decree security and immigration here s what it provides url 12,0
user do you think this is what awaits women with the coming of islam muhammad was also pedophile why not the left from medieval to them left of blinded people running towards a ravine,1
user user segregation ask if they are rich or not and if they take unfair advantage of a service italians ask why not foreigners let me understand,0
the two year old daughter of a friend was about to die of tuberculosis doctors the african migrants bring her but we can t say otherwise we get lynched today in naples a doctor dies i think it s also a duty to her to end this fucking humor,1
user user the italian delinquents put themselves in jail and the foreigners delinquents return to the savannah impossible not to understand it unless they are left behind,1
foreign students at unitrieste more than twice the national average given important and positive,0
here radio london rome chinese dead hours counted for those who snatched it they come from the roma camp the messenger url,0
tuscany in controversy just suspend all money for immigrates security and immigration come the new rules wanted by salvini url,1
milan the wreck of migrants in piazza duomo the municipality and the diocese symbol overflowing url url,0
user user and you ve seen it again that it supports illegal roms iussoli and foreign free criminals unpunished to zonzzo,1
user user migrants should not be integrated they should be sent back to africa it is right to make life impossible for those in italy we will not become an african country and if you try again it is the good time that you hunt in africa,1
with the veil you can not pass muslim blocked at ciampino url airport via user,0
instead of being an employee i m a nomad,0
macron is not satisfied with being hated in his country by yellow vests he wants to export this feeling even among italians read this article migrants count to the eu words agree but concrete facts are needed url,0
user roll cutter in libya clandestine in italy islamic war on our coasts mattarella calls captain salvini,1
user what are you waiting for user to grow his beard wearing his skirt and preaching the koran to his friends musulmani eh,1
user it s time for italy to start defending itself against islamism and immigration i don t think there s any will for mafias,1
user user where would he have written that he would like to leave aren t you the ones who say that immigrants if they re sick in their country will they fight to change things,0
interview with juncker scandalous leave italy alone on the migrant url url,0
user europe between immigration and islam presentation on january 19 at the open bookstore in milan url,0
you have never seen from memory a people migrating to a state in recession migrants don t come here to work having a future but to replace the natives by pushing them away purpose the deape of italians people more united than you think,1
user our migrants didn t go as illegals but they asked permission and were required we don t make comparisons that don t stand even with the stick,0
user user if we do not stop muslims it will be our end,1
user user degna della raggi the vote of the islamics is guaranteed as are those of the roma,0
user user felpino i notice that the likes on migrant topic are falling a lot it s not like the italians are realizing that behind this screen there is the biggest economic hole in history that you with gigino and the count boy are digging,0
mom tell me what this story about foreign children in lodi they didn t let them into the cafeteria because they don t have the economic chance to pay for meals and the rules for them are different racist shit synthesis of a healthy 12 year old,0
aquarius points to marseille france tries to brake her tracks in the nearest harbor ong migrant url,0
was it admitted in directatv that unhcr soros mastercard favor immigration clandestine and things go in the dark la7 lariacheira security migrants invasion user user url,0
user user user nuove leggi no a magistrati in politica immigrati drug dealers they stop and bring everyone to nigeria paying nigeria the cost of detention and maintenance in their prisons we pay us it costs us nothing compared to what they cause and cost in italy qs bastardi url,1
a while ago i saw a video where migrants niggers you can say niggers traveled on a train with a newborn the controller kicked them out they protested with the child s excuse once off the train they left him at the station that s who the poor derailed,1
giuseppe conte the background on migrants and sea watch not only women and children bomb on matteo salvini,0
reinsertion nomads a business of solidarity blame of politics torino today url torino news,0
user the good hypocrites accept in their homes the stranger family not in the schools with the money of the italians when islam distructs the churches and does not perform their costruction so everything at your house,1
military navy in continuous patrol to save migrants save everyone is impossible the italians siarrangino url,0
user user i see videos of immigrants circling naked all over italy if an italian gets naked on a beach is arrested and fined and these we have to turn naked x the streets,1
the boom of appeals by sly asylum seekers,1
user user why don t you come to torremaura and explain to the romans why a million euros of public money is spent to keep the roma in a neighborhood where popular homes fall apart easier to say that rome s problem is casapound huh,1
a magistrate reveals out of 10 drug dealers 9 are black and thanks to pd they are unpunished nearly a million fake refugees dumped in italy during the pd governments gave the blow of grace with them the price collapsed the deal became capillary url,0
user piacenza in piacenza resources stole in the hospital in laboratories and patients didn t get to do the tests who pays for the damage leaving there you see only foreigners we are stufi,1
migrants sea watch from 6 days without port eu must assume its responsibilities but where is it written that the eu which would then italy must pick up all migrants coming from africa url,1
biancoenero roma women are not afraid of anything ridiculous they steal and sneak not all citizens who have been victims for years of these roma enough,0
user user user but they use it to support the muslim invasion of italy if you have no brain fuck you idiot,1
user user user user user user user user user user what have you inaugurated the new bunga bunga cultural heritage protection the identity of the people protect it from war and terrorism if you don t first eliminate israel with all their shitty zionists what do you want to protect the shit you know how to protect your ass really,1
podisti robbed at romaostia challenge roma x retrieving home keys wallet and mobile phones url user,0
diseases and right to study denied that s what happened to roma families cleared from via idro the url,0
user stay away from migrants they are dangerous and sick psychopaths,1
in fact all terrorists are young unemployed people who do not want to commit suicide url,0
unfortunately this morning 182 migrants managed to land in lampedusa all safe and sound but if they think they ve screwed me they re really wrong i ll send these criminals back to their home word of honor porticchiusi cuoriaperti,1
rt c_randieri randieri agency_ansa migrants nave aquarius already directed towards marseilles sos mediterranee it s the only port from which to start again url via c_randieri randieri url url,0
user user of course in any case i am not opposed to immigration as long as there are individuals compatible with our culture and society these are individuals who put into a system destroy and raid until nothing is left we have already spent 17 billion for them,0
user user the same thing happens here too only the pilot is there he is a roma and has already escaped,0
hang all the refugees and immigrants form an army and send them to help the earthquake victims and the snowstorms bread and the hotel,0
idomeni cleared the jungle of the largest refugee camp in europe,1
western women in vienna have to wear a veil to avoid being harassed by muslim immigrants that s what immigration brings that s what we reduced stop immigration url,1
user lupus gdprum mutat non mores for all buildings and homes occupated abusively and to our costs from your migrant loves and commitments of the first millenny and successive have you never didn t didn t indiged anti but before you express are you supposed to think,1
from naples down we must think about immigrants to fuck up dispassionate advice avoid proposals that can not be rejected in the realm of the two sicilies you are not in copenhagen and we are not the dutch assholes restaurateurs,0
url bin salman saruman prophet mohammed crazy that you have set up all this nonsense of the qur an only to rape the girls and rob the innocent corpses i give you the war against russia and china,1
user and live safely without the scum of these immigrati and unpunished roms circling in italy,1
the paris bombing shows that muslims are not integrated not all muslims are terrorists but today s terrorists are muslims,1
expo border asylum seekers in base camp symbol government failure,1
the mayor of naples wants to host and maintain other immigrants in the city does he pay in naples there are no citizens in difficulty without home and without work ah already for certain left it is more important to think about immigrants than the italians primagliitaliani url,1
the whole world is salone migrants sovereignisms europe but also fiction comics and rap,0
good idea that of the long wall sea wall so they can no longer break us the fuck neither migrants scafisti and nigerian mafia alleged terrorists,1
only in italy do they all die animalu etc from the earthquake no money but for rom boats all have lsfri ro url,1
user user user user user user user user user user user user user user user user user user user user user user user user user user user user user user user user user user user user user user user user,1
i hope that the m5s has a dizzying drop in consent how do you give yourself to give the city credit to the roms razzo di ladri e assassini eh no dear luigi you have url lega is the only choice salvini lega romladri,1
user user user in italy nearly,0
somebody shut the hen s mouth slamming her dinghy we re jamming lasantanche stragemigranti,1
the fact news london foiled terrorist attack on the subway arrested a 19 year old url,0
of the series rom that do not steal theft of energy the vices of the roma discovered abusive connections url,1
now the media to exonerate the two migrants will make you believe that the 15 year old has been looking for her islam url,1
ridiculous italy that makes roma talk that devastate and dirty our cities all delinquents who do not respect our land,0
how to get rid of african immigrants here is the very hard lesson of israel to italy,1
soon they use the spears and the slingshots we have the cream of humanity we will see the dromedaries to the colosseum we will all become part of this multiracial society all together because migrants bring well being scabies tuberculosis so we will have antibodies with two p so they will say,1
grosseto caged two nomadic women i was rummaging url 1attualita read also url,0
profuge with 3 chiles of drugs nigerian url in 2 years he has obtained status of refugee now i say this document we want to draw in face and know it from italy user these stories must no longer be heard user,1
we also continue to talk about fatious journalists non existent immigrant emergency dreams of money not to work various condone while every day we breathe death qaria maps url,0
fata morgana is a 1962 documentary by lino del fra about emigration to northern italy the north has always been like this once with the terrones today with foreigners but many southern have lost memory url,0
great injustice for years with the roma they do not know how to fully carry out the bureaucratic function with us yes as for url,0
dinghy with 20 migrants 50 miles off libya only three saved,0
fight between nomads during the wedding between two kids the relatives of the bridegroom shoot accused of attempted murder,0
di maio welcomes the migrants of the sea watch clash with salvini,0
nigerian threat foreign office operators in cagliari reported url sardinia url,0
user would it be this freedom of speech and expression but do we know who the arabs of fatah and hamas are they are terrorists why are they on the loose plotting from us we have not had enough of their terror in the past vomit governments,1
lampedusa the memory of the massacre of migrants url blog rights andreacamilleri url,0
rome nomads shop crazy but the cashier is an accomplice to the scam rome the nomads do expenditure url,0
indifference has become commonplace they have used to it for years they have inculcated that black delinquent islam terrorism rich is better and has more rights that the poor and violence of all kinds exist only for propaganda acquarius censis 7december,0
they steal the offerings in front of the statue of our lady arrests in the camp rom url,0
user subire and be islamized but haven t you figured it out yet,1
sea watch viminale back in paris don t take economic migrants they promise to help us repatriate them,0
social centers want civil war in our streets and need foreign reinforcements by chance and then user says the state should reward them url,0
user user we exclude totalitarian atheists who are now present perhaps in the east but the other atheists what the fuck do they do wrong never seen an atheist get exploded or go against a procession or break crucifixes what are we talking about while islam for its very nature is a problem,1
user islam must be declared illegal and contrary to the law of the nation they can not live with two laws italian law and islam in open conflict on the same territory it must be declared illegal and prohibited with obligation to expel practitioners,1
user user apart from the stupidity of the 2 employees the nomad plays well user invites her to afternoon5,0
user it is understood why eu always gave him the approval to pdioti governments by selling italy for a bit of flexibility now pacchia finita porti chiusi to economic immigrants first the italians and then no to global compact,0
migrants 64 5 mld of remittances from 2005 to 2015 28 98 since 2011 italy is the third in the eu after france and spain,0
are you roma and pregnant if you get caught in a house or pickpocketing people on bus or subway you almost always manage show the medical certificate that suspends your sentence and you don t end up in jail art146 so justice works for us and you can go back to stealing 20 000 thefts a year in milan url,1
since the apology of fascism is forbidden we are forced to make apology of nazism in order to defend ourselves from democrats and muslims,1
cagliari 2 squares always full of migrants for free wi fi assaults thefts and sidewalks used as turkish do they educate or hunt migrants no the mayor turns off the wi fi a damage to citizens students and tourists liberiamoci from the invaders and also from the mayor,1
mrs thank you for your lucidity and courage naples here is the woman who defended immigrants from racist url aggression,0
suspended x 12h i dared to say that in the free world all islamic centers should be closed because islam is a violent cult of death and overwhelmed by religion forgets the detail that twitter hates truth does not respect the freedom of expression,1
looks like the polish driver wasn t driving user what do you know killed first by the terrorist url,0
ai rom casette con veranda giardino e posto auto a rimini anche la meloni all attazione delle microareae per url,0
user user e cmq it is not only islam which resorts to circumcision of course they must be done under health care the rest is ignorance and ideology,0
cronaca agent of the flying squad attacked by a citizen of ethnic rom url,0
replaced to the roma the seized treasure more than 2 million euros return to their hands and how the fuck they do to have all these money the magistrate has asked for it only to the honest citizens do the checks and this is justice,1
being muslim in rome where to go to pray url,0
user user user user user islamic culture is so scary but it doesn t have to be isolated,0
theft in the house while owner sleeps identified and arrested 2 roma pescasi read more article url,0
they re gon na pay our thoughts while they beat us to rob us migrants iussoli rom url,1
user user i thought you were a roma too from the way you write,0
user perhaps those of the sea whatch did not understand that when we talk about safe port we mean safe x migrants x put them in safety and not to guarantee impunity in case of crimes for those who committed them,0
lepifania is invited to face immigration without giving in to fear url,0
steven woolfe url all this guess because of who but migrants of course resources,0
user user user user user most immigrants who arrive in italy do not want to stay in italy but come to northern europe because they know that you are better even at the level of religious culture many run away from fundamentalist islam,0
user i don t defend the mess but when he encourages the roma to burn he loses the right to be considered equal,0
a new invasion of migrants in europe the threat also shakes italy url,1
african leaders to immigrants you have to go home url,0
virginiaraggi mayor of rome is anti italian evicting the ground to rom apathridi viva m5s and zionismo url,0
dealers deserters cowards that s who we welcome roccadipope migrants url,1
torre del greco roma minor arrested after a url theft,0
user we re all going to steal from lidl dressed as a roma it s carnival isn t it,0
we always remember that not all roms steal some are forerunners discovered gypsy with centodieci vehicles registered and used to commit crimes congratulations also to those who do the controls wake up first no turin stopinvasion url,1
illness and right to study denied that s what happened to the roma families cleared url,0
user user they are islamic cultures that the italian left is importing with immigrants shortly beheadings and stonings,1
user user and not only that but it s making sure that the italians know and they re still not taken for the ass sea watch all underage born on january 1 2002 maybe a little too robust to be all 17 years old,1
lastimenotices news news news from chaos rai after resignation verdelli to the hunt for the terrorist of istanbul url,0
carpi assault on a couple of boyfriends,1
user user what i want to know is why the racist and xenophobic nazi salvini floodes the social media of his posts from holy inquisition when the crimes are committed by immigrants and instead remains silent and silent when the bastards rapists and murderers are italian men,0
they call themselves rom or zingari or nomads never deny themselves false sheik steals url jewelry via user,0
user muslimi di pd a palazzo chigi tagliogolla in libya libyans in italy italy without italians pinotti gentiloni resign,1
user user user user user user user user user user user user user user user user user user user user user user user user user user user user user user user user user user user user user user user user user user user user user user user user user user user user user user user user user user user user user user user user user user user user user user user user user user user user user user user user user user user user user user user user user user user user user user user user user user user user user user user user user user user user user user user user user user user user user user user user user user user user user user user user user user user user user user user user user user user user user user user user user user user user user user user user user user user user user user user user user user user user user user user user user user,1
but today with this government what are you doing just defend the roma,0
user in italy they call them nomads as wanted so they move from one city to another,0
of probable muslim culture contests the criticism of di michele i m afraid he can get exploded friends14 friendsuncock,1
have you noticed that those who would like to help refugees at home often do not know how to teach education and civilization to their children in their own home,0
terrorists don t give a shit about religion their aim is only to create terror as psychopathic killers,1
roman accuses the rome administration of the degradation of the termini station and reprimands salvini of blowing on the fear of the italians no cara faccia di bronzo la colpa is your you have incentived the incontrolated imgration for business we are stuffs staseraitalia,1
immigration of negroid and extracommunity parassites in general only for enriching communist and mafia merdoses,1
retail of social centers they occupied housing and rented them to url immigrants,0
but do you still wonder roms are the worst race ce have it in the blood of always wanting to bugger italians ce have it in dna they on the list for the popular house really don t have to be caravan and away nomads as they must be left kale wake up,1
agorai responsible for this uncontrolled immigration situation are the transmissions as agora that have invited all the poor world,0
rejected the appeal the court of appeal ok to the suspension of the policy on migrants of trump url,0
user user are ridiculous protect the 2 roma of follonica x 10 min of cage and turn your back on 14 swindled families of the house,0
user user you re right you have to help the countries of origin of immigrants generating and developing work for the growth of those countries only then will the savage invasion be curbed,0
for the svr poll merkel has 43 consensus among immigrants practically it is more popular among immigrants than among germans if there are no more germans willing to vote for it they need new voters who are willing to do it immigrants url,0
we italian assholes also pay the ticket for an outpatient fucking visit and for illegal immigrants all for free but fucking country is this,1
user do this on purpose immigrants are 0 2 of the european population user,0
fifty colonna so if you re robbed by the roma you should also go into the camp and look for what they stole,0
campi rom soon the closure plan but in the meantime 7 5 million euros are spent news roma url,0
also the user on women violence immigration url,0
user to the idiots pdinne he needs this treatment maybe only after they will believe and i say maybe so much i m idiot dementi i say only salvation new cruciated against islam live heart lion new cruciate more that well,1
andreariccardi while in the west christianity is agitated by the scandals of pedophilia of the clergy and the debate on sovereignisms and migrants in the east is consuming a schism between the russian orthodox and the patriarchate of constantinople url,0
user disgusting not only for islamics but also for those who submit,1
user user user user your idols will be in the square for lucano and immigrants along with the unions that clearly lead eliminating italians from the world of work and therefore from italy this is very disgusting certainly not wanting a criminal in jail url,0
from how you hate immigrants it seems that you have about ten africans in line in front of your bathroom 20 under the balcony that make voodoo rites listening to gigi d alessio ball and at least 3 in your wife s bed there is no invasion don t break your dick,0
the interview with assad the war will end when we eliminate all terrorists from syria url,0
rome stop the bus i have to go to the bar immigrant gets the driver kicked and url by via user,0
roma chinese girl dead stopped a roma denounced a 16 year old looking for a third man url url,0
user user too good who knows how many terrorists behind to all these underground rents,0
father spadaro who uses the language of hatred and fear about migrants is not a christian globalist url,0
user also the dictatorship has its pros we have one pro the bureaucracy that is with the people and x the people we ask the roma,0
here in the hinterland m if we are crazy checkpoints everywhere scenes of zombie apocalypse roma chased in parks papamilano2017,0
milan vandals at the school that helps foreigners racist and pro salvini writings in the url classrooms of user,0
they deliver cities to uncivilized monkeys with women children gay they close their eyes on potential islamic terrorists ready to strike us massacre the national and christian identity gay cuddles lesbos genders junkies smugglers but they raise their voices on april 25 sala vigliacchi,1
user ticino but tunisian and islamic he s okay that he s dead one less terrorist,1
rome mega fight at the nomadic camp 40 beat each other with batons url roma,0
santanche i ve been on our territory for 40 years enough now ours since the roma in great part are italians piazzapulita,0
the inevitable of an immigration run by imbeciles and social confrontation the responsibility will fall on people like url,0
scams for the elderly in savonese two nomads acquitted for not committing the url url fact,0
with we are 44 italians killed by radical islam politicians and journalists all say they are dismayed if they do not want to cry as they do well the 45th are committed to eradicate the islamic fundamentalism that caused its death the rest are url chatter,1
chief of casapound approaches with paternal threat at now i ll explain the situation my wife attaches to work at 8 am but leaves at 4 30 in the morning because she was common here doesn t give us any service simone and what is the fault of the roma game match meeting url,0
the cassation gay migrants should be welcomed if they are at risk in their countries,0
when will muslims create a party in italy too with the help of pd in exchange for votes url,0
ottoemezzo ma bianco proposes to young people italians to do the work of immigrants without rights and thank goodness,0
outside the migrant chorus as our next lifestyle they must integrate with us not vice versa they must respect italian laws religions are something else if they love sharia stay in their own countries certain politicians abandon italy if they love veils,1
user i m seeing you from magalli you had to be a priest just talk about the rights of criminals and shut up about the immediate repatriation of foreign criminals and their families so much x keep them always pays the italian indigenous sovereign you are useless as alfano,0
islam attacks the heart of europe belgium something really is wrong here the islamic party worries belgium there is no equality between men and women url,1
lidl regardless of employee crap in filming the roma were committing a felony so url,1
immigration today s italy url,0
immigration sea watch leaves catania and leaves for marseille,0
user user borghi may have intervened but salvini continues to deal with roma and various bullshit i think,0
it is a fact that lombardy is a point of junction for the passage for terrorists url,0
anyone s gon na tell me why eur 30 for the migraters of the train and the spread doesn t come up while for 20 euros a month for the poor italians the spread sale but the spread is razzista x case mass of ridiculous brauxelles corvacci neri italia is free finally,1
that house has now occupied a girl with a six month old child says a resident slept in the car better an italian than the roma she has to be there the roma don t have to come back or we block everything url,1
red judges always find the trick to protect african beasts well make a law that prevents applying any mitigating penalty discount etc etc to immigrants,1
see how beautiful are those who ask for the removal of casapound and were there defending an occupation of immigrants drug dealers murdering rapists but aren t you ever ashamed sanlorenzo,1
padua deciphered the criminal code of sinti and roma from money to borsa the daily url fact,0
rome shoots terrorist alert but they are more scary black block url url,0
the last of the austrian sovereignist externalize migrants create platforms outside europe to set up those people to me it seems evidence in the advanced phase of special laws of flavor nazis what do you say 17september,0
fraccaro a prestadirecta su migranti we want to restore legality and order the citizens ask us well why not start then from andrangheta camorra and sacred united crown,0
user minister salvini does not demise against illegal irregular and various criminals our ancestors did not make italy after 13 centuries of political disunity not cultural never forget to feed it to foreigners,1
the cult of islam should be avoided mosques should be destroyed muslims should be deported and url,1
me in the government how will i reduce illegals and rapists giorgia meloni a lesson on the left that has reduced us to disgust,1
he also died said friend and guest of 35 years old an islamic terrorist killed them it is our job to listen to them more they and europhonica,0
rm the m5s gives muslims a gym to pray dear m5s but what the fuck if they have 1 place or not xpray the toilet isn t okay,1
user but especially when the islamics did not appreciate the satire on themselves there we were all a flood of irony,0
i want the world to pull the atomic on all the existing roms cats including,1
while in france migrants move calmly in italy there are the worst between yesterday and today about 7 000 landings until when,1
the roma masters of our cities at the station do you call the carabinieri i come to your house url,1
two roma arrests solved the mystery of the chinese girl url,0
rome procurator investigates revolt against the roma in torre maura racial involvement the network of the ultra radestra in the url url neighborhood,0
the city of rome wants to eliminate roma fields but it continues to fund them tpi url via user,0
user in norway with 77 dead sentenced the terrorist to 21 years and in sweden with 5 dead a s url,0
increased measles cases okay we are sure that immigrants who reach our country are all vaccinated and not sick,1
bolzano rissa tr migrants who stab three of them intervenes the polizia and hear the tone that uses the risorsa provocano with an indescribable grit just because they know that 4 battons can not give them they have the whole sinister world in their favor disgusting url,1
the subject of rape for which there are so many statures from foreigners for which we open the doors to an immigration did not realize that only men without women ended up raping what to do send them back and immediately or castrate to whom i commit rape,1
mareionio mediterranean the 70 migrants he had reported landed at lampedusa at 3 o clock at night their business resumes the ports must remain closed user who allowed this landing porticchiusi url,1
sea watch this morning in catania okay from 6 countries to welcome migrants,0
the carabinieri of the carbonia company have discovered a gold mine near the nomadic camp of carbonia url,0
the priests who claim to the faithful to revalue the holy principles of christ the policy the lethould make policies unless they obey the koran dl salvini whoever supports him kills god at christmas i will close my church for conscientious objection url,0
user user you can not tolerate hesitation if they are unable to find useful solutions they should resign and leave the hot potato to someone else but when a magistrate will impose the roc also on immigrants will you realize that there is also the court chain,1
from your side the roma claim for free everything that others have to sweat with effort it s a story of continuous scrounging,1
user europe is joking with fire and despite the fire already burning our cities there are people who deny to see smoke it is not enough to stop immigration we are now over we serve armies order to use weapons and forced returns thousands a day,1
user ahahahahahh no immigrants are all terrones point xd,1
tonightitaly redittodicittadinenza if i think that the money of my taxes end up in the pockets of the italian roms i would take my money and set it on fire it s okay to respect the government contract but i don t find it right that i have to work also x the fancazzisti enough url,1
the news exults at the proposal to extend humanitarian corridors to the entire horn of africa welcome stopinvasion migrants,0
muslims are consistent on the qur an it is clearly written that all non islamics are unfaithful to convert or eliminate whoever kills or gets himself killed in the name of allah goes straight to heaven to enjoy honey and beautiful pussy ready x enjoy say it if you are deaf or blind url,1
user user are many who lose their minds for muslims all over the world,0
user user user are all the choices the pageran dear in the end they keep their beloved terrorists,1
and there are still those who have no disdain x these useless beings called muslims ah is christmas is not said sh url,1
user of thinks made by your friends of new force to the rooms and their calpestate food of that doesn t really speak,0
user user user user user user user user user user user user user if in this country there is no longer the freedom to wish the same fate as the victims raped by migrants who are then those defended by mrs boldrini then the freedom of speech of thought and opinion died because there was no offense,1
user user user no gad wanted to defend illegal migrants pusher rapists and murderers he didn t say a single word against pushers rapists and murderers who tormented poor girls,1
user user wait as i told you i don t want other migrants but if we want to be honest the romanians and albanians who tortured to rob us have proved much worse we don t have to generalize there are black kids in place and other delinquents just like us,1
user after the victory i would like from you a nice no to illegal roma iussoli and foreign free unpunished criminals,1
this is the reaction of muslims to the sight of the cross in luton london they have to integrate with us or not url,1
who blew the migrants to the coastguard a dutch ship where are the migrants in maltese waters where did they board in libya give me only one reason to think that italy has something to do with it that it s not your shitty hatred of her seawatch3,0
user user fully agree let s vote and we will find that italy after all is racist and does not want immigrants,0
rt corriere the rapper bello figo sings the comfortable life of the refugee and mussolini falls for it url url,0
of the three judges who acquitted asia bibi two have already been killed and one is a dead walking this is islam troglodytes without a hint of evolution url,1
discovered an arsenal of weapons in a nomadic camp in ivrea url,0
user every muslim considers the woman a inferior being they are prone to the will of the imam which is notoriously exaltation,0
user user no brings us niggers like you and lets us red pussy you have to die,1
roma fields all to close user user from your side url,1
user user that immigrants are masters of entire neighborhoods isn t it criminal and inhuman this is a revolt and as such must be punished,1
pope wojtyla i see the church of the third millennium plagued by a mortal plague it is called islamism they will invade europe for bergoglio and his court the islamic danger continues not to exist so much that they would bring all the refugees here the enemy we wash at home,1
scenes of islamic hysteria because of a dog i consider every kind of anxiety teaching a disease that creates collective hysteria and islam is url,1
user where is it written that mass immigration even more so in a modern social democracy is not a weapon of capital to destroy social rights not to distinguish between the proletariat and the sub proletariat is indicative of the distance between marx and the modern left,0
strangers africans and clandestines are not synonyms foreigner is anyone who comes from abroad regular africans in italy are there at least since the 80s clandestine is anyone who enters a country without permits can be native to any country let s not confuse them,0
a pd mep considers those with romanian and albanian roma origins to be standard citizens in practice thanks to the current government no one feels obliged to hold back their racist thoughts,0
crocerossa the arrival at messina della responder with 379 people migrants to welcome them on the volunteer dock cr url,0
spain saves 466 migrants on 10 yachts url quindi spain despairs xk cattiva italy i have to be invaded x years thanks to returns if they have them,1
milano now the roma wedding in limousine comes beef to those who struggle to pay the rent url the latest photos taken by exasperated residents immortalize a roma wedding with white limousine parked in the courtyard of the popular houses,1
you will agorai preferential lanes for the folk houses to the roma will be happy all the others without italian home,0
user the eu and migrants were there even when you were in government,0
user user user user user user user user user user user user user user user user user user user user user user user user user user user user user user user user user user user user user user user user user user user user user user user user user user,1
user at this time i also think badly of immigration read we are much more than too many in this country,1
original news genoa operation of the guardia di finanza to the nomadic field of bolzanoto url,0
emmanuel macron france s lovable horror about migrants the judges asphalt him,0
user user user user user user user user user user user user user question of views for someone it is criminal to leave migrants at sea for someone else to collect them and make them a material for fattening for cooperatives that at most can accept european contributions,0
2 it was enough a 15 year old boy with his common sense and boldness of his age to disassemble with a few words years of propaganda if so simple they hunt 70 roma and torre maura becomes the new switzerland,0
fig litalia salva tutti i migranti fig litalia salvi tutti migranti url,0
terrorists isis hidden among migrants in sicily it s alarm user explains this you ve got tired defend italy or go,1
user user simply because these are still states of law and immigration is regulated by valid laws x all,0
slovenia the right to water established by the constitution must flow also towards the roma url communities,0
okay to the security decree salvini my goal is to close all roma fields here are all the news url,0
user if baby musulmano then banished pork meat and if foreign family indigent i pay my meal and his pediatra popular house public kindergarten while i find no place because work and i have a real salary less bad they land less and less,1
he is right it is the koran that prescribes the fight against the infidels and their submission no peaceful coexistence and no equal url,1
user this is an agenda immigration their theory doesn t match reality though europeans aren t all pecoroni at the end,0
let s tell the truth for once roms will be asking for everyone this is how they are made they stink dirty and steal they don t want to integrate and they don t want to change a company that works has rights and doors casalbruciato,1
kyenge salvini s decree harms human rights no to the expulsion of migrants who commit crimes url user you only speak when it suits you salvini s decree is healthy let s keep the criminals at home without going away,1
via user tracing bus of the red cross the traveling telephone booth for migrants url,0
what happens now but often happens via salvati roma camp rom user url,0
that s why politics and church are silent in recent years it has been thought only of the uncontrolled immigration importing mafias and drug dealers not only the media assertivi and the magistracy also silence them favoring the sale by dumping those who sell urls,0
islam scumbags raping girls with the excuse of the url religion,1
chronicle of rome found in the nomadic camp bags stolen from the marathon news marathon run url,0
the important thing is that they are vaccinated for measles scabies at school the principal evening lessons to migrants do not center url,0
we are anxious to hear it salvini must remember that it has been vowed x the question of migration we are still on the verge that we do the rest of our problems and overwhelmed the ports the immigrated to the italians do not affect our problems,0
the money of the disabled to migrants the emilia romagna region allocates half of the funds allocated to the weak groups to projects for asylum seekers in reggio emilia 69 of the resources allocated were used to asylum seekers primagliitaliani url,1
only a depraved like muhammad can be enraged a nine year old girl and there is no one who should be condemned to death for blasphemy more than the qur an himself because just the qur an shit mohammed putin and xi jinping un pd bilderberg spa fed nwo oci lgbtq,1
mattarella italians are tired of this situation with migrants and you have to think about this but keep in mind that if the government jumps on this topic in the next elections the league takes an avalanche of votes that even in the url,0
account yield for attacks you are muslim and,0
clear words for a fight without a neighborhood against terrorist barbarism and all violence in the islamic world it can url,0
user user sometimes it comes to think that islamics don t have a point at all,0
save one immigrant costs 600 euros how much would we save a million this nazi question had been done with the handicapped,1
user user user mediocri complici can you vote for the defeat of italy roma and arab africans vote for them,0
user but now that they don t land more migrants have you all found work have your salaries increased the economy is booming but what do you have pine cones in your head to make fun of this guy we re gon na do it,0
user i bet in milan the chinese in rome the roma now since that day that you of the pd have lost url,0
user whore whore whore whore i could be in favour of uncontrolled immigration with all his money slut,1
without considering that 70 of the families of immigrants good and integrated however they are single income and 3 dependent children that cost 200 of what they pay and we continue to pay,1
user user user let it go no longer care if we have to end up like shit forget it lose yourself go fuck yourself and islam,1
user user apart from the fact that i wasn t talking about salvini no this justifies preventive immigration control,0
the comment of cazzola i reveal to you the slip of di maio on the income of citizenship and foreign residents url,0
user user the spanish bluff go to break down the ceuta barrier and take all the migrants easy no,0
they want to do massacres acts of terrorism see in germany serious political act send our moneys in the countries to url,0
odyssey for tourists in jordan hostage of terrorists at castello roma url,0
user user even the priest does not know the word refugee what we have are almost all illegal,0
rome url rape at the roma camp of prenestino pm the settlement must be closed ansa news,0
new new comment for the title security and its shadow terrorism panic construction bibliotucomments url,0
north league nigerian is responsible for security and immigration url via user for me he is a traitor to his earth and i do not change my mind he should help migrants not be in the racist league that uses him to prove that even in their row there is a black,1
baglioni s words about migrants pros and cons,0
the cop improvises wizard to entertain the migrant children of pozzallo video url,0
they will bring the spread to 500 in order to send home the current government regular then the pd or pdl will come to ghettoize the whole italy and make it a dungeon more than it already is then they will give our homes to immigrants and to us will drive us out,1
the proposal of the danish councillor good house can also be used by the roma url,0
eu budget renzi clash orban italy is not eu piggy bank on migrants same burdens and honors url,0
minister user is constantly saying he is concerned about islamic terrorism that has never struck in italy meanwhile right wing extremists fascists are caught months ago handling ricin you minister do you know what it is do you know how dangerous it is,0
they send bonino who has great experience both islam and pain,0
and for those who are already ready to call me racist know that i wouldn t host 3 4 of my parents migrants url,1
prague conference it is not too late for inclusion in school of children rom url,0
room throws a million euros to pay the advertisers to the roma the newspaper url milano news,0
pizzicati while walking rom fake invalid to move roma nomads disabled zingari cronaca url,0
user also dedicates to him islamic finger user url,0
user user user but excuse me i still have to understand the thing that remains human only for immigrants for earthquakes the poor the unemployed the pensioners the people abandoned on their own for our people no stay human for few and not for all hypocrisy media,0
user how the fuck you still do to defend the roma via from our country,1
immigrants don t like it anymore the traditional family has lost face the chemical castle has rejected it the boldrini perculates it who remains to be attacked to be noticed roma torremaura we ll make,0
nomad microareas proposal prefabricated in exchange for the commitment to pay taxes and to send children to school url,0
but these kraut ngos 1 train migrants to say they were born on 1 1 2002 2 they let them walk bare torso with headphones and smartphones because they say they suffer the cold and are traumatized for months in the libyan lagers not only delinquents morons,1
user bravo user thank you for mentioning migrants tonight that we talk so much about unreality convergencies migrationnocrime,0
today palm sunday here in italy is a party fuck islam for them all our warmth url,1
user user user it is certainly not the roma who make your life hell and others but the system in which you live and suffer without even the courage to imagine that you would have the right to live in a better world,0
the maritime authority of panama has communicated today that it has started the process of cancellation from own naval register of the aquarius of user and user because it does not take into account the international legal procedures on the recovery of the immigrants in the mediterranean,0
dear immigrants and immigrants cover yourselves well from the cold of the world,0
roma today stupor 26enne al prenestino 7 years in prison to the rapist pm asks for reclamation of the camp rom url roma,0
an offense to the poor of italy the pd goes to square x this and against the poor that it created 9 900 billion spent in 3 years x the illegals spesi 400 thousand euros to maintain family of 6 ghanaian refugees url,0
thanks to the communist comrades eager to fill their pockets they brought terrorists and death then money for url,1
for the nobel peace prize 2015 i smell islamicly correct like that of 2014 hypocrites puntidivista,1
pope francis for migrants of the sea watch the appeal to the eu,0
user user user vabbe if you remember what happened in france for a fucking satirical cartoon on muhammad woe to touch the pedophile s pissed off muslims,1
rome will be born a new field rom webitalia360 url,0
now it s time for an urgent revolt on the return center wounded carabinieri vvox url via,1
user user and killed and killed by those who wanted and still want this invasion of illegal immigrants or better false migrants but muslim muslims the left,1
user are the africans roma gypsies and other misfits to kick out also x many other reasons,1
the mayor of riace domenicolucano arrested for aiding illegal immigration and other illegals typical of a certain way of acting outside of the legality these are the friends of user shame scrape url,0
the appeal of the danish queen migrants accept the values of the west url,0
user agree and raze all roma fields to the ground,1
from the nomadic camp to the house of the municipality lucca url,0
user user user i don t want to be wrong but i think about the list of criminal activities of pdfogna only lacks terrorism,0
i m glad to see how racism can only be seen in stadiums only when it comes to football why let s bring them home suck immigrants and other things not those those are good,0
it is legitimate only by migrants towards italians vice versa it shoots aggravating racial red tears url,0
19 30 chinese killed from the train the third snatchman is costed he too would be a young man from the roma camp in via salviati in rome,0
court against the decreesalvini in rome red flags social centers ethnic music and the international choirs i hate the league choirs kompagni presumed refugees i also confirm to friends in the square the parcel is stra finita,0
germany arrested in leipzig the alleged terrorist who wanted to make an attack the manhunt is over url,0
but the blonde isn t she taking all the boats terrorists or not basta we don t want them anymore morning5,1
alfano says that it is not invasion and that everything is under control he calls them non clandestine refugees we are the joke of europe,0
naples continue the police repression and the city council in view of the eviction of the roma camp of via bre url,0
mare ionio count with salvini we agree on the seizure migrants will be sent down,0
new year s eve terrorist risk minniti watch the highest in rome snipers anti scattering planters and patrols url,0
user i think she s a gypsy roma they re terrible out immediately kicking in the ass,1
user user user user user user user i love buddhists and deeply hate islam i don t understand red buonists who open their arms to people who don t want to integrate just talk to them and understand what they want a muslim will never accept our laws for them there is only sharia,1
claudio baglioni talks about politics and migrants and the haters are unleashed,0
vatican museums arrested 3 nomadic pickpockets url roma news news,0
user we will bind the pigioti in reserves and to keep them company we will also put roma and muslims so that they will all live happy,1
france germany england are now slaves of islam let s get them away and get out of the eu immediately before the absolute and irreversible contagion they have become subject countries of islam we fight and we will win,1
the roma that madame hang do not clear even after court sentences for environmental disaster url,0
user yes immigrants are also criminals user migrants cut their cheeks apart no url prison,1
negroes and muslims sweep the neighborhoods once quiet english now thanks to diversity whites run away and leave the houses because living together is impossible european prisoners in their own home url,1
user user user think when they discover that immigration is imaginary they can t even read numbers but fear is convenient,0
turn around rome and look at some dear user you can t see some things now also the plates pro rom but how is it possible that some things happen at our house enough salvini do something for this mess propagandalive lega,1
rome roma kids have fun picking up a flock of sheep the angry shepherd shoots in url,0
protests and screams against the home to the roma better migrants of gypsies,0
thiene stealing toys to make christmas gifts nomads in trouble url url,0
user we want renzi monti letta gentiloni people with years of experience in destroying italy 80 for all and migrants to iosa w litalia,0
user wouldn t do it dramatic it was an idiot joke roma are fine there are also photos the other continues to rumble quietly,0
in practice we are divided into who would set fire to all the roma and who would give them the keys to the house can t you have a middle way lidl,0
merry christmas to the magicians austrians and padans who the sovereigns would like to work 12 hours a day and to african migrants who would all like to die at the bottom of the sea caff url user user user user user,0
beppe sala arrives in new york and attacks the salvini immigrants,0
it s time to kidnap non governmental boats that are helpless for illegal return aquarius defendeurope ong saves 50 migrants and panama withdraws the flag la ong pressure from italy url,1
20 year old roma who died at the stake of his shack we are all complicit in url indifference,0
today between the and islam are competing for those who conquer the countries of the union eliminating the sovereignty and imponding their religionin europe their attack is frontal not even so hiddenmuslims want rights without duty while europe imposes the national url choices,1
but how can you mock a roma like that but it s also exaggerated to put those two guys to trial for that cage white black,0
claudio baglioni and the migrants the director of rai uno a rally,0
rome food for roma and immigrants ends up intact in the trash affaritaliani it url via user,0
user only morons can give asylum to a mass of lonely male refugees who come from countries where the woman is only to be used and where the common thought of the european woman is a sex addict we are in the hands of future url idiots is a real danger url,0
what justice are you talking about if you visit the roma in prison and never the girl who was fucked by them with the url,0
the sultan of brunei who wants to punish gay people with death thinks about it llis threw them out of the palaces the sultan makes a law and then there is iran that gay people hang them on a crane isn t llis always islam,1
difficult to hypothesize new law against urbanism vs degradation rome aimed exclusively at immigrants and nomads url,0
user user people like pawns children pregnant and dead women used as biological weapons and human shields at the service of nwo of soros and c to invade europe with media serving these murderers who stops them government immigrants ong global m5s islam migrants pd,0
it is not that in the various billionaire footballers sails im entrepreneurs spectacle and various non rom humanity does it itself url,0
you can t say they talk fart even deny the evidence to make us digest the scum that matter and force us to maintain they continue with their mental perversion to convince us that islam is beautiful and it s just peace and love url,1
poland s strong reaction not even a url migrant enters us anymore,0
migrants must be rescued and saved not rejected and blocked in unsafe third countries we take big responsibilities by leaving them in unsafe countries putting their lives at risk says cardinal bassetti president of cei at the presentation of the report 2019 user url,0
user nn only at the stadium but at the block of the metroc no at the olympics the continuous camp settlements rom and their inability,0
how cute are the lidl roms,0
from your side there are no moderates all terrorists ready to cut our heads off and that s why i hate them to death,1
3 explosions in germany country that got invaded by african and islamic scum en masse then wonder why the attacks,1
rome ok common to new field rom in xv muncipio in ristituzione attaule caping river sulla tiberina posti p url,0
stop roma nomads santori fdi stracciare instantly the agreement with roma to via salviati url,0
what porn does to us paedophilia and rape the same effect does islam by them attempted rape by egyptian is yet another violence against women now enough zero tolerance,1
at gropparello piacenza the reception works thanks to the generosity of many residents refugees gropparello url,0
crocerossa the stories of the youngsters migrant guests at campo roja della crocerossa in ventimiglia told by zdi url,0
user user dear porec we honest italians are waiting for an apology from the roma for all the old people who have been swindled beaten and robbed for pollution when they burn toxic substances coming from the evil when they plunder apartments when they sell but what the fuck are you talking about,1
user before i thought that a little hope of change we could all have it today i realize after seeing many videos of threats to us that islam understood by crazy people should be eradicated if not sooner or later we will end the syrians peace to their souls,1
migrants or refugees however invaders,1
can we keep getting rid of our laureates and their place to put analphabets of migrants who are they about to do it,1
immigrants make more than droga said buzzi to carminati just found this revenue channel url,0
dear mayor prizes for those who hire italiani isn t it it s crazy sti caxxo of fake refugees have become a real obsession for many too many anti italians url,0
or exx jews niggers nomads disadvantaged,0
user import boats of immigrants from countries where tuberculosis is endemic then the anointing is the maestra but they all go to ramengo damn liars,1
user user user when you live a few decades with the roma behind the door that take something away every day i ll be waiting for you to sermon,1
and stop saying that even the italians were migrants they were treated badly but not for this they killed innocent people on the street,0
islamics italy profuges syria islamic children decapitate unfaithful video choc url,1
user user if this country wants to grow up you should throw out of the balls as well as irregular migrants even red ticks like you,1
republicit milan salvini to the anti refugee garrison gift of salah yes to disobedience police url,0
user the real face of the user other than salvini where are now those protesting for migrants of the diciotti user user user user user user user url,0
user i do not exclude that in italy there is bad life only that the roma are rather annoying and persist in criminals,0
rome arrested a nomad specializing in bag with 20 years of carriera url,0
lariachetyra the beasts of the pd and social centers are with the immigrant butchers who delinquency and kill and rape free media censurano nationality of the branco in order not to instigate to the razzismo but it is treated of 4 profuges url,1
multiculturalism resource for italy two arrests among the roma solved the mystery of the chinese girl url,0
cool bring them home to your fake stini refugees who have disrupted our lives and our cities,1
pakistan the muslim kills in shikarpur because the girl refused to convert to islam to marry him she had already planned the wedding for february 3 url,0
no nn needs no special training to do much harm essential fanatical hatred in incitement terrorism url,0
user user user purtrop on the other hand there are always those who want slaves of europe banks those who want us invaded by illegal africans roma and other eastern european shit left hands hands hands hands hands hands hands hands hands hands hands hands hands hands hands hands hands hands hands hands hands hands hands hands hands hands hands hands hands hands hands hands hands hands hands hands hands hands hands hands hands hands hands hands hands hands hands hands hands hands hands hands hands hands hands hands hands hands hands hands hands hands hands hands hands hands hands hands hands hands hands hands hands hands hands hands handshow,1
user user are you kidding me we should give up our personal identity this is the first step towards transforming our society into an islam region the left and the pd are packing us with gift cards for muslims,1
user user only muslims and communists work there in addition to satanic caste ganglia,1
speaking of debt and migrants something happens in europe about which almost no one speaks url,0
great intervention by emma bonino at lingotto because italy needs the immigrant urls,0
all the migrants of the dicotti have fled to luxury hotels to testify for kidnapping in person against salvini they offer renzi boldrini saviano zucconi bonino and soros if instead you want to send to zappare questi luridi fare retwit grazie url,1
user saddens me the fact that nobody knows why x refugees need cell wake up ignorant world,0
user but if they are full of muslims who beat everyone in the house i want to see how many they punish,0
user oh then lorenzin mentiva justified the need to make additional vaccines mandatory due to the arrival of migrants,0
user user user recommend all migrants to their home,1
but surely you will get some votes surely vote the negri immigrates yes then,1
user user user user user user user user user user user user user user user user user user user user user user user user user user user user user user user user user user user user user user user user user user user user user user user user user user user user user user user user user user user user user user user user user user user user user user user user user user user user user user user user user user user user user user user user user user user user user user user user user user user user user user user user user user user user user user user user user user user user user user user user user user user user user user user user user user user user user user user user user user user user user user user user user user user user user user user user user user user user user user user user user user user user user user user user user user,1
a journalist gave pope francis a drawing of user on the young migrant who died at sea wearing his report card on his clothes the pope reports vatican news was moved,0
unar after the scandal at risk the projects also the home hospital for transsexual refugees of bologna il url,0
foreign interests prevaricate italian interests this is called treason and must be punished with life and death url,1
matrix enough immigrants africa has millions of inhabitants how many more,1
cdt berna the canton of ticino clearly distances all the other 25 in granting permissions b to foreigners of url,0
user no but the roma don t steal the idiocy of television left impose euphemisms no i m in zingari are eladric parasites,1
matteo salvini blitz in porto recanati the shit in the hotel sequestered by immigrants what found us url,1
milan fire in the barracks burned an 18 year old roma photo mannequin challenge url,0
user dismounting is fine but expulsions of illegals as well less parasites charged to us italians less popular homes to foreigners less ivs inps to magrebini for reunions with bedouin grandparents enough,1
rome far west in corcolle police attacked by about thirty nomads 20 url stops,0
user hear allam ahahah one who says nn exists islam x well ahahah we are all terrorists ahahah,1
they could all stop long ago and the vouchers didn t want it uncontrolled immigration only from us,1
mass media servants of the financial mafia pro islamic pro shoot the traitors to free the world from islam url,1
my dialogue with babis the czech sovereign i am not racist i choose migrants,0
islam provides for two behaviors when it is in the minority and when it is majority everyone must submit even with the bad user,1
user someone notices renzi and compaeros who happen to be roms and i m sure to say the pd are poor guys who were looking for work and seeing no one hires them without iva game they made door to door sellers,0
why doesn t user clearly say that he has a problem with black people italian or foreign people are,0
here are the lies of the illegals to get asylum,1
user here we do not need migrants but a state that guarantees to italians of living and working and that watches private bodies with too many interests so if you want to blabber nonsense close in the bathroom and blabber in front of a mirror,1
the heart of rome submerged by stalls non immigration organized crime eccellenzeitaliana change url,1
massacres of migrants officers of the navy investigated for manslaughter url via user,0
watch out from tg2 15 000 migrants gathered in croatia ready to enter italy,0
the eu opens to italy s demands on migrants and earthquakes the eu opens to url requests laue pierremoscovici,0
boldrini staderaitalia millions of immigrants in eu have arrived with the bullying they combine in all colors dealing mafia violence on citizens people turning with axes attacks rapes rapines fights to fdo and controllers cannibals and she nothing does not turn,1
71 9 of foreigners in italy cook italian dishes pizza 87 8 pasta 86 3 cheeses 79 6 and 45 7 every day user,0
it s terrorism too to put people in a state of awe and make them harmless while someone url,0
from your side italy is poisoned by individuals foreign bands for criminals if we do not change who governs us it will always be worse,0
if italy signs the global compact it will be our end soon we will be forced to open the doors to all immigrants without distinction between economic migrants and those fleeing the war noglobalcompact noglobalcompactmigration url,0
user bravo here you have to spit it on the face of the various italian saviors if it is the fault of immigrants who send workers to walk,1
with all these migrants europe where,1
user the government explains why italy imports and causes criminals from other countries to remain perhaps those natives don t suffice immigration,1
user user these illiterates you disgust so much are those who with their taxes and their backs run the country you really suck with this sense of superiority in the meantime board migrants future your voters all university students,0
i need muslims to leave italy,1
user user i heard that they re shitting each other in malta right and in san marino they don t want immigrants on the main street when there s a local market do you confirm,1
user user this minority is cesso ditalia thanks to them we are full of fancazzisti immigrants who rape and kill x money and boredom,1
saviano saviano fai ridire vuoi incontro la legge saviano falso bonista paliota hypocrita radical chic grande amico dei migranti clandestini africani delinquenti senza documenti la legge e quasi uguale x tutti quindi il sindaco paga pegno e giustizia sia,1
user user taci you are this and nothing else radical chic submitted to islam undemocratic euroburocrats and devourers of peoples immigrants maintained by the italians who make the country less secure and social centers with children of father without respect for any rule sx latrina url,1
roma far west of tiburtina station between risse and scabbia the 2nd station of capital of italy reduced to branch of congo thanks to the myopia of politicians who would like to create also a infopoint migrants using public money of the italians user url,0
user the zero cost with immigrants does not exist we pay economically civilly and with broken lives and violence suffered every day not to mention the islam that is rampant europe must close with this welcome so nobody wants them only politicians sold to obama,1
here we are again pd seeks the way to avoid the laws of the italian government they have not yet understood that on march 4 they lost the euro mp viotti invents the smonta salvini eu sources for refugees directly to regions and municipalities url,0
closed downtown baobab we are the usual the minister shuts down a center dedicated to illegal immigration dealing with violence is to degradation and the usual left becera screams the usual sermon fascists xenophobic racisms fuck you movimentonesti url,1
user user it takes war to save italy from islamic pro criminals url,1
ifthis is a minister user the ruppa for roma fields is the only solution other than helping two foots in the ass and if you want to stay here you re like everyone else it was 2016 migrants kisses url url url,1
user basta terroriti sinistra isis have killed person_1 with the m5s and migrants of the diciotti and with sophy all migrants in italy and someone who have sent them in eu remembered it in europe for you it is to come migrants and keep them,0
in ventimiglia one night with migrants in the country that forbids charity even feelings must pass from union ordinances,0
the award winning twin flower film in toronto filmed in 8 sardinian countries tells of the flight of 2 migrant boys ansa url,0
user so much you know that if you came to italy too everyone would take you for an immigrant or a homeless man with that shitty beard c,1
user user user user user user user user tuttiacasa also you with fake refugees,1
user i have 80 year old uncles who were in belgium lux and switzerland now retired here and sincerely are shocked when they feel that today s migrants clandestines are compared to them migrants regular who could only be there to work,1
elelombardia even for debora serracchiani the return of foreign citizens url see more url,0
they tell you this openly and the sinister european dems give him a hand islam will destroy first of all the world arcobaleno the impure according to the koran where will they escape because they wanted them themselves stupid or ignorant dement i don t know how to define them the pidiots dem url,1
the last words of profuges we leave to die the toxic but the african have engaged him a shower that we have been saying who we have and we are keeping in hotel that the ngos and the pd have download us in these years,1
never seen similar horror boccasins milano somali arrested guilty of murders and rapes in refugee camp libia url,0
interview with matteo renzi italy the government the pd the left and immigrants who have to increase url force,0
unaccompanied minors today in parliament the discussion of the law after 3 years of waiting url migrants,0
origins and destinations of migrants from all over the world from 1990 to 2015 in the interactive map of user url,0
mafia capital bribes for the reclamation of the roma camps asked for 17 referrals to trial url user user,0
the sad truth about immigration is that salvini and di maio are not even able to sign a return agreement nor to get any cooperation from europe in the fight against traffickers and reception we are isolated and we use migrants as hostages,0
they must be sunk they have broken the c the aquarius still wants to dictate law charge migrants and refuse the libyan url orders,1
rome woman beaten by the roman thieves who had denounced url url,0
the anti immigration parish priest we can not be trampled on,1
just a screaming and screaming if roma to mobilize a minority of fools accustomed to defending the indefendibi url,0
scabbia e lice kindergartens and children haunted by immigrants who do not perform treatment user url,1
you must mingle with the migrants bishop challenged by the faithful so the bishop of ferrara perego this is what the catholic church is aiming at a shame movimentonesti url,1
user user the italian guys the assholes put them to radiate in mobile phones or they cut them to eliminate all responsibility while their women are raped by foreign pricks called in italy by the buggers dem not even the pdr says anything italy makes movie horror,1
user talk to any hospital doctor who is not blackmailed for interest or career and he will tell you that for ten years in italy they have been returning diseases that we had eradicated for a long time take immigrants from countries where they are endemic user user,1
why spend useless money on roma camps take them to the home of all those who want to integrate them in italy torremaura facciamorete,1
user at this point and i don t know if you can do it you have to put the president of migrants in charge he insists on interfering with government intentions as well as having seriously interfered with the formation of the italian government,0
user the hypocrisy of criminal certies does not have confined sure beasts live to park the eight to our country except his criminal ideology migrants are advanced by our future style of life url,1
decreesecurity eliminates humanitarian permits to tens of thousands of migrants from gambia pakistan mali and senegal countries with which we do not have return agreements thus creating at a stroke 60 thousand new illegal immigrants on the territory ispi data is this the security,0
yes to the naval blockade sorry to see the desperation of the refugees but also sorry to see hungry italians user piazzapulita,1
rome sons and daughters fdi we do not want to solve the problem of the roma camps agenparl rome url,0
rome fight in a nomadic camp during a census 5 arrests sky tg24 url news url,0
user jackal neither does sunday leave us alone go for a ride in the countries of origin of the refugees then we talk about it,0
pope war and terrorism don t center with religion we also have fundamentalists pope war url,0
user user of all this we must thank those who were in government in 2013 to 2017 they opened the doors to violent rapists terrorists smugglers and dedicated to the url degradation of our country and the insecurity of the territory are no longer sustainable,1
user user of course we have the economic migrants and the economic couponists they agree for their profit to stop the problem remove money for irregular immigration the so called vouchers will disappear they put all resources in the regular and controlled reception,0
user if we let it run with the infamous political correct bullshit we ll get to the civil war and the dead on the streets islam is the cancer of the planet and the footage shows that metastases and started it s going to be harder and harder to stop it,1
the greek immigration minister dimitris vitsas has announced that the government will soon give housing to 74 000 asylum seekers what should be given by right to greek taxpayers is given to foreigners who have never given a euro to greece,0
user user user so listen they broke my dick if you study islam in sixth grade telling me that it s culture now the kids ask themselves questions about a piece of wood hanging from the wall but go shit,0
roma pug with spray in the apartment arrested nomad hunt for friend url url,0
a due and desired solicitation in the days where everything happens in egypt and terrorism and dictatorship with url,0
rome hits a sheep with a ball an 8 year old roma child blinded with a bamboo cane by a shepherd itaglia,0
the messenger today discovered the hot water empty cantine rom url,0
the jews brought against their own will migrants in their countries sell rapists and pagan scafisti to get taken in libya to drug and rape stealing and kill those who go to help them in their countries pd communists went to churches and killed christians,1
isis in libya we will be home hundreds of thousands of displaced and among these also terrorists kamikaze,1
i want to see if the prosecutor investigates the roma in question how many of them have a job the means if they re covered with insurance if they send their children to school we ll see some nice ones,0
accused and then acquitted now they would be expelled from the meredith case to mistakes in the investigations for terrorism and from via arenula perplexity on the constitutionality of norms at risk of discrimination in the scavo,0
the roma culture is to be learned if an italian son grows up in the middle of this shit they take him away to them everything is url,1
good morning to those people there of goro to whom we should all say in chorus do the barricades p i migranti nnatevene fuck everyone,0
i am afraid of muslims immigrants gypsies and i wouldn t want them to be in italy but i m not racist of course,1
user italy has already received too many migrants macron opens its borders to migrants and not with dropper,0
user are the libyans raping or migrants themselves because moving everyone here the problem is not solved you take it home for the thefts i would avoid saying idiotic things given the mobile phones with which they land,1
user tranquilla user no one touches 194 in this country the problem is that we are invaded by immigrants who steal delinquote rape and they are all here also thanks to you,0
rome fdi councillor rays allocates 7 million for roma and sinti and if you url,0
racism to exclude the children of migrants from the canteens of the kindergartens of lodi and cascina to make it impossible for foreigners to access the popular homes of pisa to cut the tied funds to guarantee health care to all in the regions italy,0
matteo salvini and the video of immigrants in naples he is a good minister url,0
who knows who pays the pension to saccharists certainly not immigrants migrants url,0
elba mayors hunt roma via all nomads from the island news italys url url,0
malta petrole e bussole per divertare migranti in italy guardiamalta coaster intercepts boats and supplies water and life jackets salvini act hostile europe what these would be our allies they are nemici of the worst species url,0
immigration overtaking after years more italians abroad than foreigners in italy url,0
augias is right you can t defend yourself from terrorists you have to kick all muslims out maybe we are in time user,1
they made me become racist never again will i rent to immigrants giacomo s lodissea url url,1
the court of strasbourg is also right about the government and wrong about seawatch we must ensure that migrants receive adequate food care and assistance and that is what we are doing but we have no obligation to land and we will not let them land until the eu strikes a blow,0
the story of the free driver s license to immigrants that makes the moaning url rage via user,0
user user user migrante is the piddina version of clandestine perhaps it would be better if we all started calling them with the correct term illegal immigrants,1
come on it s christmas let s bring some warmth to the nomadic camp,1
user are unfortunately many roma children exploited by the parents i see them every day brought to pity people for alms,0
user matteo let it go if this is europe better to become african we ll take all the gommons x africa africa we want to see if we welcome poor europeans salvini go to the votes we will become the grand duchy of italy,0
immigration the earthquake prophecy on the invasion a new wave is coming the bomb of the european big,1
vicenda lidl from the opinions of the people here on twitter it seems that the roma are all good people i feel very relieved,0
ready for war with salvini and the minister responds to the migrants video url url,0
procura contests mimmolucano association for criminals fraud false competition in corruption office abuse malversazione fav illegal immigration illegal garbage collection sala gives him honorary citizenship and the pd also proposes it in rome url,0
deliries from the left migrants are the new partisans if so a partisan fights fights and gives his life for his own land it is evident that the cases are two either these are only economic migrants and do not run away from any war or are clearly cowards s,1
user user processano the compaeros of the pd who have filled us with roma and immigrants who dirty our cities steal travel without paying use the health care paid by the italians stopimmigration primagliitaliani iostoconsalvini,1
about domenicolucano is only said to help immigrants no mimmo helps human beings saying that mimmo only helps immigrants seems an excuse to attack it it helps those who need it regardless of whether calabrian or african also because there is no difference user url,0
boyfriend turco d fam muslima telling me go to pray go to the church means that really turkey needs all cristi,0
dear friends christians are under attack all over the world by those who say they belong to a religion of peace islam so much peace that slaughter us italians are under attack by hordes of free africans to make their pig comfortable without being stopped,1
libya the anger of matteo salvini because war can blow his plan on immigrants,0
imam islamic shock greeting wishes is a grave sin worse url,1
isis at the reception center cut the throat to the italians toh that s who ends up in jail,1
user user user user user user user user user user user user user user in fact 2 5 billion of debt the municipality nn manages to collect taxes nn manages to sell real estate and the asshole wants migrants we need a preventive foreclosure of all the assets of this psychopath of his and his family,0
at turin it s normal to hear people say but go throw it in via germagnano we don t dump on the nomads even our civilization waste,0
i see chinese migrants trading i see migrants from the east making caregivers i see oriental migrants making domestics then i see blacks and gypsies not making a caxxo and asking for money we are not racists we don t want to be fucked noglobalcompact,1
savona this is the councillor for security and city secretary of the northern league on the nomadic field and against url,0
user your fears are not to perceive more than 35 euros per day for every migrant now you have to find a real job welcome to the real world radicalchic amicides papponi,0
kothen too many deaths at the hands of migrants the germans rebel against merkel s goodness they beat him to death and then say he died of a heart attack he defended a woman molested by two afghan refugees he had broken ribs and disfigured face url,1
vicenza also in via onisto the campers of the nomads url url,0
if some italian place suffered attacks and citizens lost their lives x blame of terrorists arrived with boats ki pays,1
at the procession for matera capital of culture the thermal sheets of migrants become works of art,0
when an italian dies the judiciary sleeps but if the victim is a delinquente rom url,0
boldrini welcomes immigrant student who has been denied access to the chamber italy ansa it url via user,0
user umpteenth immigrant who is not regular useless for society and also murderer,1
user is useless that certain vouchers continue to sentence on a 50 year old number of migrants these migrants were taken specifically to create the case to try to remove the block what not removed they were rejected because they did not go to malta are we stupid,1
special laws x i rom url,0
fifth column from this situation of immigrants in 10 years we will still be here to discuss it because there will never be a fair solution,0
belgium by 2030 will become islamic and will be under the sharia do we want to do this if we don t hit the url,1
user user young people have no future the elderly live as miserable and poor they live well are the roma and the exstacommunale,1
user but all these mayors in favor of migrants orlando de magistris hall and others i don t remember what do they have in their heads that god will lighten them up,0
user do one thing take them all to your house i don t want them at my house terrorists or not terrorists who they are,1
user it s the one who always says that immigrants do not have scabies or other diseases so everything is commented on by itself,1
making a law to total protection of women not only islamic when denouncing domestic violence so as to expose false islam,0
the cross is a symbol of our culture and must be left where it is if immigrants of other cultures do not appreciate it then they get out of the balls because no one called them that s all,1
today we greet the little rom who made the rap video in which he said his father was in charge of the whole area and the next day they arrested father and grandfather a hug young champion don t make videos about mom though,0
naples the scampia boys on stage on a boat like migrants,0
user user greece despite the most serious crisis in italy and the arrival of avalanches of syrian refugees which hungary and others did not want to welcome and germany did resisted the so called sovereignism a case it is good to remember it,0
i am without shame a minimum pensioner lives with less than 500 month with 21 day we talk about 600 euros per month so according to the red cross immigrants can not live with how much italian elderly people make enough who pays 1000 volunteers for payment url,1
rom are nomads why do they have to stop in italy the problem that those who steal in their country cut their balls quintacolonna,1
user user user economic migrants in the sense that we have to keep them free all our lives without doing shit,1
rome breaks a 80 year old s finger to steal his faith,0
the priest pro migrants shoots investigated because i welcome he was reported to the privacy authority for spreading the images of asylum seekers in the water without their consent most likely to complain were the same foreigners url,0
finally it doesn t need alliance but union of intent to save italy from islam and pd is a hope for everyone b url,0
la notizia centers for migrant reception and endless waste zero controls and money given to url user,0
user taliban massacre christians in lahore and pd is filling italy with muslims affinity,1
unitedkingdom taxi driver muslim threatens to rape anyone who converts from islam to christianity the death penalty for apostasy is part of sharia it is based on koran if they turn away from allah grab them and kill them wherever you find them koran 4 89 url,1
buffoni 98 000 italian immigrants xch unemployed 181 000 immigrants arrived in italy without income without work with iphone and assisted,1
user user user user li want to bring migrants with the imposition it has become a matter of principle humanitarian reasons have nothing to do with it anymore they are acting forcefully after they have seen the negative results of their utopias on most italians they should be arrested,0
our animals weren t enough we only let others in that the percentages are disarming among migrants url,1
the roma camp in north rome will be it is contradiction to five stars news roma url,0
user roma in germany have good privileges but x them the right to steal and remain unpunished nn is priced better italy,0
user if the founding fathers had lived these times surely they would not have left italy at the mercy of the current invasors that s for sure obviously 70 years ago there was no problem immigration,1
user user nice question politics speaks of moderate islam that does not exist muslims should all be deported,1
here is the citizenship income pacchia for immigrants and roma,1
on january 15 2015 the fake co operatives greta and vanessa seized by jihadist terrorists were released after url,0
user they are nomads they are called nomads well that they go to make nomads in their country that we have them too long we were missing the africans and we have to work to keep them italy awake a translated with google translate,1
better dead than islamic url,0
international summits are only parades agreements on the environment of paris frustrated by trumps those of rome on migrants from vienna,0
in northern italy immigrant families account for 41 of families in absolute poverty atlaschildhood url,0
police arrest drug dealers refugees and day after free url,0
rome chinese found dead hours counted for the bandits who snatched it they come from the camp rom url,0
user then tu pseudo italian you worry about losing some immigrants they pay them to take them back even okay,1
i m telling you do your best about migrant people feminists gays gypsies meanwhile your children are growing up in multi ethnic classes they are 10 times smarter than you racists and sooner or later they will come to your place i can t wait,0
the old station taxi driver when he sees roma and foreigners goes into sight,0
but the pidiots don t accept that the islamic terrorists are called children of puttana you have to say daughters of good woman,1
at the rate of 6500 per week there is no protection against migrants and citizens a continuous invasion no sleep,1
but we welcome them and keep them how good we are idiots turkey islam christians prosecuted url,1
user user don t end the runaway by rai because they are terrified by the revision of the url,0
padova roma invasion at the hospital the head of the family gives kidney to his wife padova rom invasion url,0
germans still divided into two the refugees are the new url url wall,0
rome break his finger to steal his faith hunts two rom url urls,0
migrants sea watch docks in the port of catania migrants hug politics ansa now kidnap that swimmers and arrest the crew for human trafficking url,0
sri lanka attack islamic revenge for the dead in new zealand,0
user sports bar experts terrified by the maxirata of gs funding that would bring safemen url,0
the follonica bullies who post the video of the caged roma are the same ones who share and comment on the canton biancoenero,0
user here the test is screwing around all day maintained when it s okay migrants pd,1
user thanks to immigrants 600 thousand italians take their pension they pay 11 billion providential contributions 640 000 pensions,0
citizen income will also go to the roma no it will only go to italian citizens resident in italy for at least 10 years deputy premier dimaio who abolishes in a single stroke about twenty articles of the constitution and announces the arrival in italy of apartheid,0
why don t they kick them out and clean them up rome maxi brawl between gangs in a nomadic camp arrested a bosnian url,1
then we wonder why muslim women do not rebel because they are worse than their husbands that s why url,1
terracina police have checked the neighborhood called capanne site of aggregation of foreigners url,0
islam is the koranocomunque and where the korano is incompatible with democracy is incompatible with human rights when they understand it will be late url,1
user enough with this minority racism shit etc rom and risorse have found the keystone by leveraging on the goodists to do as he pleases legality order civilization security is not fascism but only social respect user user,1
user go to an italian who has in the vicinity of his house a roma camp to ask him if he would use the ruppa being able,1
of course in tunisia it must not be easy to investigate islamic extremism they are all extremists,1
sutera in the sicilian village of welcome burned the bus for migrants climate of hatred without precedent,0
people like saviano macron merkel and many others need to photograph refugees and migrants living with them at home in this way we know that they are not hypocrites,0
new landings of migrants even a corpse lurl url,0
in the earthquake zones at least 300 000 are without light and or water but for negroes roma islamics and illegals everything works,1
user user for the guillotine and other sluts made in the house but it s hated right for immigration ideas,0
good school violencewomen immigration giulioregeni also tonight thank you pre direct rare example of journalism in this country,0
what pisses me off most is that the sinisters goodies pydiots think that our racism against negroes roma islamics etc is free but when 1 resource will touch the sinisters goodists pydiots the latter perhaps will change their mind,1
you are not worthy to call yourself make you laugh back to your country with all your fellows all foreigners via fifth column,1
user agree i also think that ngos for survival are willing to do anything even to trample on immigrants and all of us,0
updates from torre maura where residents are protesting the arrival of roma families what is happening url url url,0
user user user thank you stef i was just loading i also put that salvini endorsed the funding roma fields,0
the mourning after the death of abruzzo is land of love terrorism will not pass away url,0
ottober 1571 lepanto history teaches us that islam defeats itself with weapons not with reception or submission url,1
italians are not for you you will be outnumbered by blacks muslims and roma all nothing but very you url,0
rome and ferrara migrants imposed reactions and different url solutions,0
and i would like to see you one day in amatrice and in the other earthquake zones in the rubble in the cold in the little houses and i wish i had seen you tear your clothes even half of how much you tear them up for migrants yeah those are italians people you don t care about urls,0
user these examples of immigrants without respect for nobody much less the rules we do not want them compared to those who work and respect people environment and pay taxes idlers and illegals out of the balls,1
user in fact bubu was smart he argued that migrants get sick in italy probably true piled hundreds in the same place what he tells me is that diseases are transmitted there by other migrants and not by italians,0
milva and her goro if i still lived there the migrants would have hosted me give us the address i ll bring them to you at least a dozen,1
user when will you clean up african priests and not devote yourself to immigration business or gay paedophilia or propaganda in church we want to hear word of christ not advertising illegal africans whose crimes never mentioned enough church politics,1
user user user here are the real italian profuges who flee from those who want to destroy their dreams life family now that you answer me not defending them the fakes is useless refugees,1
user the good question is if they are refugees how do they know where to turn to denounce a person from a minister of the italian government who is driving them i would bet you a hand that comes all from the pdisaster,1
i propose to bring these nomads to cabalbio do we bet that they change their ideas radicalchic torremaura,0
milan relaunches men s fashion giorgio armani gives space to three foreign designers url fashion,0
in the degradation 20 thousand children in the roma camps in italy url url,0
user most rapists either romanians or african immigrants let us know we limit this crime with stricter penalties and fast sentences,1
user in the square for legality and to sweep away drugs immigration and degradation url,1
migrants seaeye eu we are closely following the case of the ship alan kurdistan and we asked for a steering booth of coordination between the member states url,0
marseille islamic terrorist is algerian slaughtered 2 little girls url,0
fig migrants traghed by ngos must immediately land a table takes onng parliament url,0
nomas terrorist acts promoted by right wing leaders in venezuela url,0
you have to have the courage to say enough to islam who speaks of islamic culture is a decelerator a negator before islam in italy you were with the doors open you turned at night and at night,1
user user there are migrants in amatrice who need help you will see that now the pdr the pope and all the media bodies of the regime will arrive,0
user user and let s see that many smart guys turn even those who get subsidiary protection into refugees,0
matera salvini challenged during the rally and he answers bravi you won ten immigrants to maintain,0
cardinal sarah says that defending migration means defending an existential chess project migrants are brought to europe to be used for delinquency and slavery bride if they are criminals that matter it is now clear that this is an adept of evil,0
for the cassazione a migrant if he profes to be persecuted in the family perhaps because gay is to be welcomed in italy but is it a nightmare or a farce anyone can say he is persecuted domestic and we will have to accept him diplomatic passport for gays and income of homocittadinanza,1
according to the un italy would not only have to keep the migrants it has but to keep the ports open and to welcome others he writes in fact that the italian government is guilty has made impossible to the ong ships to continue to rescue the migrants open ports in short but only we urls,0
milan dinner in friendship with a family rom nice to meet at home after years in the shacks user url,0
we are a people of indignant people who forget that they have been a people of migrants and who do not know languages and who does not verify that merde alors in french is an exclamation of outrage and not an insult asselborn,0
user then the illegals whom you call refugees or migrants knowing well that they are others exist and must be repatriated why didn t you you have filled italy with criminals and dare to speak,1
violence and hatred are already in the dna of many of them do not need to instigate them immigrant urls,1
user user user in my country i don t exist or the illegals at the max there are illegal immigrants quiet cmq we will come to free you again from the fascists,0
the real italia that welcomes the migrants,0
user why don t they talk about infibulation the islamic submission of women burqa stoning brides girls their empty heads are pro islam and then feminists they fill their mouths on women s rights and against violence,1
the anti immigrant mayor a revolution in the pd how i clean everything up,1
carabinieri s blitz at the nomadic camp in the barracks there is also a movie room news turin url,0
i recommend user also welcome all terrorist styles coming soon shame tunisia terrorism,1
two shootings in one night in rome three nomads of ethnic sinti url arrested,0
rome maxi fight in the nomadic field of via di salone url,0
gypsies you must starve to death cries and protests against nomads in rome user url you are content pidins of shit those are the focalains of the future civil revolution,1
and the laity against islamics and christians of course lying is also a philosophy of life,0
lele mora robbed and threatened in milan he was at roma camp with 40 thousand euros,0
user poor us indeed in italy i would leave only clandestini and roma italians honest via all i would be curious to see,0
i found the spike in the briefcase most arabs and foreigners generally who i think had the task of disturbing and nothing more deleted several lights that do not allow you to read their tweets or see who follows,0
migrants and security all the constitutional risks of the decree wanted by salvini url human rights monedi,0
immigrants lawyers who cancel expulsions toh what case maxi scandal who is behind them,1
we must help our italians homeless work help how many illegals or immigrants have gone to clean roads and banks of rivers or streams in these tragic days for many italian regions earn your bread no eh parassiti url,1
user for immigrants it took musolino to do some cleaning,1
citizenship income to italians can t exclude long staying foreigners and refugees url,0
if they import foreign masses they tend to control the territory in conflict with us first the principle of sovereignty guaranteed peace to every people its territory but the elite wants to approve everything and fights it not the nation the elite is leading us to war,0
he makes the fort with a defenseless woman all the same muslims i would impale him and then in the meal to the swine that gives url,1
user user user user your ninth heroes should have sold out italy for an electoral tip of 80 euros and brought here 000000 steers that refugees are not nice to mess up and then someone has to get busy because of you,0
user do we want to talk about the roma you freed,0
rt rt anciliguria url meeting with the mayors of the province of imperia on the subject of migrants comuni_anci anci_communic,0
somebody do a massacre of 12 year old girls who with all these fucking islamic martyrs those in heaven i know you re done,1
wild immigration has changed the connotations of our cities our life habits in a restrictive sense we have lost freedom of movement and we are getting used to fear these savages must be sent away before it is better,1
user anyone with even a neuron knows that user are pro clandestine rom iussoli and url,0
user user i know it s difficult but every time such a thing happens non muslim parents should withdraw children from kindergarten whether they take separate kindergartens for islsmics or not they would be happy and we even more,1
here is the gypsy school for your children where roma are pushed just 400 euros url,0
user user user yes but what children islamists think about doing it in italy so assholes keep them,0
user and the ship arrived and miracolously materialized a dinghy of migrants to save is a provocation now basta no barks in italy portichiusi user mattarella government ong aquarius salvini,1
shame alfano asks to check homes and hotels for immigrants who disembark in italy fleeing from his misfortunes italy x italians,1
refugees the majority are kids of the urban sub proletariat africa emptys its prisons in italy gr url,1
eu tajani those who don t welcome migrants have to give money to africa but this is down but who the fuck you are who knows from your money and go do it in the ass url,0
from your side cimbro we hope you get a visit from the roma and then we see what legitimadefensea lodi url,0
user right words we also need to identify the signs that determine the cause like the islamic terrorism that must be fought now,1
they keep saying that they want to hit rome is still they come in this shit of foreigners a country of poracci used are mejo de us,1
good morning to all italians and foreigners who are well integrated and help this country to others home url,0
new year s eve terrorism alert throughout italy in rome snipers and patrols on the tiber url url,0
antegnate nomad steals at home and leaves threatening messages on foreign url photos the protagonists of all this,0
the policeman who killed terrorist amri transferred to a secret location user url,0
rom squatter camp via tremelloni and anassagora milano reports of residents and photos cronaca milano url m,0
in short 2 roms rummaging through a lidl dumpster looking for expired food and a politico searching for votes,0
in roma you can clear a roma field only after you have guaranteed the replacement houses signed the agreement,0
how much reason in italy we talk a lot and we do little for example of the roma and their fields had spoken for url,0
nonpagoticket migrants some things are not part of their culture url,1
the pope receives the anm legislative gaps on life family and migrants,0
berlin terrorist killed in milan had arrived by train from turin url,0
they shoot the carabinieri after the robbery caught in the nomadic camp of url,0
user shit government these are all day dealing and they still call them refugees rather than illegal,1
two wars broke out in israel the palestinian one to have one state and the other always palestinian but led by fanatical islam in gaza and ramallah to destroy israel and expel the jews from their land everyone should abhor this cause amosoz,0
rome seized treasure from 30 million to 5 roma families news roma url,0
why do we only help italians because by now public contributions end up with foreigners and italians are the last in the rankings of homes kindergartens and social services the state should be a father who thinks first of its children and if it does not then there is us url,0
rome rape at the roma camp of prenestino pm the settlement the messenger url roma news,0
user quintacolumn those of the left but that immigrants take them at home why in other states isn t that so,1
the roma must be placed in places where they accept them that is in the places of luxury of radical chic and intellectual vouchers and artists defend them and they accept them so if they take them we want to see how they will be content,0
strangely a tunisino a few miles from his macerata user url tunisia stopinvasion migrants resources,1
user and then look at their manager as he behaves and would you like to make observations why don t you go to the muslims house to see how they are moderate with women slaves and objects fuck off onu iostoconsalvini decretosecurity decretosalvini url,1
rom from the nomadic camp of the favorita to a small villa in ciaculli explodes the protest of url residents,0
seventy migrants intercepted and recovered off lampedusa,0
user user user italian earthquakes do not bring economic benefits to the host business contrary to the migrant scum coming from africa,1
the government gives our 8 per thousand to refugees,1
user this infamous government will bury us all migrants not before they have stripped us of everything,1
dossier on migrant children between rapes tortures and denied rights roma on long journeys to reach url,0
the next episode of violence and degradation against the background of a railway convoy protagonists as usual 4 immigrants of nigerian nationality between 20 and 25 years url,1
from your side it was good for the restaurateur to give dinner to only italians they are the most needy compared to migrants than the gov pd from everything,1
evictions inhumanity made in italy roma in our country the rights of migrants roma and homeless are now url,0
that s why italy pays the injury of foreign operators url url,0
user in milan we are terrified by the roma they continue to steal inside fans of the outskirts of milan,0
on the contrary we must be an example for the whole of europe to claim the italian identity and that of the other european nations distant light years from islam europe is europe not arabia nor africa this elementary concept is incontrovertible and has granite foundations,1
kick them in the ass after requisitioning his wallet with his papers,1
and in genoa with the paita and the roma url,0
eh not nn may decrease the hours of the guard for example last friday i have entered the muslims with their long clothes,1
i m not generally in favor of the islamic veil but i guess what could have happened if they did url,0
venice a lord catches two roma to steal in the apartment the sequel is from url we all start to assert ourselves never indifferent before these professors of the theft congratulations to this man url,1
roma eight thousand signatures against roma camp in north rome campedoglio listen territory url news,0
i do not believe that italian immigrants to america have tried to subvert the origins of the host land and that they were so hostile to integrate,0
it seems to understand between the lines that eu would like with italy an agreement to turkish how much do you want to keep them immigration user,0
it tightens the heart of the break of life in a roma camp told by two young girls nemorai2,0
let s ask ourselves how it is possible that no law is applied italy is now the land of nobody anyone even the foreigners delinquono,0
user now they re all gon na shut up until the next terrorist bullshit,0
user speak to you that in 6 years you have not done a ca,0
japan has cheered clinton but user is the first foreign leader to see trump here s how it went url,0
dozens of foreign mafias and money to invaders italy shame on you url,0
x 10 mila euro x italy from foreign countries here x we are full of foreigners with regular visas we needed only translated with google translate,0
migrant killings count i m shocked i m going to commit myself to criminal law in order to ensure the victorious to justice,0
the migrants cleared from the occupied buildings what are they doing surely the minister will send them to their countries of origin as promised i do not think abandon them on the street to worsen the security situation for the citizens someone can tell us what the solution is expected,0
the thing that rapes me and anguishes me the most and see and listen to movements of italian women that promote the acceptance of muslims as if islam were condescendent to the western mindset they are not poor illusions simply ignorant maneuvered by ideology url,0
there we have to help these poor people not these fake refugees who make a mess is doomed throughout italy there you have to spend some money not to keep these thugs in the hotel has our own expenses piazzapulita movimentonesti,1
on la stampa del migrante they praise the abusive work precarious work and life as pezzenti interview with 2 young italians who sell soft drinks during the events in piazza torino url,0
user user user but maybe not if retwitti immigrant did immigrant killed as if it url,0
the critical spirit of our muslims is poor because their religion is nazi racist and criminal but if a muslim is in turkey or in the lega araba then he would make a maladeath if his voice were in dissonance with the other goats with the shariah horns,1
ansa watch out in berlin polish driver tried to stop terrorist the killer is still on the run maybe to url,0
when i came to roma me if it filled record of rejoicing mo i m afraid when there arrives between niggers spores and rom i feel lost,1
user user la prophezia di sladkuord more and more paedophile priests will sevitate children but they will not be punished the pope will deny the symbol of the cross and submit to islam millions of africans will invade italy with the approval of the church the families p m f will be condemned,0
strasbourg matrix sgarbi we ll talk about it we ll do it as a grandbass at isis grz at tonycapuozzo returns to the studio but what are you saying if anything the mistake is to consider islam a religion like the others and to keep quiet when you should constantly denounce barbarity,1
the strategy is to invade italy of refugees and then condition think that we have criminals killed by state accomplices agorai,1
tar madness forbidden to expel illegal drug dealers,1
from the camper homes to the cell the neighborhood applauds the arrest of the 2 roman thieves url url,0
user perugia immigrants break statue of our lady kick her and piss on it url,1
but instead of being indignant about all these terrorist episodes intervening militarily and raving all these shitty states to the ground don t you think,1
user user italia works so the person who suffers the crime is condemned who committed it no even less if he is 1 immigrant,1
user it is the migrants dear red hat who must respect our customs and traditions and religion what does not seem to be respecting even you do not even use the dress as a priest they are in italy not us in africa if they do not want to respect go to their country,1
strasbourg in order to defeat terrorism we need the commitment of all enough with uncontrolled immigration we need a tight garrison of the territory and integration paths made of duties and not only rights st user url,0
neither legists nor fascists it is the cgil luomo who closed the roma in the cage url chronicle url,0
user also and imagined a different europe but how much you are discarding the dick with these migrants you don t want to understand that you are wrong rotten for having imposed on citizens a transformation that has done serious damage,1
help me spread this appeal to minister di maio the government summons the french ambassador to ask for account of the document i show in this video about the causes that would have prompted france to bomb libya generating the current immigration chaos that we suffer url,0
roma car rat gang roma arrested 3 roma the messenger url roma news,0
the romans pd rays and magistrates side with the roma against the citizens of torre maura open file for razzial hate against 200 demonstrators nice move really not bad url,0
with their money they buy islam s friendly caltrans will make you find in war your kids please,1
but stop calling them migrants or refugees they are illegal and the majority of criminals in addition muslims notoriously broad views and very integrated in the countries that host them in my opinion they invade url,1
thank monti prodi renzi letta gentiloni napolitano mattarella and company who have brought in a myriad of terrorists delinquents rapists thieves but it is normal among such helps us,1
illegal immigration in palermo seized assets of three million,0
user they are neither deserters nor refugees they are muslim african invaders they are allah soldiers they are our enemies and we are welcoming them home thanks to politicians sold and a muslim disguised as pope occupying the vatican,1
simple never vote the pro immigration parties like the entire italian left,1
meningite hundreds of cases in the early months of 2017 many cases of death tranquil everything in the norm immigration does not affect this,0
roma roma camp robbery la barbuta three arrests the shadow of the url racket italia url,0
emma bonino at the lingotto convention without the children of immigrants we would have 35 thousand classes in me 78 thousand,0
chaos for or eviction of migrants in via fortezza url milan goodmorningmilan,0
baby gang rom allalsalto della metro a integration url,0
user all these artists advertising in favor of immigration are vomitable but you have seen one i say only one that someone took home and gave him food and lodging for one day hypocrites and false,1
user user these are our resources not the scum imported from the dems we will take them home for the delight of your altered senses not are racist let honest migrants come well and of good intentions but the scum that you like no you are missed you are leprosy infected outbreaks,1
the church has become a den of communists rich people and paedophiles but above all of businessmen who defend the hospitality business like the bishop of terni who prefers the degradation brought by fake refugees and illegals to the security of italians movimentonesti url,0
user user user in the society that we have in mind mosques should not even exist everyone knows that they preach radicalization because moderate islam still has to invent it it is only feud between shiites sunni and the unfaithful west for me it is ruppe in any case,1
tonightitaly person_1 since you brought them in you want the widespread welcome start giving the exampleo take home some migrants so start spreading them we looked at the problem for us the business for you we have chastened you,1
while you re mad at niggers and immigrants marc ribot makes tom waits sing bella hello in his songs of resistance 1942 2018 url,0
when we talk about immigration clandestine and not we always refer to african immigrants but in reality they are only a minimal part of the foreign population that arrives in italy read the istat url numbers,0
user user in italy migrants don t touch each other because they have a license to kill,1
safety problem policemen and policemen on the nomadic bus in january will arrive also the city angels url,0
foreign minister of eritrea italy does not want to cooperate with us on migrants why the fogliettone url,0
user shame and just change christmas with migrants,1
as long as the left defends the rights of those who enter illegally in italy and does not talk about the problems of the suburbs of the ghetto neighborhoods in the hands of the nigerian mafia and does not explain why the children of the workers have to go abroad will not recover anymore,0
jewish muslim and christian marching for peace a video and song for the event in israel the fact url,0
attack on the christmas market shots 4 dead and 11 wounded video url islam is the denial of all human rights but shariah is right to islamic genocide only a criminal,1
and again he visits the muslims and again he cn migrants and again and again,0
those who condemn violence in all its forms in front of the terrorist massacres jesuischarlie url,0
user the first two laws are to be laughed also because the mussulms in reality want to command and distructing what is offering to them but the third law makes me laugher because i won t be interested in their things just not interested but i find him ridiculous and dangerous,1
riace arrested mayor of the reception the investigations which led to the arrest of mimmo lucano have brought out the particular contempt of the mayor in organizing marriages of convenience between riacesi and foreign women in order to illicitly favor the permanence,0
i want to be frank the africans who arrive in italy called refugees know very well that they will not have an honest job but the opportunity to earn money working in black or even in criminal organizations they are not reckless but only liars,1
reduce 35 euros daily to refugees 15 euros are more than enough considering that they eat free fourthrepublic,1
we do not want illegal immigrants regular and integrated immigrants are with minister matteo salvini url,0
user user but it s the fault of the pd lets dogs and pigs pass the terrorists pass through italy the url,1
massacres of migrants and on social networks there are those who celebrate the tragedy 700 are few url morningdinapolis,1
spain is a serious country italy no migrants invasion url,0
videos and images that give the creeps the fascists infiltrated among the protesters of torre maura accompany the exit of the roma with choirs and roman greetings url,0
user masters in our hosts home via the islamic and gypsy nigger shit from italy matteo premier,1
scab the principal the evening lessons to migrants do not center migrants except those 4 polite and honest who want to integrate the others all at home 25november m5s goodsunday nonelarena mezzorainpiu domenicalive sundayin url,1
m5s approves the senate resolution that commits to assisting migrants with same sex personnel and go with islamization italy,1
sardinian pastor in handcuffs in rome he beat two children rom url url,0
if you re not an immigrant migrant requirer but a simple italian former house employee fired the url,0
user user user but who let them in if they didn t come in at this time there weren t 600 000 illegals non immigrants,1
user they have already saved in commerzbank and hypobank in 2008 with the money of pensioners i hope this time they will reduce those 25 billion that spend on negroes and muslims saving my pension of which i receive only 42 percent the dead them,1
user it seems to me that old age has bad effects here then they leave to rot at sea african migrants meanwhile they are illegal for 90 and you know it well to rot at sea africans do not go just soros has thought of everything with his ngos,0
trump and digital after the protests at the super bowl 97 companies are fighting immigration measures url,0
user they have regular immigrants who work and create wealth to us we are downloaded by africans who are nothing and delinquents,1
in italy civil service restarts cdm approves reform also for regular foreigners url,0
salvini provokes luxembourg on migrants they need cheap slaves ira with swearing by minister asselborn url of user,0
they exchange documents fourth grade between ukrainians and romanians,0
for me you can fuck you and all of islam url,1
user user user user user but tell him seriously i don t defend anyone for me there are no differences between italians and foreigners calm down,0
outside the foreigners from italy shouted the young political activist who wore a jersey with the picture of icardi,0
user the islamic demo said rules of behavior at home don t tell the italians or the league what to do,1
rome two roma thieves attack an 81 year old they are blocked and beaten url,0
the un says now roma communities in italy are discriminated against lo dice anche lonu le comdiscriminate 3270024 via user,0
user i don t want we don t want italians don t want migrants they don t work they don t integrate they commit 73 of crimes stopinvasion stopmigrants url,1
this time i swear that i vote user if he does what he says and sends out roma from italy i vote will vote in so many basta basta,1
the crisis of mental health among migrants among the many tragedies that migrants and refugees pour out url,0
terni umbria no to the christmas recitation disturbsthe different religious cultures excuseanimebellebut how does it work are the migrants who voluntarily arrivedhere who have to integrate with us or do we have to integrate with them by changingourtraditions url,0
dear french cousins kill all muslims who live the francis,1
he just did his duty he couldn t have landed in korea migrants italy would have become africa with more drug dealers piudelinquenti salvini is saving us and we will save him url,1
user user user today it is too busy to remove human rights with a decree called security you know the one that produces illegals to then say just underground then there are the rom camps and some old palace inhabited by poor christians to be cleared and a spriz with bundles,0
user from the attack on libya for their pure economic interests to migrants left on the rocks in ventimiglia to the borders of bardonecchia should italy not be the one to protest formally in eu other than ambassadors recalled,0
amisdenicolas 47 teams at balonmundial 2016 the 10th ed of the coppadelmondo of the migrant communities of turin url,0
even the vouchers talk to the families no good book and to the immigrants ski lessons you suck,1
polemica su montalbano pro migrant propaganda the web divides and tweets also salvini,0
france finished in three months the wall anti migrants of calais financed by london the daily url fact,0
at the celebrations for april 25 young immigrants beat italians,0
okay let s admit that according to logic if the seawatch flies the dutch flag migrants must welcome them to holland the siciotti stuck in port instead of the flag beating could you please remind me,0
user the tragedy is that these muslims are not all sterile they have to die out as soon as possible,1
10 questions you ve always wanted to ask a refugee url,0
user user user islam cancer of the world and destruction of civilization,1
i have never seen catholics kill for the imitations of the pope of crozza the islamics are out of the world as you of the lega on the other hand,1
on rai two emma bonino migrants do jobs that italians do not want to do,0
user user you said well islam is incompatible with western values this is not an offense is a fact fake vouchers have to make up for it,1
user grillo as his twin salvini in italy traveled with terrorists if someone had a little doubt of alliance today is obvious,0
user what a case all terrorists have mental problems a disgusting way to justify them and islam stopislam,1
if you have not yet understood the migrants are votes for the pd that guarantees them what does not give the italian citizens who die of hunger,1
did you explain it to the intelligent buonists who made us invade by a flood of immigrants,0
italysicure oncsi rome nomadic camps everywhere even underground in trastevere tweet url,1
giorgia meloni rissa in broad daylight in sassari among immigrants between kicks and fists also beaten a woman it is time to ask tollerance zero to those who are not able to respect our civilization,1
hey minniti well come the economic migrants the point is that in italy only delinquente arrives with the boats no one wants to hunt filipinos or moldovans or chinese working clock eh staseraitalia,1
user but what do you say while poles with the roma they also took away your ass yes you draw them to take them to your company,0
with births they will subdue us to sharia europe will be conquered by islam black clouds as a pitch on the future of our children will we be able to stop the islamization of the continent will we be able to preserve ourselves and our culture,1
waiting to see in marseille crazy oceanic marseille rossa wandering arancini that expect migrants aboard the aquarius2 to land in port if not ask for the intervention of the french judiciary,0
user user user user it s rare to see big left wing demonstrations between old ticks and immigrants gather just to talk about how disgusting italian fascists are,0
user no really they re clandestine and you know it stop with history be for legality let people in without documents are one of the stupidest things there can be fight the mafia of the rich but also of the poor enough islam,1
user here we give a home to all roma,0
thanks to salvini i discovered that rapists are immigrants from today i can trust everyone except outsiders,0
user user all regular poverty is abolished for italians immigrants must remain poor and for them there is a ban on begging,0
i m laughing at the fact that we re racist but here the roma don t want them but goddamn buonists who invented the word razzisti bastaa,0
migrant refugees asylum seekers all illegal to shake the crowds url,1
coffeebreak tell that miserable servant that italians come before foreigners we have rights in italy,1
the barbarism with the imposition of violence for islamic conversions risks fomenting racial hatred if url,0
omnibusla7 the fact of the matter is that it is not the government on duty to catch migrants we who pay 60 of taxes go to the slum,1
user vergognati speak of italy and you are the first to block immigrants in ventimiglia and now the ship aquarius,0
but can t we replace immigrants with hot scandinavians that i would be happy to support i must tell you everything and daje,0
sea watch the volunteers announce the landing in malta the scream of joy of migrants it s over,0
user user user nn you can do nothing so rom nn italiani,0
we damage our soul with primary front unitary lists work spread and gdp but italy wants to kick immigrants ass pensions and subsidies url,1
it is necessary to put outlaw islam because it violates human rights and revokes citizenship and expel all muslims it is not possible to live with those who hate us stopinvasion stopislam url,1
mimmo lucano is under house arrest motivation favoring illegal immigration but the truth is that mimmo lucano is guilty of civil disobedience to save lives and receive them url iostoconriace iostoconmimmolucano url,0
user brother an imam so also muhammad who to exterminate peoples to impose peaceful islam url,1
lidl i m sorry but i don t like lidl employees or the roma,0
user can always tan or themes that become too similar to migrants and then you won t let me enter milan,0
another conquest of the pds will give popular homes to the roms result degrade and sopprusi thanks to the mayor salah,1
count makes the 36 migrants rescued by the navy land and relocate them to the eu di maio problems resolve without screaming,0
user user of course they have a place to go let s joke like all foreigners when they re abroad in trouble let s talk to their embassy that repatriates them i don t see what the problem is let s go back to their home oil gas coltan gold diamond they turn to their governments,1
2017 foreign women are killed more frequently by their partners or former partners than italian women 58 3 and 40 4 respectively,0
promises if nothing is done it will be the fault of the immigrants europe the pd and the constitution many enemies many url excuses,0
the welcome of the ndrangheta to refugees the food for pigs,1
mafia zingaretti i support the roma mafia in salvini would be yet another dark fact,0
user then i hope you bring them in your cortile and if delinqueno answers it is time to make it over that the criminals for 98 for foreign center do not go and above all stiano in galera,1
user user user user i don t have them at hand if you shared them but on employment don t put those on a fixed time or atypical contracts and on immigration don t put those of asylum seekers because those are just a part,0
luca zaia warns matteo salvini immigration the test of the nine watch the coup,0
user now the illegal migrants they will all become gay you can t get us fucked like this other than that we italians get treated like this we are the joke of the world,1
hundreds of migrants from bih try to enter croatia through the mountain paths bosnia and herzegovina url,0
fontana if i am elected i will expel 100 000 illegal immigrants from lombardy,1
user migrants,0
the url months the italian ports are closed for months we have said enough to the immigration wild invasion the illegals the merchants and the collaborators negroieri of the ngos know it but nevertheless the latter adore to provoke hoping in the fataccio,0
user user big also qd defends at spada treat wild immigration contentii,0
foggia policemen attacked by migrants the anger of the sap about fifty non eu citizens have surrounded them hitting them repeatedly with kicks punches and blunt objects a punitive concrete law for these nuoverosorse when url,1
well start with aslierdogan report turkey s islamization let s not leave them alone user url,0
ilfaroonline it sonomeni fdi campi rom in rome the raggi administration is url url,0
jihadists of italy all numbers and anti terrorism operations url via user,0
rector user migration is also inclusion problem necessary to help migrants in insertion url,0
syria high tension in raqqa capital is after the escape of one of the terrorist leaders carrying 200mln of syrian lire terrorism,0
user you are a mercenary ngo human traffickers and you are causing italy to be invaded by the worst african scum take them to your home in germany or in the netherlands stronzi we hope they disassemble you pezzo pezzo for pezzo your trachetattor of false migrants,1
the tunisian expelled from italy wanted islamic revenge he was looking for url,0
padua roma invasion at the hospital the head of the family gives kidney to his wife blitz daily url padova news,0
they studied it well passin passetto even the story of immigration and italians who no longer have children 1 demonic plan but it will end,1
user user the result of the hungover and selfish will be that each state will want to defend itself from its economic migrants by pure electoral consensus without a far sighted strategy of growth and development too convenient to invoke european rules only when they are convenient,0
lombardy thanks to the immigrants from sicily puglia and campania has classified itself on the podium of the wounded for the,0
the immigration dl developed by user is a fundamental step towards the normalization of the political writing of previous governments i hope this text will pass in full italy can still be saved in extremis block and return immediately,1
pm makes migrants land the legist leader denied on tv,0
jackal journalists from all over italy i m hating you with my heart immigrants survivors,1
even today there are 2000 migrants coming from libya ahead in italy there place for all true user you can welcome them to your home,1
you don t have any money without the migrants do you,1
cds un vote unanimously historical resolution italy france protection of archaeological assets against war and terrorism italymfa italyun_nypic ht,0
the pope open the ports the pd open the ports the left open the ports fake buonists open the ports i remember sti anti italiani of what the islamic terrorists in sri lanka were able to do against christians almost 300 dead islam is only death and violence,1
user to these do not investigate them they are the intoccabili what indisposes me are the people who continue to support them in spite of every human decency it is not enough for the roma at night in their homes and the stapers who run from war they wait for islam to straighten them out,1
sea watch the pm makes migrants land salvini i denounce who opened the ports,0
user if to make the bastards enrich we must open the ports and in a few years to have chaos the wars inside the house terrorists and all die of hunger no thanks a great sorry for the dead but no one needs to learn more to come in italy,1
the russian turkish agreement provokes the first reactions al nusra terrorists flee from darat al izza url,0
beasts calci away from italy trieste kicks and fists to disfigure her beaten by the roma for revenge url,1
call for sea watch migrants on the sheets of syracuse make them land url,0
roma chinese morta under press four roma of the nomadic camp the messenger url roma news,0
user the former milker of the drifting people like migrants no one wants it,0
quintacolonna children go to school like others and integrate i teach and i deal with roma at school purtroppo,0
delegate user on rome nomads and url integration,0
trump says that the statue of freedom is anachronistic and incites immigration such as saying that the chapel of the url,0
user user poor roms innocent victims of jordan all honest impeccable send their children to school ideal neighbors stay them all in montecitorio or in the vatican why relegate these excellences to the suburbs,1
rome 16 year old raped and killed by illegal immigrants occupiers and drug dealers feminists contest salvini understand the fake feminists they don t protest against the murderous rapists but against salvini who wants to put them in jail desiree justicefordesiree,1
matteo salvini open urn bomb in sardinia do you want more immigrants vote pd,1
user but what dialogue do you want with people who are studying how to allow muslims who can marry girls from adults if we do this we are paedophilia and arrest us if they do it is tradition and culture but what a fucking environment is the u e,1
torre melissa kurdish migrants saved from the shipwreck the mayor mothers and children wet and cold we ran to help them,0
migrants clandestine turn uncontrolled x genoa justinvasion renzi alphano ruina d italia fdian changeresican indeed you must,1
from the melensus zecchino d oro we have passed to the golden zecchini these odious foreign children who pretend to sit at the cafeteria with their italian classmates is this the italian civilization that we should save from the barbarians url,1
merkel closes the league in the ppe we other than salvini starting with migrants,0
great user user user the absurd thing is that muslims risk their lives for apostasy then they talk about free will,0
but they pay wi fi to migrants with mobile url,0
5 600 migrants rescued in one day url via user call them as well clandestine,0
st john milanese will call a square to the victims of fundamentalist islamic terrorism in europe they protest the islamics the pd voted against and with this it is clear that the sun will stand in opposition in italy for the next 100 years m5s exited from the classroom tuscany,0
news roma fight in a nomadic camp during a census 5 arrests sky tg24 url to keep updated stay informed,0
we wish all muslim friends a happy and serene year 1438 hijri1438 may it be a year of peace url,0
user user the majority of migrants are muslim their religion does not admit other political parties except those of islamic ispiration the khmer italics know this because strangely i always see red flags behind them and make them sing o bella ciao,1
user the new lifestyle invoked by boldrini that retrogrades us non muslims do not welcome this cultural richness,1
the roma challenge salvini let s take care of the park of centocelle here s the next lap instead of with the ruspe entrances with the launches when he starts to burn his ass to these parasites you will see that they will disappear like the roaches url,1
a pope impostor and muslim the islam that spreads in europe where the red carpets spread a symbol of christendom that is on fire in the worldvision the end of the church seems imminent notredame paris,1
sanremo 2019 don the priest pro salvini massacres the festival win if you are muslim and drugged,1
i would let you live 300 meters from a roma camp like it happened to me with the contents of the bins constantly turned to the ground the fires the fear i would make you commuters on the metro of rome as i have for years with the muggers the stink the insults bastards url,1
the tgpuglia should all look at it every day dilapidated structures occupied by desperate africans or roma a degradation from the fourth world,0
why do migrants escape from the centers hawala is the magic word that explains almost everything by giuseppe morabito url,0
the terrorists in the house and still the 5s block the security decree with 81 amendments house has to happen again because we wake up,1
user they come to steal in our country because the pains are ridiculous they risk almost nothing the foreigners who delinquote must be kicked out of our country enough foreign thugs,1
italysure oncsi insufferable violence we must also make lislam known url,0
i didn t understand what happened at lidl,0
rome city closes 60 playgrounds money is missing for swings and url slides 12 million for roma instead there are,0
anti racist demonstration in milan salvini and di maio go away migrants are welcome here are 3000 useless and harmful to the country to kick in the ass at maximum utilidioti url,1
user user we banish the term welcome that doesn t have to do with a blissful bitch we banish migrants are invading african delinquents who have understood that italians are shivering mammals we will get an ass like this long live italy,1
why don t they go home and make muslims lagabbia,1
user and they re the same ones who marched pro immigrants almost all muslims who masquerade women as if they were meat for slaughter without any right and marry 7 8 year old girls with 30 40 year old scumbags,1
franco bechis think of migrants and forget the earthquakes of amatrice,0
it would be worth counting how many posts certain priests make about salvini and migrants how many about abortion and destruction of parenthood and family in our country today and 1 year ago today of the sacrafamiglia and not even a word in defense of that normal,0
chinese student died in rome captured a roma reported two more url url,0
but so that the refugees don t send them all to the house of that minister who says you have to help them from your side,1
wanting the nativity scene and hating foreigners is like putting a beautiful carpet on so much shit dirty the rug hide the shit but you smell it anyway,0
user user destined to fail illegals and migrants know how to do it adopted their method so no one can do anything to them,0
strage christchurch prime minister ardern embraces the muslim community,0
user reception for all migrants and death penalty for boaters that you say equal,1
roma steal all over italy not just in asti neh from your side,1
lastimenotices news news roma caged in the supermarket by an employee enrolled in the cgil url,0
on immigration brussels as pontius pilate ferrara m5s juncker shot figures at random he thinks that spreading a few tips to italy europe can wash his hands url,0
lanciano the last component of rumeni s band catched url via user,0
now all the terrorists are crazy and not muslim look at that lagabbia,1
the package is over for smart immigrants after the mayor of lodi i punch hard also in veneto no bonus books to parasitic immigrants who do not present the certificate on the possession of property or property in their countries in a civil country is normal movimentonesti url,1
racism prejudice against migrants does not disintegrate with good natured aberrations,0
the prof of venice who incites on facebook to exterminate muslim children another life ruined by a click url,1
while the governor of sardinia looks for hotels for migrants another poor italian kills url via user,0
user user how many immigrants must come to italy for saint francis everyone has the right the earth belongs to everyone for you,0
user yes thank you but turning today in rome center is a continuous assailance from rom thieves petulants accat url,0
even if they look like craps but they don t give to islam url,1
user user if they are nomadic they must nomadic if they have become sedentary all at home of the pdiots,1
sindi is an estonian and gypsy city is a common name that indicates various ethnic groups rom sinti and others read learn and url,0
mafia capital buzzi a thousand euros a day at casamonica to oversee the roma url camp user,0
turkey hunt 4 foreign ngos also an italian url,0
the islam guest at mass offends the church the faithful rebel the faithful are already rebelling with this false pope just look at the decline of the faithful and 5permille begin to rebel you other prelates rather url,0
user history says that 10 of terrorists will populate italy boats will be filled with all the islamic scum fled to syria for not being arrested so either we or them do you decide,1
great mayor these are examples to follow via esti stranieri enough sin that you stay in padua and not in rome fifth column,1
alarm launched by the sacco hospital in milan rischio epidemia because of migrants url,0
user user want to increase immigrant rights and want more uncontrolled invasion decrease italian wages young people send them abroad manifest not to make italian interests,1
galantino cei no iron and fire interventions on migrants galantino interventions iron fire url,0
user aria fritta is yours how come macron and all the other immigrants don t want them explain to me why i have to take them all just us fried air right how many millions do you want in italy shoot a number instead of just shooting bullshit,1
this is the culture that women like user user user and user want to impose us stopislam url,1
the answer is not to limit immigration but to discipline it in rational flows it is not to put the indigenous workers in contrast with migrants it is to fight together because men know how to recognize themselves the workers belong to one family to prevail is solidarity url,0
user user the vouchers that allow you to give citizenship to muslims have blood on their hands,1
user user african immigrants in italy on the other hand are hosted to lounge in 3 4 star hotels,1
that is they spent 10 billion euros in 5 years for migrants including drug dealers cannibals terrorists etc and no one shouted at the economic disaster then invests in italian poverty and the left is making evictions against those who have no food,1
piazzapulita if the left abdica to support the reception policies the citizens will remain at the mercy of the dance of the illegals the genesis of this is the stupid law of two assholes bossi fini that prevents migrants from working the left has kept it by alphano,0
venice condemned the prof of the racist phrases url of user migranti kill us and they are out of us saying it and punishing us that is fucking law,1
migrants report popular music on the streets of rome international url roma news,0
bonino launches appeal in arabic in italy 2 million more video voxnews url immigrants are needed,0
rome roma fields to be closed by 31 january 2017 the capitol plan the messenger url roma news,0
user and therefore the muslim community does not hide in the faid mosques as in italy and are out of control,0
everything you don t have to see here s the nomadic camp at the entrance of cagliari here every day they come url,0
url but if boldrini is not better remember that she can speak only when she renounces the bodyguard to her and her relatives we do not have protections that defend us from the immigrant jackals,1
user in 2nd years of africa i have not yet conksciuto a moderate muslim,1
sri lanka 8 explosions in churches and hotels 290 victims 35 foreigners 7 suicide bombers it is religious terrorism,0
user now we send all these false refugees to renzi s house,0
canderva the tell me how much it is and i ll pay i the cafeteria to the foreign girl of minerbe to cracker and tuna then read the article and find out that the municipality had times offered to parents to work but these have categorically refused x the series we want to be maintained url,1
rome to 5 stars in the hands of roma and violent immigrants submerged by degradation and raped national riccatto url,0
user but go fuck yourself and start taking on the problems of migrants too but seriously just break your dick,1
france germany and austria will hunt all niggers who will escape in italy prepare for the wave immigration clandestine terrorism,1
the plan of the italian islamics two million refugees,1
riccardo gatti comandante e head of missione della openarms nomina facciamoete all intervista econfirma che sui migranti stagiamo dando fastidio a questo governo is not a very little thing,0
user guccini said young and beautiful if you really need them all those who struggle and with dignity don t throw themselves vs migrants,0
ngos volunteers teach migrants how to play the part of victims how to invent heartbreak stories and how to pray a veritable vademecum to deceive user s url border agents,1
user user a lot of illegals and foreign thugs wandering around undisturbed hoping that everything will end at soon x she is not an emergency,1
user user a badge ensures free care for immigrants and then we complain that they are eating in our heads exclude immigrants from an advantage is antoconstitutional but if a provision privileges them and often happens no constitutionalist opens his mouth we will finish eating,1
clandestine 30 killed german girlfriend 17 because she refused to convert to islam he had pretended minoren to enter the country,0
the micro sbarchi continues just now twelve more migrants arrived alone in the pier favaloro in lampedusa even a mother with a child only today arrived four barchini user user user user url,0
user user user user tell a mayor that doesn t clear the roma camp even d url,0
in order not to admit that the immigrants are unleashing epidemia of tropical diseases or disappeared in italy after the birds and tap water they will come to question the astral influences as in the middle ages,1
islam is the koran and the koran is incompatible with freedom and the koran is incompatible with democracy and it is incompatible with human rights,1
user islam religion made to measure for muhammad and his raiders allah is always at the bar,1
sanremo baglioni and the migrants so rai wants to close the case,0
user user you re right but i m so pissed that saying immigrants there are all and there are so many you can t take any more,1
user i wonder how it is possible to define islam religion of peace instead of warning the world from this subhuman culture bride children,1
the only foreigners are the fascists in the neighborhoods torremaura,0
lodi the foreigners are more equal than the italians judges reject mayor who had asked the immigrants to submit certificates on their property to obtain benefits facilitated left party allahu akbarurl,0
as much as it disturbs you to hear it the model of development and public administration that italy is inspired by is the same embraced by rome two and a half years ago with more kicking immigrants don t be surprised if the point of arrival will be the same url,0
lord they are all entitled to a dignified life but put a migrant on my way and i will be salvini matthew 15 83,1
common pd pays 1200 per month to refugees to make volunteers schiaffo to the poor italians url,1
user remember to orban that it has taken zero share migrants when we asked for commitment and solidarity from the eu countries for me it is like the others so who cares to save the deer stuff from salvini,0
so we legitimize the import of terrorists porca troia but the italians with the balls where the fuck are them url,1
the hands of the co operatives on the migrant business inspections in 2017 led to the closure of 34 reception centres and 90 000 euros of penalties an analysis of the arrested people reveals political ties with the right and organized crime,0
user user we calculate that 80 of prostitutes and shemales are foreigners also there,1
and now even foreigners have fewer children news milano url,0
these may have gone there only in support of the terrorists there are no other plausible reasons just to provide url,0
torremaura here s who s morale against the roma rome arrested for burglary at tiburtino i led the anti migrant protests with forza nuova and casapound the newspaper url,0
majorino informs us that closing the reception centers in milan will be put on the street 800 migrants think what the fuck i care you wanted them now you bring them to your home my immigrants with my money,1
user user zingaretti are you there or are you doing there who wants immigrants salvini or have you hit us with these illegals a bit of modesty every once in a while you really suck,1
user we preconciliaries do not enter any ecumenical pseudo religion we suck islam jews and reformed we have the only true faith,1
user user user don t you feel ashamed who you represent immigrants of irregular shit clandestine rapist thieves who shit and piss on our soil on our flag on our dignity always ready to side with the invader url,1
during the night about 30 tunisini are on the beach of siculiana marina with a carretta we want the portichiusi not only for ngos just lands of immigrati who do not go from war user portichiusi url,1
user afghanconf is time for money and wasted human sacrifice without physical elimination of taliban and radical muslims it is all useless,1
the expulsion of the foreigner to prison and the reeducational function of the url punishment,0
user they were all foreigners and all bad,1
usa north korea crisis the kremlin calls for moderation and salvini announces that he will host a roma at his home,0
negroes weren t enough roma gays now come back against jewish open eyed friends nazis raise their heads url,0
germany has its first syrian heroes welt praises the countrymen of the terrorist from them blocked url user,0
the problem is not immigration url via user,0
asselborn wants migrants we make him happy we have at least 700 000 too many if you do us the courtesy of leaving us his address at home i think that salvini at least a 500 000 send them to his home,1
they procure cheap folk houses x their chinese rom moldovan clandestine asian albanians sweat url,1
url rom notoriously passionate about escapes,0
he was in italy he could slaughter a hundred italians immigrationists of the italian government are silent url,1
the roma are not the same as us and the studio of piazza pulita applauds the young guest,1
enough with these immigrants who want to teach us how to keep clean parks roads and gardens 1 more sovereignism in the management of our garbage and to those who aren t hurray our values 1 url,1
gabbiaopen if 11000 immigrants are few pdiota take it all in your home that with all the money you have you can afford it,1
europe in comparison on migrants and brexit url,0
because they re immigrants they re crazy they have a horrible culture but even if it hurts to say so the culture without culture is her,0
error,1
chronicles from the front udine an irregular nigerian first kicks and punches the agents that i was stopping him then in the police station bites one bite url baby gang of foreigners beat 2 italian guys sending them to hospital url,0
cultural enrichment in italy panic in the streets of milan as an islamic african migrant threatens passers by with a knife of italy matteo salvini continues to stop ngos financed by soros flooding italy and europe with illegals and terrorists url,1
user user they look like children who fan for fake the huge problem is that they are not children and not even fans for fake islam must be banned it is against human life,1
i thank roma camp la barbuta for the smell of cancer that even tonight makes me breathe with user in plain sight user,0
friends14ok we also had the emigrants but the cell phone or the money or the sussids to the italians did not never data user,1
the hypothesis of hosting refugees in gorino is no longer on the agenda even tuscany says no to url refugees,0
they did well the parents via immigrants also the pension benefits them want us to extongue,1
who believes in peaceful coexistence with islam is already dead 14 centuries of perennial obscurantism should make people think,1
pro roma associations what do you think of course the robbers have invented everything obviously true url,0
user to eliminate all of you and clean litalia from roma and muslims takes the du,1
french police spray the train to flush migrants out of the toilet,0
user user so do i same thing about the pair of launches it seems that they are roma or eu est i wonder by deliberately omitting the nationality of the delinquent stop being that the italian delinquent is the same you don t get the opposite effect then when he comes out the citizens get pissed twice,1
no less unpleasant about ngos false unique business migrants so far emerged concerns the scene of terra for some cooperatives of reception to date the sentences even in court have only cleared and acquitted the ngos of mare from sudden accusations palermo and ragusa url,0
we monitor and report ship of ngos and vouchers then they did not understand that we have the boxes full of migrants and vouchers i hope a libyan sea intervention url of user newspaper,0
violent and beats his wife even in front of his children roma at the bar y follow the adriatic corriere and stay up to date url y url,0
user user enough with these migrants and communism you have brains like children and reasoned like idiots these bring only ignorance and delinquency as well as ticks and lice fleas,1
user then on p and not p i don t express myself and also the islamic women repressed and imburqate i hope at least they avenge themselves being lascivious,0
in italy live about 180 000 roma and sinti which represent 0 25 of the population present on the territory url,0
countries that are reborn thanks to migrants the map url,0
the mayor of pescara criticizes the lowering of the rates for the maintenance of migrants will create only problems he says the accommodations are managed by private and the private move only to do business finally someone admits that immigration is just business,0
disparities and migrants are the challenge ground between the greens and the opposition,0
you re such an asshole but who the fuck wants help for the clandestine migrants only you sinister traitors for sale self righteous cowards,1
user user we lose young people we take the future we will be invaded by islamic terrorists all with explosive belts,1
bonafede su salvini diciotti e immigration compact government url,0
alberto airola of m5s is by chance telling us that he could be a terrorist better than who sent the package bomb to appendino it would already be serious but it is very serious if he is a senator of the republic inadequate and dangerous we will do 2aprile url,0
user 4 false signatures 400000 clandestine almost all islamic x lo black fancazzisti males costing billions of count zero,1
i feel sorry for soros he has as emissaries bonino and bergoglio one confesses to his money and takes zerovirgola the other insults christ as a migrant and says mafia italians take nigerians empty churches one who has the misfortune of these collaborators can only make me feel sorry,0
user but when will we get these roma out of italy do only damage,1
rome in san pietro carabinieri pay the hotel to a refugee and her little girl url via user,0
chinese student died in rome stopped two young residents roma camp in via salviati url cronaca,0
user user user user little by little the sorgi are coming out of their putridume first bonino on immigrants now prodi not to mention the golpe orchestrated by the eu against the legitimate berlusconi government in 2011 that gave us first the bad monti and then the left renzi,0
user if you re roma you re not even italian with citizenship since you re taking different treatment ca nisciun fess except for you and the gypsy is not poor but pretends to be to fool the ignorant fools who don t know it who don t know them,1
somali migrant became cultural mediator in italy url beautiful stories and good news,0
it s enough with these scribbles at the misery of the italians stranieri irrigolari tutti fuori e subito,1
islamic fundamentalism first cause of the persecution of christians in the url world,0
the truth about immigration in italy almost all of them are illegal urls,0
the updated ispi report institute for international politics studies says that at least 867 migrants have been killed or dispersed in the last 4 months on the libya route voisapete 1 october url,0
in italy many bells and get rich on the immigrants delinquents entrepreneurs and pseudo cooperatives user user,0
the song of christmas played in a theatrical performance by migrants of the emmaus house of iglesias url,0
user user then here we don t talk about regular immigrants who work and pay taxes as the italians did then we talk about hundreds of thousands of africans who arrive for no reason but to enjoy our wealth hard conquered in 2000 years of history,1
they turn around italy preaching radical islam in mosques they invoke jihad they are free and they speak italian they are at our house to make it their home url,1
user user user we accept bets on the type of work that is going to do the rom in url,0
simply subsidise hotels that host refugees hotels host tourists not migrants at our expense welcome blacks out of bars and groceries to beg pigs who made them come to make them and make us suffer user stopinvasion,1
last egypt watch out for the coptic church in cairo three more people arrested suspected of planning other terrorist operations,0
user these racist people don t deserve the roma transfer the camp to the parisians there they ll all be fine,0
mafia capital new line mazzette to rig tenders for roma url fields via user,0
the charons of social death and disease they have to respond to us and our children saving migrants can not and must not be synonymous with oppression and social death otherwise it is genocide,1
user user we find racist association of crimes with us belonging to the linguistic minority sinta and rom shameful,0
user user if you know these things then what does it have to do with migrants watch that africa is richer than the west no one has fun coming here therefore if you know these things go to those who create them not from the victims of the same policy good thing you know about sankara,0
user user hundreds of thousands of foreigners wander around knowing they are unpunished in italy we thank institutions,0
a minister of the interior always committed to drinking in the local festivals to write tw to selfie while he is around in bare torso like mussolini committed only against the weakest immigrants what impression can give the country and all its criminals lanciano,0
na pisqua a torcervara co na borza da 1000euri after having got her whipped ends up under n train do pena questura tratta coni rom,0
casal bruciato raggi family roma is entitled to the house law is respected,0
from your lady leave her son in the roma camps a few days we see what he thinks after,0
migrants entered tt italy at position 44,0
user skip the dinnerhousecalenda confusion fears and mutual vetoes about the courses calenda wanted to put his wine in it minniti wanted to add a table for an advance migrant renzi wanted to bring his meatballs gentiloni wanted to close the dinner with his mythical biscuit,0
user it seems to me a suicidal political choice to focus everything on a definitely losing battle in favor of uncontrolled immigration better this way they will disappear faster,1
user user and time to stop these goddamn islamic assassins out of italy and boldrini with them,1
user user when we stop getting busted by these fake refugees and throwing money for them instead of giving it to our needy italian compatriots it will always be too late,1
and there are those who rejoice and then go to the christmas mass hypocrites we are all hostage to a government that hides its magicians they have lost on everything tail between our legs and are taking away the future manovra da grosse making the migrants suffer history will not absolve you url,0
immigrants while the italians do not arrive at the end of the month how much the state pays to keep them the figures shame,1
user url why sodomites become kamikaze islamic and exterminate in france no investigation into the attacks in paris taken the terrorist 300 meters from where he lived,0
user user forza salvini if we continue to be invaded by these immigrants we do it,1
via dall europa italia libera enough with gypsies and refugees user first the italians then the others as happens in all the nations,1
user and i imagine that the pinion would be you in short down salvini who solved the invasion problem works hard vontro organized crime rades to the ground abusive villas of mobsters and illegal roma camps makes us respect in europe because he shook hands with a guy,0
of course it is better to omit that the 27 was a migrant resource of gambia quiet mayor the center of cagliari is still safe as no,1
i specify that these costs go to cover only food accommodation allowance and education costs for average total of 35 euros per day per migrant the rest of the costs it is better for you not to know them you get acididity of stomach,1
it takes courage to match the word equality with islam i believe that among the many homosexuals themselves should be outraged by these demonstrations of ignorance for homosexuality in some islamic countries we still die today other than flags of peace url,1
user user user user user user but grab some but invasion of what are they armed and aim to replace us but especially why fakes the fact that they are economic migrants doesn t automatically make them criminal there are many other economic migrants if they arrive without documents it s not their fault,0
someone should warn user that there can be no brotherhood or future with muslims islam is not a religion of peace is a theocracy that brings wars hatred and predominance over other peoples cina has understood it abudabhi emirati salvininonmollare,1
sent egidio a christmas lunch for migrants from ventimiglia url,0
instead they want the immigrant quotas m5s how many will come to blow us up instead of speeding up the practice of expulsion and return thinking about quotas we don t want them it will be a political suicide x the 5,1
user these immigrants by law they are unable to control every instinct they do not know that they must not rape women if they kill them and tear them to pieces they were scared they have to deal because it is the only job justice or rather injustice only applies to us,1
milan the condominium where the video url refugees command,0
unhcr unhcr expresses its indignation at false accusations against the agency and its spokesman carlotta sami unhcr soros provides credit cards to illegals the bastard aiding illegal immigration url,0
user who of the pd wants immigrants here must take them to his home and pay for their own maintenance and any damage deriving from their behavior you can not force the remaining 80 to pay for your games so at your home or at their home,0
user if the swedes have turned into so many eunuchs it suits them instead of banning islam they have legalized the rapes of their women and now complain they will be definitively submissive or eliminated,1
the radars frame the ships of the ngos unveiled how they import migrants in italy video url,0
italy is divided between those who do not look back and trust the roms and those who despise them because they lived on the url,0
the aquarius as the pd changes name and hangs again the libyan coasts in search of negroes to save salvini here will never land madonna that user as makes me horny url,1
are we saying that the problem is a few thousand migrants and not the 26 very rich people who hold the wealth of 3 8 billion people user user,0
cronaca milano steals at home and also takes lurna cineraria monza arrested nomad pregnant url milano,0
user you as usual exploit at your use is consumption roma are non culture nihilism they never wanted to integrate and live by stealing and exploiting minors for begging but you are too hypocritical to recognize the reality of the facts piazzapulita,1
user user we italian christian prisoners at home ns thanks to pro muslim and roma policies,1
the mayor beppe sala repents african migrants ignorant and do not work the left has wrong everything national rschatto url,1
fight between nomads at the wedding between a 14 year old and a 15 year old the relatives of the bridegroom shoot,0
there is a problem of managing immigration phenomenon we close ports because we do not know how to manage the phenomenon platformfuturo immigration url,0
happy christmas eve to those who still know how to recognize our lady with the child and who are ready to welcome them to the others to those first the italians it s over the parcel doors closed i hope to be in the same conditions as migrants soon good cock,0
cagliari attacked and robbed by 4 foreigners a homeless 38 year old i stole10 and my cell phone i preferred to give them x because they wanted to kill my dog i live in a car xme will be a christmas of hunger and diseaseurl,0
user user user user and we ask user to maintain the pact with the italians to continue our policy closeports to repel clandestine scum and false migrants and to think of the italians first the italians the ngos must no longer dock in our patria never more urls,1
the new resistance a miracle a dream all the delusions of savian on riace mimmolucano immigration immigrants salvini ilprimaton url,0
pro clandestines aggressors dealers islam rom scafisti nazi eu lobbie pharmaceutical illegality racism exploitation gentlemen i present to you the pd and its followers,1
gorino in the end these refugees have escaped beautiful do you imagine having such subjects as neighbors url,0
from your side schiro aspires to obtain the vows of the roma and the pavlovich entourage,0
user user safe just like sarri in naples but with many foreigners he too,0
user the goal of globalisation and its agents is not to integrate migrants but to disintegrate citizens it is not to make migrants like us but we as migrants without rights uprooted with hunger wages this is the function of mass immigration,1
false good natured pediatricians who have come down to the square have caught all the african clandestine immigrants in italy their intimate friends so as to fill the square about 69 people are of the great natural against m5s lega the manovra of the italian people who overwhelmed them wm5s,1
were a serious state this would be to be expelled immediately from italy islamic italian women url,1
matteo salvini wants to repatriate tunisian migrants with charter flights what does the url study predict,0
finally we now know who officially provides the money to pay for the ferrying of immigrants to europe export islam part of the religious strategy to create new garrisons with mosques and minarets,1
to me i am like the terrorists the brazenness of how they manifest the same principles of the serious i am right regardless and you must defeat url,0
user well done pen and what the hell is enough islamic impositions that learn muslims to respect the west,1
the scumy romes of society immediately burn the fields maybe with them inside,1
i would like to know from those who defend the welcome what do they see good for the immigrants welcomed don t you see them begging working for cheap money selling loitering stealing delinquering and fighting or are you all blind,1
the analysis citizenship income makes nothing happy and roma it s not exactly so that s why url,0
by now fascist is whoever is against brussels and the franco german axis against europe and globalism against the invasion against the fascist ngos is who does not want to die under the weight of the nazi rainbow idiocies and or slave of islam fascist is who believes in italy,1
user user in fact as long as they earned it with fields rom everything was ok with alemanno hypocriti,0
ottoemezzo maiorino new affirmation absolutely unenforceable of the left migrants with their highly professional profile do we use them at cern in geneva,0
rome chinese dead from today the reclamation in the roma camp residents rays come and see url user,0
but think about it it s about rom even if you have to read almost the entire article to find out url,0
user user user user user rossella connects the brain before talking shitaccording to you he fights in defense of women and then he let in 700 thousand islamic africans who rape helpless women what movie did you see at least the guilt contest of pamela mastropoietro did you,1
user all bravi roma all political refugees and migrants,0
user user the mess is created if the roma search us and then leave everything on the ground promptly photographed by the pdiots,0
ln padania rome five acrobat robbers arrested while climbing on a url balcony,0
turin today more than 2 thousand operations of the municipal police in the nomadic camp of via germagnano in 2016 url tori,0
we pay and the scoundrels sail in gold to our face miniori stranieri ns accompanied miniere d oro x onlus url,1
user user islam africa scum of the world who hasn t figured it out yet wake up amen,1
user want to mix the discussion roma steal clearly not all a part of muslims kills as a part of,1
but doesn t it really seem strange to you that all terrorists in europe are being killed instead of being tried anisamri,0
nothing more shameful feed and pay for parasites filthy filthy thieves gunmen murderers crooks afri dog terrorists and leave and fast those who for a lifetime have done in 4 to feed this country surgery url,1
here are the 64 terrorists who are on the ship seaeye those who the legist bundles are insulting and discriminating and who salvinimmerda does not want to land because in italy the danger are not their nazi friends who circulate free we will do apriteiporti url,0
user s vabb if their migrant friends keep them i am not a lesbian and i run no danger and frankly i don t care,0
global compact un plan to invade italy with immigrants from dec 2018 note that the only nations that have left are western usa czech republic hungary slovakia and bulgaria no third world country has come out of it who knows why url,0
our good goodness and countervailable to those italians who can t live we think about the few bastards of the far bastards of the rooms wonderfully,1
seen this way it would look like one of those classic guys who goes to buy champagne in the roma fields instead he s the director of raiuno either two or three or raiminchia or one of those things there lelemora separateat nascita url,0
user what i don t understand is that they allow them to stay permanently in the roma camps become dilapidated slums without hygiene and delinquency allowing them to take advantage of the benefits of being roma if they are nomads they must pass through,1
tuesday anyway is right just act like mithridated king stop weighing the roma and see their health,0
acerra stoned at the roma camp to prevent the arrest of a relative who took advantage of the bagarre managed to escape,0
user user know that everything that revolves around islam is light years away from our culture that is the expression of a liberty conquered with centuries of struggle and suffering,1
topnews migrants diciotti chiede authorizatione a procedere per salvini politica url,0
but all foreigners who are no longer welcome in reception centres and now wander underground where they live and what they do resolve with seriousness welcome and security turcolombard not useless words,0
i imagine that jews blacks roma synths etc in concentration camps would smile every day even the italian people to whom il duce has taken away with their strength and freedom of speech press politics and thought they laughed not smile those in piazzale loreto url,0
user user the sugar gives it to you your nigger friend or roma since you make everyone without any problems,0
8000 migrants arriving through a call of the prefecture for asylum seekers in rome and province of which about 3000 on rome e raggi silent,0
two foreigners who beat themselves up near me and thank god there were the carabinieri get back to home merde and give more money to the carabinieri,1
they find a rom in the house to steal but don t report it because they fear retaliation from the rom url happens in italy,0
baby roma disappeared already in november lost track,0
paolodeldebbio tonight you re a myth ghettorom camponomadi roma,0
i haven t seen an immigrant work in addition to criminal urls,1
user user if an italian goes to africa he has to do 20 vaccinations it is clear that uncontrolled immigration brings serious diseases and health problems primagliitaliani noway italexit iostoconilgovernment boicottasky boicottala7 complicedisalvini closeporti decretosalvini omert,1
user but salvini who wants to censor the roma is racist,0
crozzamaviglie arresti grandi opere sometimes we worry about the straw of the immigrant and we don t notice the tav in the eye,0
arrested mimmo lucano mayor of riace symbol of the reception he organized weddings of convenience between riacesi and foreign url eccerto really compliments to judiciary and law enforcement it is known that in the locride these are the problems of legality url,0
they keep calling them migrants instead of illegals even if they re actually criminals,1
user user you could have created a guaranteed minimum wage not abolishing article 18 not spending 10 billion euros for 80 euros not creating slaves with uncontrolled immigration continuous time and opportunities you had space for the incompetent,0
roma prenestino copper thieves in the state railway depot url nomadic gang grab,0
you bastards the gypsy roma and assholes the republic roma,1
laltrafaenza user s protest torchlight was a failure rom url,0
user user italy has failed sn left only the damn thieves rulers clandestine and roma young people are expatriating,1
all right but here we re joking the negroes put on the giletgialli fuck off you have to remove the curtains go back to your country and don t break the balls yellow gilet italian in rome parade migrants salvini killer watch url,1
user user user user must people like you be ashamed these are not refugees and even if they were we should welcome every ship that decides to load them in the mediterranean there is no future for them in italy the future should be taught to build it in their lands france,1
ultimor usa white house denies that trump will ask the national guard to intervene for the grip on immigrants,0
this is clear how it is not in the qur an in muhammad who directs their thoughts but the vicious and dictatorial masculine way here,1
user that then i ask myself of all those who publish the video of that boy how long were in torre maura to defend the rights of the roma how many would take them in the house,0
let s cut off his balls and you ll see that they won t do it anymore if they re italian or foreign urls,1
conte unravels on migrants and challenges salvini,0
unfortunately i had to accompany a relative to the e r and i saw that most of the people present were immigrants some with respiratory diseases other dermatological but a group of them were only there to recharge the iphone to one of the electrical outlets,0
rome robbery at roma camp la barbuta three arrests the shadow of the url url racket,0
migrants refugees sing with mannoia and turci we are one is born the video of the sprar,0
roma raggi incoming fines for those who rumble among the waste roma will pay for sure with used shoes and old pots romaisindanger,1
terrorism alarm a thousand ghosts in milan without real url identification via user,0
look at them feel how arrogantly and angry they are voicing against a minister of the italian republic these are the fake refugees maneuvered and fomented by the pd stiano sereni for them the parcel has ended for a long time url,0
there is school away migrants we are opposed to apartheid but now we need more security,1
what makes me furious and now everyone talking about migrants talking about earthquakes that live worse don t they public service,1
user user is now all clear europe united by singing football pseudo cultural trips and long since terrorism,0
power want to prevent the repatriation of 6 nigerians migrants in revolt put iron and fire the cpr url,0
the prefect of arezzo visits castelfranco piandisco and meets migrants guests of the url community,0
i have written it in bio i love mountains and i have seen my mountains destroyed devastation everywhere i find it hard not to cry i hope that italy will focus on itself and stop talking about migrants it is an insult to the country,0
migrants long term rhetoric of bridges walls and url tolerance,0
chinese girl died in rome no prison for roma lyre of father url,0
police armor allalba to clear migrants at baobab ideological and practical violence this is the government of the five star movement which you have flanked and favored you are their accomplices history is already judging you,0
the mayor of riace has been arrested for aiding immigration mr user who knows what the buonists will say now you re pieces of shit this tells this government the kind buonists i met today iostoconmimmolucano,0
it s time to fight you can t go on like this expel all muslims extreme evil extreme remedies url,1
user user user user user user user user user user user user user user user user user user user user user user it s been years and years since they land with new mobile phones but no journalist or magistrate investigates to know where they came from everything regulate or it s not necessary to clarify because telefonians are tools that instigate illegal immigration criminally prosecuted by law,0
salvini after the roma camps via the social centers are they to be abolished url news,0
user user user by now everyone gets the regularity or as refugees or for humanitarian reasons and they use our welfare,1
in islamic neighborhoods between collections and suspicions the church already has the money,0
user and the child raped and sodomized in svezia have by any chance staged a protest be it ever heinous acts by immigrants forbidden to talk about and protest,0
user has brought in italy in a year and a half as many as 5 088 immigrants suffering from infectious diseases such as scabies tuberculosis syphilis and aids the data destroy the rhetoric of beautiful souls url,0
user who understands us is good it will be the armchair where he sits that disconnects you from reality if they take care of our elderly and poor italian families as they care about migrants italy would be a paradise if they have this desire again the borders are open,0
it helped migrants to enter switzerland a condemned congresswoman ignoring completely the attenuating humanitarian url,0
rome kidnapping puppies to porta portese earth necessary census in the nomadic camps url url,0
less family reunification and more skills america chooses its immigrants,0
gypsies roman origins from url ringing,0
user good morning in my opinion the problem in italy and the mentality is good at all costs roma know and take advantage of it,0
but if in libya for migrants is hell why do they keep going isn t a plane safer,0
one in my class yesterday said we should kill all muslims so there would be no more terrorists but you idiot then,1
rather it is better to treat caries to dogs because they are truly sincere and grateful but what are we talking about there are many poor italians who can not access dental services and these assholes pretend to offer free to foreigners and illegals,0
coisp nomadic family kidnappers professional thieves police operation in venice,0
user now i wonder after this umpteenth horrible murder how is it possible to have mayors like in palermo and milan that offer ever larger spaces to muslims where are the protests of citizens still think that from us it will be different,0
each migrant costs italy 13 308 per year 35 9 per day lead to an annual cost of 13 104 plus 204 for the evaluation of the asylum application url url,0
bufera of the sinistroids on the decrete safety of salvini he homes the immigrates that even committed the first rate who critic salvini tell these 2 lancian olders towarded to home from their 4 bands to the wifes have staced the lobe of the hear movimentonesti url,1
fear and populism about migrants generate hatred and contempt the pope racism is a sin incompatible with being christian interview with url user,0
user investigate pm when releasing roma delinquents in freedom,0
rome robs and assaults a prostitute arrested nomad url,0
panic between the legists and their friends from italy now they discover that the income will go to roma italian citizens romanians european citizens and will be destined mainly to the south will they console with the tax forgiveness and regressiveness url,0
url what is happening to roma camps in rome under the age of virginia rays url,0
user oi i would like to know what user knows about integration in milan he wanted to make the buses for immigrants remember him,0
roman greetings to torremaura addressed to roma women and children this is who foments the riots in the outskirts casapound and forzanew strong with the weak nazitaly outsidefascistfromecitt antifascistsalways nonazi nofascism antifa url,0
user user mai on the contrary already wants to auction the assets confiscated to the mafias then did not say where the immigrants will go to expired stay cie i suppose on the street just to exacerbate more people increase consensus and cover the other problems,0
dear pope francis if even this year you want to humiliate christmas by comparing joseph and mary who flee to egypt to escape from erodes to migrants who tear the documents and burn the fingertips to fuck the italian state i recommend you change religion,1
muslims are the ruin of the earth refugees the ruin of italy,1
user unici responsible for the victims strasbourg i am the sick fake goodism of the failed eu immigrants for votes and money corrupt fakemedia immigrati tutors raise islamic terrors using proclamations of unfortunate inclusion patients mattarella un,0
mattarella rewards the woman who defended an immigrant by train in naples,0
rome 65 suspects of casapound and forza nuova for riots against roma,0
what is state cancer judges pampering foreign criminals and ruining italian innocents parties institutions that pay foreigners and throw italians on the street press economists that disgust the micro enterprise that is italian genius state cancer is the left,1
from your side there is no roma looking for work the roma do not pay taxes in italy and demand houses boh,0
user user user user user a certain adolf would still be useful today with certain subjects i say no more,1
the doubts about the refugees who leave the women why do they abandon them in war,1
user israel is doing everything x hunting as many muslims as possible from north africa ve threats x them money and pirates like this,0
good work and future but security and climate push us down url reggioemilia immigration url,0
roma women filmed and mocked the face of misery in cage url,0
the moroccan killer admitted to having sought an italian to strike however for the newspapers it is only a madman racial hatred exists only if the victim is a foreigner url,0
hurricane florence in the u s 17 million evacuated polemy on funds trump hijacked them to migrant detention centers hurricane florence million evacuate url,0
if you have given some daughter the 650 euro ticket to see chiara ferragni wearing makeup you will have to do a deck to convince me that in italy there are no resources to host all sti stranieri goodchristmas2018 25december facciaamorete,0
trump would no longer want the statue of liberty it s a symbol of wild immigration url url,0
the nomads enlightened the homes after tying themselves to an enel pole canavesenews url,0
rom in action theft foiled station terms rome out of control for years the resources protected by the un push an italian soldier in service who are the racists what is everyday no longer to be noticed url,1
sara abducted by immigrants and raped for 12 years aborted 8 times url,0
does anyone know where the women of if not now who were indignant about the festivals of arcore have ended in front of the unstoppable series of murders and rapes of immigrant criminals,1
roma roma gang asked him for lace for 2 years exhausted restaurateur kills them with guns no url censorship,1
naples still shootings in the street why don t we treat these criminals as terrorists url via user,0
jrome fourquet an fifg pollster explains to the figaro why president macron can not afford in the face of public opinion to allow ships of ngos with migrants on board to dock in france therefore he prefers a less visible distribution to be managed by other urls,0
7 years of monti letta renzi gentiloni boschi lotti gigli magici faithful fornero 7 years in which the italian people saw and immediately saw everything austerity immigration out of control taxes on taxes now they mobilize because they care about italy what courage,0
it s not the tv s fault that we barricade a house it s the criminals who happen to be mostly foreign virusrai2,1
the policy adopted is now clear leave italians to the fate of death and welcome foreigners who bring subsidies,1
the untouchable clandestine,1
to those who talk about integration with islam does not exist they just conquer too occidental modena moroccan beats his wife because converted to christianity violence and abuse arrested for ill treatment by the carabinieri url,1
immigrants forward with the return of illegals this and the right line that already follow all the european countries we are not the junk of europe,1
user civilian migrants no one and not all are not a resource but a scum to expel,1
a serious episode that highlights the damage of immigration without brakes that also cause health alarm every day more we discover how dangerous the business of the welcome url,1
user unfortunately the cartoon shows the truth migrants are forgiven for any curse but those who steal from the supermarket perhaps by hunger pass the pains of hell,1
they had to deal with the roma to recover the steal in the presence of the police,0
but why should italian health care offer free circumcision service to muslims are not italian dicks and italians also pay even if they don t have a dick to do with islam what do you want to change the eu from the inside but go shit,1
you say check under his video and see how many foreigners applaud him plus the joy is always good and i know url,0
user outside the ignoble people out the dogs i apologize for the animals mentioned we are italians we love our country and want to stay there but immigrants armchairs like the pidiots outside,1
pensions bonuses for those who welcome migrants farewell equitalia the points of the url url maneuver,0
user user user comes from smiling at the idea that you have to spend money on italians who complain about spending money on immigrants and make us spend a sea to educate them to civilization to smile or to cry,1
user is a perfect muslim whoever says otherwise applies to the letter the sura the woman of the koran the danger is not him as such who says so but the infamous liars of moderate islam that does not exist,1
user user user user user user but when the carabinieri or police are sent to throw immigrants on the street you remember the rights of men umanrightday,0
sweden swedish suicide immigration violence terrorism and crime come to paroxysm url,0
brescia awesome video 25nov islamics march on the occasion of the birth of muhammad islamicization of europe is tangible in the silence of institutional politics islam nn is religion but ideology of conquest and submission incompatible with the url constitution,0
trump will publish a list with all the crimes of migrants ilgiornale it url,0
roma chinese student dead roma stopped from the nomadic camp url,0
user but why do you even include black migrants in these advertisements in short you want to get used to it that it is a normal thing to invade these blacks you suck,1
the danish government we struggle to integrate immigrants we close borders until 2019 simple common sense rational observation of reality our media will now be short circuited will they give racists to danes or simply cover up the news,0
but do you know that you re right in fact they have more the right to vote for all foreigners who have lived and worked here for years they chose italy others including you have left it,0
for the finncialtimes the man of the year is george soros a shitty speculator who with his open society finances anyone who helps mass immigration and contrasts sovereign peoples the long manus of the old bastard should be cut clean once and for all,1
the pope libya humanitarian corridors for refugees today even more in danger,0
the global compact would deprive italy of all sovereignty over immigration listen and make everyone hear professor user s words noglobalcompact url,0
like the time my ex jew and i stayed in a shop two kids pass by and shout i d shower with the jews we shocked but regardless we would have been even if we hadn t been jews,0
teresa mannino lists the most common stereotypes about migrants in italy url,0
user user italy is killed by taxes but they want us to believe that the enemy is terrorism,0
muhammad mohammed was a pedophile islam is the religion of hate and perverting muhammad was a pedophile islam is the religion of hate and perverts stopislam stopislamization noislam srilanka srilankaattacks islamistheproblem 23april,1
from goose bumps the service of user on the roma to roma via tutti user,1
great gino strada on migrants only idiots could think of continuing to wage wars around url,0
our ability to prevent terrorism is as real as it is true that sooner or later they will strike here too venice rialto,0
fifty six this clandestine country rom raises their voices pretenses everything because politics allows it let s raise our voices,1
if islam were a religion of peace jihad erdogan of genocide and theology of the shariah substitution user ramadan league against spaces to islamics forza italia side with the left this fi will never be forgiven url,1
user i am racist and populist fiero and boasting me became such after taking slaps for years and immediately angeries to win rights and well being for italians and workers and then see people like you who gave them to capitalism and banks and prefer foreigners fuck you,1
user user the erarial damage is caused by the fake refugees who cost us 5 billion a year,0
mass immigration is always invasion i remember that the goti arrived in peace they were used by the pdnetwork of the time they became a nation and then destroyed the empire of the west wrath the goths are africans because islamic indians and chinese have nations behind them those no,1
openarms are all muslims so what does it matter if it s christmas or not,0
user this video must see bergoglio you must stop fucking with migrants if these beasts of satan are migrants,1
user migrants without quarantena bring in and bring in diseases and what we do we vacciamo a iosa our children creating problems to them in a future and growing the boxes of pidioti by the pharmaceutical companies,1
the finncialtimes takes money from soros who is a friend of the pd who likes the ongs who bring the immigrants who steal the job selling drugs with the money of fazio invasion malox roska raspa piddiota,1
user tu how many migrants do you have at home your first take them then talk if they don t steal your stuff first or worse,1
migrants you have rotto i c the duty manifestations pretese assurdepotevatericri they in your countries is a dealer of the parassits of the peggior speciesrome migrants against the security decree soumahoro usb the invisible make themselves heard url,1
cultura millenaria fumi toxici dai campi rom la citt di turino alla regione monitoring the health of url residents,0
open the work of the 33rd anci assembly let s talk about reception and migrants url,0
user user user type who goes to lodi to defend the cunning immigrants who do not submit the tax return,1
user how much you have spent on roma and non eus in these things are not so different from pd,0
here seemingly harmless profiles that after entering reveal saudi arabic origins with incitements to the islamic jihad bloccateli,1
the integrated moderates sharia for france and all the west islam will dominate the world death to freedom and democracy muslims will conquer france muhammad s army will unleash etc not all are terrorists in fact in the rest there are also these urls,1
user expected in rome in via casalombroso arrival 1000 nigerians in already problematic area for nomads is grafting problem,0
domandone of the day would a terrorist blow himself up more willingly on the a the b or the c metroroma rome,0
at least 5 000 000 foreigners residing in italy not to mention illegals resources password ethnic cleaning,1
so we go to steal every day those roma became millionaires with the theft url,0
crime carabinieri giulianova arrest 55 year old roma agi news agency italy url,0
user you can see that you don t care about basilicata leave you and the immigrants noimmigrantsinbasilicata,1
user user there are only landfills along the bike path even the roma throw everything near and into the tiber,0
dad comera italia when i was a child full people who hated free thought critical reason and blamed their own inadequacy to immigrants europe free trade individual freedom and how did we survive we resisted and did it to stars and stripes,0
sensation salvini is in a tight breath with drool to the mouth migrants panama blocks ship aquarius 2 msf and sos mditerrane pressions from the italian government url via user,0
bari measles epidemic probably due to a daughter of novax foreign countries but where is novax,0
user bands of foreign criminals rage in punishments on italian territory sure that the laws pro criminals and the left pro foreign immigrants will always protect them even if guilty now the package and ended all at home or in prison for life enough foreign crime,1
italy impoverishes its people and causes debts x to keep criminals from other countries and some refugee nn there are words stop invasion,1
now they also steal underwear and groceries in homes of the poor of course and pd makes more than drug migrantes,1
user roma can not discard do not throw nothing on the street and come every day to pick up the expected afacrocazz,0
user just the indignation of the immigrant isn t he the one who pays the pension to the old lady poor italy,0
user user the only accessory provided by the koran is the hijab velo nothing else burka is not even arabic does not exist in the koran and belongs to pre islamic traditions practiced in india pakistan and afghanistan url,0
the dead hit by a gunshot in the head shot by a terrorist shouting allah is great are the mark of infamy of those who allowed this silent invasion of islamic invaders who will destroy our cultural identity url,1
the raggi accused casapound of fomenting hatred on the story of torremaura today in the classroom i explained to the triggers how things are in the outskirts and i advised him to bring the roma to the districts of the radical chic left casa pound url,0
do it on the roma the illegals and the italian evictions in rome url,0
if the juve loses today i go to the first roma camp to do some spacious botiglia amazo family,1
user berlin has nothing to do with ignorance but with islam,0
metro roma colombian beaten by roma warned tourists about pickpocketing liberoquotidiano it url roma news,0
in milano raped a girl in a club already known to law enforcement frequented by immigrants stopped an egyptian 35 years old enougha toleranzazero,1
i m thinking that after all we re all a little nomadic and a little foreign in our italy terra di nessuno,0
user shameful in italy migrants can do what they want and remain unpunished and maintained stop invasion primaglitaliani noglobalcompactformigration,1
after berlin we re already in istanbul terrorist is still on the run islam is peace right stopis,1
carabiniere free from service foils a theft outside rome arrest two roma url url,0
when will the whole state strive to overcome the roma camps in words all good less hypocritical resting areas and stop lariachetira,0
the mayor of milan user you have to distinguish who comes from the black continent from other foreigners the first ones are the real problem on the subject the left has wrong everything we have to think something similar to the quotes the interview user url,1
il giornale a 32 year old belgian woman in sanremo has been kidnapped for months and raped by a group of tunisians there are appeals against violence against women but nothing is ever heard against these violence the left has given immigrants the license to abuse women,0
the council allocates one hundred thousand euros to transport the nomads to school ilgiornale it url via user,0
user there are italians families who live in cars have no home it would be better to think of them first then the roma but i always forget that the roma you need them for the primary right,1
boldrini says immigration is not a problem she was fine with the uncontrolled illegal invasion it is not a fishedapril url,0
from your side to foreigners who hurt italians in jail should make life very difficult as the rapists,1
user you broke your dick with the excuse of women and children every time and the same song we make them land then in 2 3 days another load of migrants and ready to break the dick but get fucked but just europe is not only italy enough porticchiusi,1
user ma tu what have you did if you didn t occupate a gift for italians you ve just made dani you ve been the most haded for your becera uncontrolated immigration policy you must go to galera,0
genoa roma camp cleared caritas and sant egidio and now they deserve a decent life url via user,0
you can stop the refugees coming from sub saharan africa dear matthew but not elisa isoardi from cuneo the package is over url,0
income of citizenship to foreigners and roma is controversy now they try to put a piece in it century of italy url,0
french volunteers in one year 30 migrants died trying to cross the alps,0
but maybe the roma aren t thieves so sportsmen url,0
garibaldi on refugees and immigration en francais url,0
global compact the opposition of sergio mattarella to the government of lega and m5s plan colle on immigrants and sure to him nn interest the italians only the clandestins spacers spuprators and assassini is dimenate that is better,1
aversa robbery in the house wounded in the throat a former councilman arrested a 22 year old roma lineapress it url,0
about 300 migrants arrived this morning at the port of messina on board the ship aquarius of sos mediterranee in the ship 2 corpses,0
band of roman raiders of red gold arrested also 12 year old url,0
leiene bosnia and kosovo base for terrorists thank you usa he was right slobo,1
door to door ask in the studio if the koran preaches love for neighbor or if instead it does not recite to kill the infidels i e us,1
they accuse us of private violence against the minister of the interior and aiding illegal immigration the reasons to refuse to be accomplices to those who want to return to hell naufraghi instead of defending their most elementary rights they will not stop us url,0
salvini 8220 returned 40 tunisian migrants with charter flight we will make faster and more expulsions 8221 url via user,0
growing up in cupa perillo the roma camp inside scampia the exclusive story for user url,0
emma bonino is out delirious about immigrants without them never heard before as far as he goes,1
the mayor of riace they challenge me the crime of humanity if humanity consists in promoting illegal immigration which in italy is a crime and fraudulently supporting the ethnic substitution the mayor of riace quoted as a model from the left must end up in jail,0
cancellations on immigration and protests at the airport even non places have a soul url,0
soon unfortunately the belgium will be muslim majority and will enter into force the sharia and the fair of the uterus for rent will show it flying from the palaces,1
with all my heart i would also like to listen to you dear user but nomads no nomads can not digest,1
by casalbruciato rome some roma are italian citizens but they are not the same as us equal is not the right term to use url,1
happy sunday to all illegal immigrati that protect against the proper safety of the salvini the coops that protect because there are no more immigrati it was a sporco business paid by the italians first the italians immigrati illegali via movimentonesti url,1
the roma who killed the old woman a slew of crimes and an expulsion,1
camilleri and the migrants in montalbano it was a year ago then we had more heart,0
user roma must also adapt to say that stealing is illegal even in italy etc etc,0
bungiorno patrioti che dire roma on the train a nigerian without ticket and without documents sends to the hospital three agents the radical chic gad lerner throws the mask we can not welcome roma and migrants to the parioli here is a real racist movimentonesti url,1
user if these associations priests and priests like immigrati robbers rapists and murderers so much it s just a problem of them not ours iostoconsalvini iovotolega,1
italian ship of the social centers the guarantors of the operation to withdraw migrants are nicola fratoianni rossella muroni erasmo palazzotto and nichi vendola,0
roma camp in north rome from cesano to tiberina the front of the no url url is compacted,0
user user but if the un wanted to send the commissioners to control our racism against immigrants let s not forget if it s running i don t have any confidence in the un,0
blocks around the italian borders here is the new way of migrants url,0
rome break his finger to steal his faith hunts two rom url urls,0
a pack of roma rapes a 13 year old girl in milan a fugitive url has been arrested,0
they still hit the usual foreign resources that according to boeri should pay us the pension at the moment boeri we italians pay prison social assistance pharmaceutical and health care sustenance home attorney legal expenses and social pension and or civil disability,1
from malaysia s pirates to fundamentalist terrorism l indro url url,0
i hope those fucking terrorists kill each other,1
user user user mo we also have to spend money on dynamite let s give it to the roma who disassemble it for free to sell their metals and maybe with iron rust they catch tetanus and get out of their way as well,1
these teachers must be arrested and executed plato was killed for much less lislam is very aberrant he creates small monsters who will come to us in 20 years to find our home and not to visit us,1
if you have the right to divide the world into italians and foreigners i claim the right to divide the world into disinherits and oppressed on the one hand privileged and oppressors on the other the one is my homeland the other my foreigners riacenonsiarresta grafica user url,0
user user user services like this show that italy would gladly do without immigrants,0
vatican v trump appeal to the u s church lobby action to change immigration policy url,0
user the project is to islamize europe and take out europeans which is said by them over and over again in germany it seeks good life yes given at least 75 of the refugees do not work but live from url subsidies,1
he has just promised rakes of roma clandestine and social centers all normal and democratic,0
migrants because italian environmentalists are in favour of url integration via user user user user user user url,0
the government s crazy expenses over 23 thousand euros for the roma,1
police accerched by rome turin as in foggia a stop calls for help to the nearby roma camp and in 50 surround the steering wheelthese areas of impunity must be closed with good peace by the usual buonists who want to exploit situations url,1
no alternative to roma north camp security and observatory indor the pill roma url,0
the socks of the befana all the children of immigrants the italian children url,0
george soros drags hungary before the court of strasbourg because according to him fighting illegal immigration is against democracy soros democracy attentive to the sovereignty of a free and independent state url,0
radiorpl risorse with specialisation rome arrested a nomad specializing in pickpocket with 20 years of cart url,0
thanks to the left now in sassari immigrants have their city council and then we complain that italy soon will be islamic url,1
voxnews pd councillor founds ngos that help refugees resort to our expenses from a research conducted by the url,0
the 3 pd governments not only encouraged to come to italy where there was and there is work houses money for all bugs pd but they also went to get them but it was not true refugees but mere economic migrants and ke there is no money houses etc not even the italians,0
the roma if they were rummaging through garbage like so many poor people are not to be locked up but to help it s not theft but poverty come on lidl,0
user bergoglio you have not yet understood that islam is not peace and love as you tell us i refree memory if you still stay a little back for christians and for humanity you are a true disgrace url,1
tor di valle budget and roma comune 7 giorni al fotofinish asroma stadiodellaroma url url,0
and here we go again i was hoping that at least today would be a quiet day and instead even today a dead woman and the other wound but what have we become women the vent valve for angry men what is the wind of islam that the wind scattered in our skies url,1
user user but yes a little money to the roma are always good,0
roma camp rom the chinese mafia should do a raid there from your side,1
user user ask the ex convict pakistanis who have invaded our historic centers first get out of brussels and come here and ask their judgment to them do you want to import other riots reati intolerance typical of islam ask the pakistanis here instead of making you beautiful with our ptf,1
8 women specialized in bourses to tourists naturally they are zingar campo rom castel romano,1
sicily splits it is the foreign country closest to italy url url,0
user bravo you and are a force forward all w italy i recommend the reform of justice is necessary it is not possible that all foreign criminals after any crime are immediately released there is something that does not work a criminal plan,1
roma raggi cancels roma camp evictions gypsies are also entitled to url home via user,0
lariachetyra this money transmission unicef knows nothing never heard a word about it yet it is about african children strange that such news is not taken into consideration url,0
genoa collapses but let s talk about migrants and masturbation,0
italy to the eu migrant quotas here are the countries to be sanctioned url,0
in their country the war from which they fled is over from the danimarca tt at home and the finlandia fine and despite arrest x illegal entry of illegals user also ethiopi and eritrei wait for the expulsion in beard to globalcompact migrants and refugees you return to live url,0
malta the landing of sea watch and sea eye migrants,0
they want to bring us africa with the sorcerers demonstration of the boldrini strategy soon italians will have the lifestyle of immigrants now i also explain the cuts in health care and school first italian government of change notouchessalvini no touchtocinelli,1
shiite muslims ahle tashi teach their children to beat themselves up in the name of islam and imaam hussain url,1
united italy from south to nord enemies are not napoletans nor leghists but this afroislamic horde that invades us paid url,1
the cleverness of giving another name to the illegals x bypass schengen which contrasts them in articles 9 and 17 the red line of demarcation between refugees asylum seekers and irregulars is so distorted that it prevents any proper evaluation,0
has anyone ever seen a roma work how do they live and how do they pay for gold necklaces and machinery accommodation and utilities are free but the rest stealing enough hypocrisy who wants these people are condemning others to suffer theft and delinquency torremaura stop invasion,1
giorgia meloni versus fabio fazio watch millions and teach us about migrants,0
lodi must serve 3 months for theft nomade ends up in the polfer url jersey via user,0
user user user user the filthy journalists rai band of submissive newspapers funded by the pd pigs have been lying for at least 5 years about the damage done by migrants to the italian people,1
alfano zanetti casini the roma of politics,0
those who do not have the right to remain in italy must leave the sprar and be remarried we are tired of keeping all the immigrants of this world even those who have been brought up without documents breaking the laws and without having any right to remain in italy porticchiusi url,1
muslims daesh destroy a church at first they take the cross with jesus and throw it on the ground then they trample on his statue by crushing it with their filthy zampe islam comes from muhammad s madness,1
user this foreign scum must disappear from italy by any means,1
i have to hurry to book iphonexsmax before all illegal immigrants take it,1
user user user yes for me the koran and an instrument of hypocrisy which is worth nothing the millions of pseudo people who could offend me leave me indifferent if they say that the bible and a bullshit i would agree with them however at home only at home they can worship whom they want,1
but if they are as they say they are italian because they are born in italy because they are roma or sindi and can not speak italian i don t understand,0
user but the constant presence of a tot of rom at the blq stop at the station is impossible to solve,0
you re an immigrant i was born in pescara let s close the line to striscia skamitalia,0
user in israel hezbollah terrorists italian defense worry declarations puts our mission at risk un a well then salvini is right url,0
head of justice against the immigration decree trump fired him url,0
from your side after pakistani refugees the roma workers unicorni user idol marked,0
khalil samir the roots of the islamic civil war and instructions on how to avoid infection in europe url,1
vicenza after the last episodes the hard line against the nomads clearing and url url barriers,0
we present in user the book i m roma and i m proud of it from the roman barracks to the sorbonne by anina ciuciu url,0
but why do we have to talk about it so much all the immigrants at home and that s it italy to the italians go salvini quintacolonna,1
in the event of war in libia migrants become refugeated the difference with the pd where is it and especially how do you hove to replace the will of a vote at netto no of the majority of italians the war in libya nn must become an excuse x invaderci trenta dimettiti,1
via crucis pope francis prays for migrants closed doors for hearts armored by political calculations,0
user user user user obvious is all money and votes like the roma,1
user user this buonist youth when foreigners have passed us in number and submissive will be the first to cry and escape i hope instead that to think otherwise we are a highly superior number,1
sardinia rom occupy the house the reaction of the sardinian has not been kept waiting url s got pure,1
fight at the eu summit salvini silences the luxembourg minister fanatic of ethnic substitution no more immigrants from africa i am paid to help young people make children lomologist of luxembourg insults craps then throws the microphone on the table mint movimentonesti url,1
confisca della finanta torino the treasure of the roma 2 million property seized from residents in the url nomadic camps,0
istat confirms migrants come to italy to be maintained url,0
the roma who robbed ermes set fire to his trailer to get a home general url,1
i thought you d be pissed off for nazi gathering in milan but no your enemy is always migrant how can he make you url,0
user the more than six million immigrants in italy tomorrow with the isis will be the retroguadies to complete the muslim invasion,1
user sinced that for you dotors calendate the international collocation of italy why you are succubed and zerbin of germany and france beyond being the field of an international continent that you have designed for your personal comodous porks,0
user user the beautiful of immigration yet to show the true face of this disgrace plaqued pd sel e 5 stables,1
user but what am i talking about doing with you subhuman these damage are killing only roma ethnicity are free make peace with the brain nazi,0
from today to tehran it is forbidden to walk the dog it looks like a joke islam is also this url,0
user there is no such thing immigrants already have asylum agreements in hotels structures daily payments free health care where and never our ancestors have had such treatment and now to say enough we italians are dying to give them,1
user but all these mayors in favor of migrants orlando de magistris hall and others i don t remember what do they have in their heads that god will lighten them up,1
listen well to this candid admission we come with the boat to look for work in europe like the young italians understand with the pd for years italy had to welcome hundreds of thousands of fake refugees with the excuse of escape from war url,0
user user mayor go politely to the asshole outside migrants from italy,1
we lacked the diplomatic crisis with france now that dimaio has opened a new front with the enemy of the day with whom do you plan to change europe maybe with orban salvini s friend who builds walls and does not take migrants,0
chinese girl died in rome no prison for roma lyre of father url century liberetcogitans,0
here radio london milan recognized as a torturer of the refugee camp in libya boccassini horror never seen il m url,0
user thisa and a devious and cowardly islamic tactic like their false and violent religion let s avoid it forcefully for the virt,1
from your side all out of hiding and roma,1
user ok then we make them non eu roma without permission social centers and communists behqti we hurry,1
tour of lives on migrants and rules sweeps clan here is the decree security bis,0
url these are the new immigrants wanted by the italian left this animal would not find any place in a jungle instead we find it here we must protect ourselves is now,1
user a nice life to be served in their country and of course to work shit and it applies to all italian husbands living abroad etc etc x all,1
user user alla caritas there is the line of muslims x ask for milk and cookies x newborns and think that they call us pigs infidels,1
user and the roma settlement between togliatti and via dei romanisti seeing people defecate when i look out at the window is humiliating,0
rom the german way to integration at berlin monthly apartments and cheques,0
murder in the name of islam all to death all burned up islamic shit no mercy enough,1
long baraccopoli indecent the motorway in the outskirts of milan many roma families live among mice and waste many field residents do not plan to work and integrate and engage in illegal activities the pd driving milano obviously does not care url,1
interior merde_alors insemburgo it seems that for the 49 million of the lega there were no problems to cross the frontas as for the migrants sparkasse bolzano recycling,0
salvini answers baglioni on migrants song that passes you,0
user they prefer to collect the corpses of refugees rather than bring them back to their countries of origin mystery of politics,0
user facebuk is a lair of gays muslims and communists,0
old and billionaire tolerant politicians are bringing europe to ruin they re turning us over to islam we re supporting a few brave politicians who oppose the invasion of migrants,1
user user user user user exactly it s been years since the palermitans saw a glimmer of light and who do you think about immigrants hypocrisy must write on your identity card,0
copenhagen bars and restaurants held hostage by migrant gangs i have three options selling my bar closing it or continuing to fight is the owner of viking like so many clubs in the norebro district jane s is blackmailed by gangs of muslim immigrants url,0
europe talks between migrants and russia more than 200 citizens in brussels to discuss the future of europe,0
cold and hungry is this the answer of rome to migrants in the tiburtina area url,0
nizza massacre the attacker was often in italy to bring food to migrants siriani url,0
i also imagine x the minor terrorist arrested with three accomplices in venice,0
under the gas over an immense refugee camp state url,0
user user user user casamonica and sword are both families of roma sinti origin try again next time,0
user chissa because all these funds that this mayor had for the integration of migrants have never been given to the italian unemployed to get them out of their poverty integration for migrants disintegration for italians without work,0
vicenza tobacconist reacts to the robbery immigrant from the east taken at the head of the national riscatto url,1
in a civilized country the culture of roms should not exist these ask for alms by forcing minors and stealing why do filipinos poles ukrainians find humble jobs and pay for the house while roms need assistance fourthrepublic,1
at genoa 1h30 x go to school the odyssey of 3 sisters rom after eviction helped by user url,0
user in favor of immigrants but they saw in other european countries where they did that march then what happened,0
forms exalted immigrant never sees the poor and discriminated against italians his little deviant world is made up of only migrants to integrate the point is that these migrants disintegrate our society because almost all of them are not integrable and clandestine clean square,1
user user no germany france and great britain have many more immigrants than we do they are a wealth because they contribute to the maintenance of those countries of course among immigrants and refugees they also infiltrate criminals but there are the tools to identify them,0
illegal scoundrels devastate a ferry,1
unbelievable what a shame i ll never get used to it but after all it s the same thing as giving 500 of minimum pension and then spending 200 a day for every fucking migrant coming in,1
red cross opens a tent immigrant nightmare for residents ilgiornale it url via user,1
video decree immigrants is clash salvini social centers url,0
immigration to what our military want to reduce enjoy the ngos the law to make us invade better,1
that african shit that cut the boy s neck in turin just because he was laughing the family has to ask for damage to the state this shit didn t have to walk on italian soil anymore this immigration is out of control dangerous,1
our people come back from germany and we send them unregistered immigrants in italy even if they were first landing country to apologize we will say they escaped to the identification merkel as the pd is over european 2019 their guillotine tagliatiste,0
the ten mayors who refuse illegals and are denounced,1
500ml in 6 years europe wants us to deal with refugees and also guarantee their borders and a piece of ass on a tray,0
user the camp suck of rome s roma was then dismantled,0
when we are in government after clearing the roma camps we will take care of the social centers they have the same url,0
user who defends them means that he is lucky not to have a roma camp in his own city because otherwise he would know that what salvini said is also reductive theirs is a culture and living of tricks and delinqueres is what he is taught at an early age,1
food and music another islam is possible url,0
my story from the roma camp to the sorbonne you have to stand up against racism url,0
here radio london rinchiudo due rom in una cage bufera su salvini che defendare li corriere della sera url,0
cronaca di roma st peter arrested 5 nomads for theft chronicle of rome a couple of url,0
torremaura for that thing called casapound if you re roma you re not okay because you re delinquent regardless but if you re sinti like then you ll definitely be a great person strong with the weak weak with the strong the history of fascism is all here always url,0
while the raggi invests 12 million euros in favor of the roms a caga migrant quietly in front of the altar of the url,1
cheese oil tomatoes and wine the work of immigrants who keep our countryside alive,0
for those who compare our children who go abroad to migrants i would like to remind you that our children or abroad bring value add to the host country or are sent home with soccer in the butt migrantsday,0
kyenge in europe we need not less than 50 million immigrants which is an indispensable minimum the idea that full employment can be achieved by employing the unemployed is never contemplated by the lords,0
user user and if i have to choose who should die between an italian and an islamic nn i have no doubt as far as i am concerned all muslims must be eliminated nn there are alternatives or we or them x their infidels must die among your conclusions,1
pizzarotti after the gift to the roma it is up to the muslims land of the municipality for the mosque url,1
largentina di bergoglio we also want the anti immigrant wall url,0
roma are the only community in italy victims of institutional practices designed and implemented on an ethnic basis,0
user but would abbreviating roma camps and shipping all roma to siberia nn cost less to us taxpayers,1
not all islamics are terrorists but all terrorists are islamic oriana fallaci,1
new year s eve anti terrorism plans in rome and milan minniti guardia altissima il fatto url,0
giorgia meloni shot on citizenship income luigi di maio gives money to immigrants and roma,0
italy is the only country where immigrants work more than locals the employment rate is higher than 2 matrix,0
the african community in italy talks about an organized system to convince thousands of people to come here with the collaboration of italian activists url,0
if you are not for welcome solidarity tearing down every wall if you suck roma black and different if you consider the woman the man s harp if you are all this you can t take it if they tell you that you can t love fabriziodeandr listen hello souls his will,0
user next to all immigrants change the backbone of europe never turn back and see where you have url,0
we must say basta to this crazy underground invasion the terrorists land in italy hidden url,1
user although i am a roma child and many other children who suffer and die every day also thanks to you i would appreciate the hug to the child if yours was not pure propaganda,0
user user well said i ve already written it to you the mayor of rome the immigrants take them to his home hello,1
felirio della boldrini salvini can not block the ong ships terrorists on boats no certainty the 600 000 illegal immigrants who have let in who are now on the italian gourmet if they take them home movimentonesti url,1
if the belgi signors are okay that means they re all muslims and potential suicide bombers look at what they re doing against us,1
i wanted to warn the government user that meanwhile in amatrice earthquakes die of cold they need help fuck you and the immigrants of shit,1
user marenostrum porta d islam cpt porta deiterroristi centrosocial army of illegals leganord password della legalit,1
user when does this islamic terrorist fuck off his party has lost it s time for him to pack,0
dear christian family migrants will have the eyes of your grandpa none but not sure of mys speak for you and don t insult our emigrated grandparents x work break their back x keep families certain comparisons are offensive as well as outside of every historical reality,1
user user of course if you re not an irregular and islamic immigrant you don t have the right to a dick because you re an italian,1
today the banality of evil is to post photos of kittens on social media and wish the shipwreck of a boat of immigrants day of memory,0
business rom in the scope of the co op and political prosecutor s office url,0
more cruel than the sea in which they drown is the sea of indifference to the migrant chills and tears of pain and anger thank you dr user chetimechefa,0
four bikes stolen from the cyclists of milan sanremo found in a nomadic url field,0
tuesday tonight indlttrinamento pro europa you must also welcome foreigners bravo floris go to cager,0
many muslims like christian assassins thrown into the eu sea scandalous risk invasion italy by real north african immigrants,1
user user mosques to close islam is out of law globalism un ong salvini pd soros government clandestini m5s islam italy migrants sferaebstasta,1
m5s flunks the closing of the roma field buffons you are worse than the left url url,0
only in italy do all animals die etc but those who arrive with boats and roma give all shame government,0
the families that welcome the migrants who have been driven out from us these kids had already integrated url,0
toronto jihad terror leader is in prison but was still on social media sharia or democracy un said that christians are exterminated murtids in the lega araba if not transformed into slaves dhimmis url,0
user user those in the roma camps are already in italy so do not block any invasion it is right to close them but only if you have another solution if not leave a lot of these people in the street and then either occupy other places abusively or create degradation in our streets and squares,0
and now good spain sends migrants back to morocco,0
we need to spread the fact that the government wants to requisition defunct houses to give them to migrants,1
rome no prison for the two roma who robbed the chinese girl url via user,0
immigrata i am born in pescara it is in italy person_1 ok yes but you are of another culture i belong to your same culture but you are muslim so it is another culture lislam is my religion dumb it is not a culture thanks skamitalia for these messages,0
rome immigrants cut centuries old trees nature reserve url,0
bookshow pif immigration for many left is just one who sells your stockings,0
user user samhain it s the celtic holiday adding christmas has been torn from the roma tradition url,0
do you understand what the islamist bastards did,1
strip pinch migrants who withdraw food paid by the state and sell it to italians poveri url,0
a study carried out by ispi and cesvi shows that with the arrivals of migrants dropped by 80 the costs of health care and reception at the expense of the state are reduced,0
roma occupy popular houses and even organize weddings with white limousine in via bolla area at milano the usual arrogance of those who live in lawlessness enough with buonism towards these subjects my report on user url,1
user user user user would write it more the promised rom newlyweds only poor promises we pov italia,0
are the migrants and the absurd market that still insists on them from italian i only want to solve this social disgust and not create new tunnels since the existing we are closing them let s just clean up italy the success we rebuild on our own,1
drittoerovescio the left who takes votes from the roma has always protected them now also the cultural mediator of the roma but we are ridiculous the roma don t know duties i m definicent who the rights of the roma but don t they have duties like us,1
gentiloni no a ue rigid on accounts and flexible on migrants reuters italia url news url,0
user the teacher must be kicked out instantly leftists are worse than islam they want to manipulate and condition minds already from kindergarten,1
matiasromanylmmcompanyfull holy saturday today i wish you a weekend of peace love and rejection of terrorist actions nomas,0
user what do you want to integrate muslims who do not respect the secularism of the italian republic for others we have no problem in this regard on the contrary we are proud of it the first law the protection of the state if you remember for italy for the people url,1
greece the ebrea vertita da paolo url via user,0
sti caxxo of africans are always in conflict so globalcompactforrefugees is another wayx fill the eu with immigrants user if someone signed cancel immediately and it s also worth x globalcompactformigration needless to do the mute so much so we come to know it,0
user you lost because despite that foreigners they were committing thefts rapes cannibalism degradation everywhere instead of stopping all this you gave us racists if we are racists try to wonder why chinese and other peoples do not say anything perhaps because they behave well,1
user i mean in half an hour at the office note can you work on security immigration taxes etc salvinipeabrodo sisalvinichican,0
user i believe that we will end usa of the french of the belgian where these immigrants will turn with weapons against those who welcomed them,1
it is better to send all the muslims back to their homes with their worship to death,1
the planet of the apes look what happens only to speak of the koran copenhagen iron and fire we could no longer open our mouths we could no longer oppose anything these are faithful only to the koran awakevi url,1
cagliari attack on a former prison school renovated to host migrants tgcom,0
but where the hell is it written that you have to give cigarettes to migrants who arrive in italy,1
think juncker that italy only spent more than 5 billion euros in 2018 to welcome migrants without considering indirect costs the eu in 5 years sent to italy about one billion euros i said alms user more and more genuflexo url,0
moving nomadic field a mystery how much the city will have to spend riminitoday url rimini news,0
the italians serve immigrants the last shame what we pay them,1
user user user user user user m5s 5 star muslims i am the new cei reference party wait and see,0
user we do not want these migrants who bring only diseases and other various misfortunes,1
staseraitalia we italians are stances we don t support you more we re registered dispered we can t feel your fucking we were saying to send the immigrates away but where they re all in the round for the last station places as the randagian rounds we ve been rotto rotto,1
and 2 african migrants from settimo torinese among rescuers user url,0
user user roma must convince themselves that it is good for them to always send children to school,0
the italian way to the fight against islamic terrorism url,0
the pidiots and fake anti italian buonists will say that it is 7 meters high or that it is an optical effect realize that there are people who believe these bleep theaters an insult to the real refugees enough i suck we are not stupid stopinvasion blocconavalesubito url,0
with 700 thousand landed in recent years thanks pd and 5 million italians poveri we could no longer afford an army of fake refugees around our cities we gave a bel taglio from the left they attack me with parades and insults sign that we are on the right road url,0
one that talks about romps for the roma ovens for migrants ticks for social centers and really selling the gender s anti gay hoax don t you want to make her president of the senate human rights commission ever worse stefaniapucciarelli,0
user evives the nudists it will be the fall of islam,0
user true he also wanted to put a stop to the exodus of southern teachers to the north and he has a certain sympathy for the roma,0
user despite the buonist propaganda despite the politically correct despite the media deployed pro migrants think a little,0
all migrants at home at user and user look very good and welcoming pr,0
obama also used tear gas against immigrants who were trying to smuggle into the us period end url,1
the embarrassment of immigrants on the bus until they drive africans on the bus without paying get off they take passengers hostage now passengers have to report non eus persecuting in person and form a civil url url,1
always to trieste the most important thing is to denounce others between the two wars were slaves jews political opponents today are migrants and the poor vicesindac url,0
nato builds bulwark anti terrorism in italy url,0
user user user user in fact no one apart from the mafia has ever defended the italian mafia progressives instead when talking about nigerian mafia or glissano as you are trying to do or worse still remain silent,0
rome the despair of the neighborhood massimina enough immigrant url,1
user user your muslim friends sell girls as sex slaves and you dare to talk go there to make the marches,1
eu commission visa turkey still lacks 7 criteria stalemate on anti terrorism law migrant agreement 1 187 returns since april,0
roma two roma children in his camp pastor first shoots them then bangs them url news,0
error,1
the connection between sexually motivated murders and migrants is tangible in the photos some young victims raped and killed in europe by extracommunale it is only 4 but the list is very long especially x crime of sexual violence and pedophilia to the detriment of natives eu left url,1
user many fall in love with modernity without knowing the abc of spirituality is why boldrini puts the islamic veil,0
casapound stop folk houses to foreigners reformulate the allocation criteria by favoring the italians do you agree primagliitaliani url,1
immigrants are crazy word of scientists mental illness and resources the horror study,1
a girl dies revolt in the reception center the refugees block 25 operators corriere della sera url,0
the eu doesn t care about migrants they haven t thought twice about closing the balkan route by paying 3 billion to turkey report,0
stockholm we throw a dozen hydrogen bombs on all islamic countries let s dust them sweden,1
lariachetyira also the ambassador is sold to the worldist clique who wants to destroy the peoples of europe replacing them with immigrants,0
you re like the taliban who put gun guns in their hands to make them terrorists more or less naples url,0
siena rissa between nigerian resources on the train car damage and rage of commuters but don t be bad racists they are gifts of savian avanguardie x the boldrini decreesecurity migrants clandestine url,0
sassuolo is not only the city of a beautiful football team but also of an islamic community that must be checked day by day,1
user user italians who have worked but have not reached the 20 years of contributions do not perceive anything foreigners of the fuck zero retired work reunions of all kinds need a revolution,1
government crisis in belgium it does not go down to the citizens that their prime minister prefers migrants to its citizens url,0
user user they re just worth it then see the negri who hold on a red flag even more what struggles have they done to wave with pride excuse maybe bark and come to do the profuges is a fight,1
let s send them back to their house now,1
brache descentsexpulsions piccheglobal sara approveditalexit maisecurity let s see earthquakes coldimmigrants heatingitalians after illegals first income and family allowances always,0
i m tired of watching tv nomads and arrogant foreigners trying to give us life lessons let s raise our heads fifth column,1
immigrants brutal admiral now enough lies here are those who plot against italy need a war,1
nobody talks to us about reception or shit anymore italy is full of potential terrorists,1
if trump exploited migrants x get to the white house those against trump got rich enslaving these people piazzapulita,0
salvini there are millions of muslims ready to kill even on the plains our homes tso urgentissimo sindaco,1
the good reception of milan of user and the city councilman user but please ansa we do not call multiethnic via padua better emblem of the milanese degradation caused by unmanaged immigration where an italian is a foreigner in the url homeland,1
user the usual immigrants who either steal or otherwise delinquote but for our rulers it s okay,1
now everyone realizes that the co operatives lucano sui migranti,0
they are aggrieved about this but want to give the citizenship income to all immigrants and roma including let us url,0
the roma masters of our cities at the station do you call the carabinieri i come to your house url,1
i don t want the immigrants to italy send them home now basta,1
gabanelli bomber this is what to do with migrants so asphalt boldrini kyenge and the other virginelle,1
user se user now starts the same joke first they will try to use us as an immigrant parking lot then we will do the means with the landings then we will fight with the famous german allies our beloved french and then a new landing,0
republic the municipality demolition for the roma camp of favorita url palermo,0
user i suck islam and all religions now leave,1
milan romantic robbers without restraint and humanity they also steal the urns with the ashes of the dead urls,1
merkel challenges populists the eu needs migrants and signs the global compact you can keep everything,1
i would like to warn user who in his disconcerting ignorance probably ignores this too that 90 of the roma present on italian soil are of italian citizenship so the infamous reddicittadinanza also goes to them recalculate please,0
only an unnatural father thinks of others before his children that s what happens in italy migrants are kept with public money i can understand the refugees which are white flies but the others the wasted resources for foreigners only url,1
father zanotelli sacrilegio closing ports in the heart of christmas salvini blasphemy the churches should remove jesus from the crib one sacrilege is to help traffickers of human beings perhaps someone regrets the billions of the immigration business and thousands of deaths url,0
user you have to intervene immediately to the nomadic camp of pontine these are the assassins you have to url,1
if you haven t figured it out yet that s exactly what the plan is impoverished europeans can not have children and are replaced by immigrants whose children are maintained by state subsidies url,1
the roma in italy are 140 000 we are 60 000 000 or 2 3 piagnoni from your side,0
companies make lists of foreign workers polemica for the proposal of the british minister url,0
serious act what happened to the big lidl two nomads kidnapped url,0
alassiofutura recco cleaning of migrants also in italy the url,1
flop multi ethnic school yield drops if immigrants are above 30 but look at the european dream of having functional multi ethnic societies immediately finds considerable practical difficulties different languages and cultures do not integrate from today to tomorrow,0
today at rlm2018 2 meetings on the theme of caporalate and the relationship between mafie and terrorism with user user user guido olimpio of user giovanni tizian of user claudio clemente of user url,0
no whatever these have won everything ahahaahahhahahahah carnivalvenice2017 carnival lidl rom url,0
thanks user for supporting migrant minors who come alone dona now on url,0
decree security ok cdm narrow on migrants and occupied houses salvini via all roma fields live url,1
user it s a way like another to fuel racial hatred it doesn t matter if spreading those photos disrespects the death of someone or their family members the important thing is to make sure that islam is hated,0
long live pope francis but not the illegals,1
user all refugee camps in mo raid leather heads and make all the veils lying dry disappear and don t let them supply any more,1
lele mora robbed in the roma camp i was robbed because i m naive now i m working on albanian tv,0
invasion after austria slovenia also changes the register and closes the url borders refugees immigration,0
in the news write migrante i have never used this word but the right one clandestine molests a child and parents and relatives beat him up now i should be a good looking buonist a dick they did great translated with google translate,1
user of course who prevents it the same thing the roma camps when we are in the police and police government will have a free hand to clean up the cities ours will be a controlled and financed ethnic cleansing the same that the italians are suffering oppressed by the illegals,1
user user menefreghist behavior from all over the pd area with their opinions and ideologies about the ius soli and immigration voluta from them is nothing but a whore addressed to the citizens who have not voted to them are acting as if italy were of them p url,0
asia bibi will be tried again islamic fundamentalists want her to be condemned to death just because she is christian no western country mobilizes all submissive allislam or is hatred for christ even the pope silent,1
cross many activities of inclusion for youngsters migrants guests of the crocerossa in jesolo among them url,0
mussolini proposes we board boldrini with migrants for libya the idea drives italians crazy dear user if you can i promise you i vote for life url,0
i hear a priest say that we must inform ourselves well about the situation of the different countries of africa x not be provincial about immigration yes go tell the retired to the minimum that lives on the outskirts and is harassed daily by immigrants doing nothing omnibus,1
user user citizen income only x native italians after tight controls x don t give it to abusive parking dealers who are unemployed only x fake nothing to rom and foreigners and abolish pensions given by pd to afroislamici,1
furio colombo to be honest no one in the phenomenon of immigration is illegal when anyone arrives in italy it is immediately identified clandestine is someone who we do not know who it is bookpride18 user,0
the libyan coast guard has saved and brought back to libya 84 migrants left on a boat from gasr garabulli despite what the beautiful souls say the libyans are doing an excellent humanitarian job avoiding many useless deaths and the kidnapping on the ship of the ong url,0
the decree on immigration and security is a positive step forward we intervene against easy permits and send home foreign criminals go ahead so you have to stop the business of welcome decreesalvini,1
i expect that soon the usual left wing suspects will start to stuff these foreigners mouths with stuff like the police are violent because i m black and we will gradually get to a situation like in the usa,1
user the dramatic thing is the synthesis between foreign influence international markets in the first place and the presspochism of this sovereign government perfect storm translated bitter dicks,0
gori s proposal on the employment of migrants in italy is very interesting why is the state not activated immediately leiene,0
user user user user vero an immigrant should regularly enter a pa url,0
notre dame the jihadists exult on the web and on social media the thesis of the islamic conspiracy mounts,0
no more negroes and islamics in italy and europe,1
user poor girl dead because of the italian problem of unpunished thieves if underground and roma,1
url morocco finally a little civilization in a muslim majority country it certainly doesn t happen every day islam,0
user help us with all our foreigners,1
user from lesson to cpi but lesson of what he manifested his ideas shows that casapound knows how to dialogue the task of the journalists is to spread the truth then the full video it goes on to hide the real problem rom torremaura,0
user cappy i m afraid because of terrorists why do they have to take everything and ruin our lives and the lives of millions of innocent people,1
what we learned at school about the video of the two roma at lidl the article by user url,0
28 april 2017 at the start of the meeting italy and migrants european policies and proposals of local realities url,0
between being opposed to immigration respectable opinion and being filthy craps there passes a url sea,0
immigration the route of suspected jihadists in italy on modern dinghies,1
roma nomadic camp fight la barbuta responsible stop cronaca di roma it was url,0
about what the roma say i approve only ke says the sindaco rays boldrina will appreciate everything else,0
user thank you for the hope you gave me that of rebelling against muslims and fighting to free italy from crisis,1
user user user user a me terrifies trump we avoid emuli in italy,0
user colonia no terrorists no islamic jackals to kennel,1
user terrorism is the one made by the lying state that told us this fairy tale history is the massacre and torture at the diaz,1
merkel and her minister if they don t want the migrants send them back to africa and don t break our boxes user don t give up,1
user user gentiloni from libya where is seems to count less comes more migrants where are you to campaign for yes,0
they can t kill in the name of religion they re just murderers and terrorists religion doesn t count tunisi isis yemen corano,1
rays rome city open to migrants soon an informative hub for url refugees,0
giornale di sicilia theft in the emergency room cell phone found at the nomadic camp of the favorita url palermo,0
immigration fig security is built with rights not just with the stick url,0
la meloni a conte is there room for earthquake victims on your migrant plane url,0
rome trying to kidnap a girl to prostitute her arrest 3 roma women the messenger url roma news,0
enna calci in the face of migrant after the visit of pope url,0
user a question what is the percentage of status refugees we have in ita compared to all immigrants arriving,0
then comes the husband who qua in italy kill them so better foreigners lol bless thanks,0
i understand from the speeches that there are old azillos trading immigrants left wing bastards rounding up the pension they are 2 seats in front of me kivestramrt,1
it is sad to think that the currency of exchange today in europe in the usa is the refugees a continent that uses human beings as a card to play to bargain to be blackmailed in the 21st century is a defeat for humanity which silences and retreats,0
user user all compensated by immigrants probably dangerous ijaids and alfano renzi know it,1
e emergency rapist refugees rape women old and children url,1
user with all muslims in france this terrorism emergency will never end up for the french pay for their mistakes,0
behind every nomad there is always the jew and behind the jew the communist surprise predator of your life url,1
user let s take the girl back and send the beasts of relatives into their civilized pakistani islam is arretratezza of civil rights integration begins when who comes to my country complies with the laws legality first of all mechelen teaches without legality there is no respect,1
agorai with the supremacy clause will have little to say mayors and presidents of the region also regarding the placement of migrants,0
denunciate me as well but she really sucks she feeds racism because and the first to be racist towards italians but with profuges but with deletts efferati as this butts with user vada in africa url,1
user user the migrants who took us with his ship are dealing rape and murder have drugged rape and killed desir in order not to be recognized put in prison for life the scafists and ngos you live with the money of migrants,1
the two 20 year old roma accused of robbing the dead chinese girl in rome will not go to jail user url,0
new post roma nomads 4500 in 9 equipped url areas,0
your friend palestinian arrested in sardinia at macomer was preparing for a terrorist attack with chemical agents i was in you useless idiots i would blame israel,0
via un campo rom instantly ready another at the expense of the milanesi milan ortomercato zona4 user quanto p url,0
user and good mineo why not the home to roma and italians also give the answer please why not to italians,0
free but still in pakistan i don t think that muslim shit will allow him to leave the country alive muslims are murderers,1
user more documents are distracted these terrorists,0
is there any immigrant who can lend me the opportunity to have an accommodation and help a friend who is unfortunately italian like me lagabbia,1
user caro matteo want a christmas without african,1
user i really think that the roma didn t press charges and didn t even give you various problems,0
user user i didn t say that what i wrote is that salvini feeds his followers those migrants by saying something untrue about their status and this a minister shouldn t do it while in trapani he landed 42 without any posts don t you feel teased,0
neuropsisichiatria toscani italian citizenship would i like to trade it with togo togliethela this is a government of cocks not good to do anything torremaura better to diver accanted to a rom that to a leghist casapound gon na get butted out of url,0
if you ask for the closure of all roma fields sign and share this petition sign the petition url,1
roma field census concluded working to overcome villages monachina and la barbuta news roma url,0
i repeat that without rumeni rom and sinti crime in rome would be reduced to a minimum muggings robberies arms trafficking cocaine dealing car thefts and modifications house thefts extortion recycling thefts in homes are then made almost exclusively by them,1
explantation of organs to terrorists in prison a case of good of public utility instead of taking lives as a terrorist donate them as a donor,1
the globalcompactformigration is so vincolant that all illegal and islamic immigrants are in favour,0
palermo 2 minors of ethnicity rom kill a homeless man i guess now mayor orlando wants to give a villa to them too right,1
user user confirms that foreigners in italy can do whatever they want we are our worst enemies,1
user i have reported tw as offensive first it fills europe with criminals and terrorists then you promise to take our voice into consideration sparite user user,1
catholic theologians and muslims allies to build cohesion,0
migrant children living on the street and prostitute in italy url user user,0
at the beautiful garrison organized by city hall 7 in milano to protest against the aggressive presence of the rom in front of the san carlo hospital and against limmobilism of the left in front of the problems of degradation and delinquency the only solution is to send home sala and the pd url,1
how ignorant are those who defend the roma the worst scum on the face of the earth lidl,1
the fedeli admits that the governmentpd has negotiated flexibility in exchange for immigrants that s why we find ourselves with these immigrants an invasion in place that is destabilising sociity and sicureness i am in favour of responsabilitythe politics class,1
user user i islam is only violence and must be eradicated from europe before islam erases us,1
immigration user by the interior minister salvini the requests fair distribution of migrants who do not arrive by sea iter unique at european level for the evaluation of asylum applications sure procedures for returns of those who are not entitled url,0
sea watch finance seizes the ship migrants land,0
these bastard terrorists don t make us change our lives we see the derby in st petersburg and some will be present in curva,1
user well 375 mln is a nice piece of finance that reduces the deficit from trust to investors and lowers the spread strange that the pawns haven t thought about it so much that i know invaded by this spread would have reset them immigration,0
nice thoughts that are read after similar events but i will tell you that until these islamics send them home they will continue to,1
turin migrants parade against the decree security of salvini shouting no to racism well if there is racism why don t they go back to africa we italians start to be fed up we want to live in peace in our land enough url,1
we understand usa even in italy for decades a foreign power interfered in the electoral campaign you,0
popular homes for roma as second home video after school in arabic and romanian url,0
roma dead chinese student roma won t go to jail url url,0
libya is hell and it is farnesina who says it but salvini continues to send back the url migrants of user,0
user user user user user user user user user user how many navy ships,0
in pakistan still attacks on christians and let s shut up and that s enough your freedom islam is the same as ours,1
user user user user user user the madness was the excuse of americans to silence and punish ezra pound now the technique is dusted up for those who do not want wild immigration you are not even original user user rinasciflorence,0
immigrants salvini bridging borders and more expulsions islam today is a danger,1
choirs against salvini and damage to the league party secretary twenty foreign boys in action complaint to ps url,0
i m looking at migrants landed in italy none of them seem to me syrian or libyan and we re going to take them x what cause,1
user but enough to do the goodies dear fornero bring him malesti to your home we can neither more than qs migrants nice to speak as she does with the full belly,1
alpignano prov di torino arrives 300 refugees no child and woman all under 35 years old they will live in the hotel but are we ridiculous,1
i ask myself instead that the italians have done wrong to deserve calf migrants no matter what what have migrants done to be punished like this url,1
enough then there are all those unknown by the unpronounceable and illegible names that want to dominate us but who are there they must disappear forever from our lives stop conditioning them stay out of our geo and mental boundaries foreign surnames only of artists when we invite them,1
about 7 of the population the immigrants generates 36 of the prisoners about 20 000 5 times their presence not to mention roma and sinti italiani the homeowners or those in semifreedom we arrive at 50 75 of the rapes are by foreigners is this also racism,1
milano the designer surrounded by nine roman thieves all pregnant shot foiled milano the designer url,0
user practice on italian politicians roma and islamics you will do a service to the nation,1
you re now in the phase of screaming like masini vaffanculo but how did it come to his mind at the rays the roma camp,0
il giornale the left does not evict the nomads they would return url milano rt news_milano,0
user immigrant or not the driver did well should he take them and shut them up,0
it s a shame were immigrants would take them to the hotel instead take the minors away and leave beautiful poop italian family,0
here are the poor immigrants who destroy cars and shops and attack the forces of the order at home 3 3 bolzano url,1
rome missing girl found in the roma camp a macabre and sad ending read the news url,0
rome the former mira lanza plant becomes a streetart museum run by rom user url,0
excellent differentiated to scampia thanks to user shame that the roms come and mix everything x1volta ha r url,0
i look forward to salvini s tweet about the malmenata woman sprinkled with flammable liquid and burned unfortunately for her propaganda minister she is not a migrant but make an effort and condemn the gesture of the bastard we ll make it,0
minister elizabeth thirty on the rape of viterbo it is shameful and they will pay dear it is true it is shameful but why does the minister not indignant in the same way also for the rapes committed by foreign criminals this is also shamed url,1
i say this to the corriere why african migrants continue to leave,0
mimmo lucano did not favour marriages of convenience between citizens of riace and migrants nor results fraud in the procurement of the municipal waste management url,0
milano woman pregnant roma loses his son and accuses the police of having gangbanged her condemned url,0
this is the bleak situation of the mortyrol underpass next to the central station in milan dozens and dozens of immigrants sleep on the ground in lucky beds or in tents in the middle of the cars that scroll degradation and misery is this the welcome plate pd url,0
cmq we see only talking about the stadium in rome lidl rom saviano s head etc etc xo there are earthquake stricken countries where nothing has been done,0
tiziano renzi at home the fake coop to earn more and those ghost payments to immigrants,0
prisons less crimes but increase the prisoners and the penalties are longer in decrease foreigners crowded to 120,0
the negotiation with the roma of the farm seems to have failed we ask for a slack hand from the leader of the north league url,1
user we also share with him the un wand to the rays x situation of the roma in rome or this url,0
river tanaro ieri has cleared nomadic camp where lives a hundred gypsies dedicated to theft spero showed also occupant less laddri,1
extension of the order against the motorhomes of the roma check for a new eviction to the boana url,0
user if you like get out of italy becomes muslim and get yourself killed,1
it is not a matter of red priests but until they are led by bishops collaborators of a pope who sells us to muslims,0
chiusure mocks roma fields remains the settlement of rome north url user,0
roma roma resources out of control they beat a streetwalker and spit in the face of the cops webitalia360 url,0
in addition to thousands of irregular resources the aquarius of user and user has dumped toxic waste in italy for 2 ong our country was both a refugee camp and a landfill url,0
roma will be hosted in the vatican gardens what better place to plant a beautiful field url,0
according to press reports last year the appeals of migrants who have been denied refugee status have increased by 512 the appeal is nothing more than a device to stay in italy and continue to cheat the italian people unacceptable,1
salvini s security tight on evictions and terrorism security salvini straight url,0
england discriminates against persecuted christians in favor of muslim refugees and welcomes the jihadists who have driven out christians in two years welcomed only 21 christians while 400 terrorists returned to fight with the isis they call it url multiculturalism,0
philippines the manimaniam doesn t seem interested in children killed by islamic terrorists while attending mass their names 5 10 10 11 13 are there children who are a series and b series,0
and then meetings user first signatory of law 47 2017 that pays particular attention to the well being of unaccompanied foreign minors by establishing the figure of the volunteer guardian l472017 msna url,0
user according to paedophilia islam and perversions are normal according to our laws are aberrations ergo islam can not be accepted in our society so even taught logic no sx and church want to open to islam i go to vomit,1
the jeunesse in the bianconeri coat like juventus was made up of half italian immigrants who worked in the ground from monday to saturday and played ball on sunday italy asselborn lussemburgo url,0
priests to the faithful be careful the roma steal everything from you video allnews24 bags scams and thefts in the offering boxes in the churches of the capital warnings and signs are multiplied to url url,1
dear roma find yourself a job and a home as they try to make millions of italians don t do the maintained piazzapulita,0
migrants always have the place and do not pay url,0
tangents and favors also from migrants vice prefect arrested in savona url,0
do they not want to take back their fake refugees and at their care and expense well 500 taxes on imports of their products see how they immediately change their mind,0
station and center still under control 13 nomads stopped 7 were minors url,0
monsignor scioni del duomo di catania closes the doors in the face to about 50 poor italians who have asked for hospitality and food caritas we help only immigrants by now these people have guarded the church and have been out there for 5 days url,0
but did you hear manlio di stefano say what he said about the foigna sorci so detti rom give it to the house that is we pay taxes and we dream of a house while the roms steal nn page taxes on the contrary they attach themselves to the enel abusively,1
immigrates raw for they re depressed at your razzism except the words of the delirants and shifose of the social centres url,1
government parties lost mainly because sweden has the largest number of immigrants per 1000 inhabitants 23 4 but failed to get the lowest unemployment rate 6,0
taking it out on those responsible for your situation is tiring and risky as well so as a coward you take it out on roma and migrants bravo,0
tonightitaly then will also be helped mobsters and immigrati with this citizenship income i certainly do not take it i am unemployed but i am not mobster and immigrant and this is the point,0
fucking muslims in india tie dogs to scooters x fun and drag them miles until they die a recently 6 puppy mother dog died like this killing dogs unclean beings within islam would be a precept of the great religion of peace url,1
user what humiliating see all this hotel x immigrants or 35euro per day and our italians answer,1
roma rissa con batti nel campo rom labarbuta stopped a bosnian is accused of attempted murder url,0
that s why i say no thanks person_1 redditodicittadinanza migranti url,1
user user that lady perhaps spoke in a personal capacity in the sense that she wants uncontrolled immigration at home blacks coming and going free our government will do exactly the opposite and will send back all the invaded afro islamics who have shattered the,1
user user how rom steal shop circulate with stolen and uninsured cars and not f urls,0
user but how didn t they come as refugees nothing assisted in everything at our expense now they have 450000 thousand euros to buy a building and maybe spend as much to do it again let s wake up these are funded we hunt,1
immigrates bring us culture and modes of lives that will be our city i don t want their culture or their modes of live,1
user user user immigrants irregular criminals and sick take them to your home,1
experts of migrants at user,0
updates on immigration and visas tss and 457 priority service ceases bridging visa bvb rules for travel penal certificates flexibility on deadlines point visa for victoria some categories waiting url,0
user donald trump is at the white house welcome back politics welcome to eliminate islamic islamist and muslim terrorism,1
cornigliano a thread to tie the nomadic camp to the school news genova url,0
foreign thieves enter a house to steal but get caught and one of them ends up beaten to death next time they look for something else to do instead of delinquere url,1
of the zingare rom lidl or not you know they are without patria and polis the two cojoni instead could be of the cgil pd or sel,0
islamic festival sacrificed animals on the edge of the road carabinieri arrives skytg24news url,0
lariachetirala7 la renziana rotta makes the leghist since the minister of the interior and salvini the woman is the imbecile deluca realizes of the nigerians on the street hipocrisia total,0
here s the most awaited news immigrants the crazy fact in italy now everything changes,1
italy needs to be cleaned up by migrants we don t want this human scum w italy,1
the nice bomber was often in italy he brought food to migrants url,0
elders robbed with deceit or force shots all over northern italy arrested rom 35 year old url,0
user if it s for save tens of thousands of migrants who come to make endless holidays in italy it s an unnecessary expense,1
immigrants naked to the balcony photo and with the genitals on display turn for a family house run by the curia it happens in eboli in the province of salerno to the face of the inhabitants of the neighborhood a shit they say in a petition we can no longer url,1
sea eye no migrant will come to italy merkel and macron take them,0
the scarecrow spoke while the pisapiade turns us into roma fields url,0
the municipal commissioner says enough it stops immigrants also in aulla url,0
unfortunately it is necessary that laquarius is excluded from our register because its permanence would imply a political problem for the government and the panamanian fleet in the direction of the european ports url migrants ong aquarius,0
enough cannibal stuppers ladri resources of clandestini crime w decreesalvini w decreesecurity we save our daughters and all the women ita from these non refugee mosters but only immigrated criminals who want to dominate us thanks to conniving importers pdmerdwork pd url,1
user returning to terni again tonight another immigrant threatened with a knife a boy to be given all,1
on the reform of self defense anm shoots legalizes murder do you remember the victims turned into executioners how did mattielli dead of heartbreak sentenced to 5 years and an abnormal compensation for having fired without killing 2 roma who were robbing him url,1
_ _ _ _ _ _ _ _ _ _ _ _ _ _ _ _ _ _ _ _ _ _ _,0
gays must be sentenced to death islamic school closed by gay it url,1
they arrested the president of mamafrica for sexual abuse of minors the same association that calls you racist if you are opposed to wild and uncontrolled immigration,1
user a romanian if they applied the laws that there are romanians underground roma would stay out of italy enough pricks in the government,1
user the clash is about the government of globalization there is no solidarity behind immigration but url,0
this is my pensier if we don t have sayed the basta to immigrates don t we still have x years of expense and immigrates same i m gon na get the hand on the fire no,1
salvini other lives put at risk by a foreign ngo started from libyan waters in the direction of italy our government has written to the german government to take charge of the problem and from the viminale we have distrusted the ship from entering,0
before the italian i learn the italian language before speaking no one is clandestino there are refugees migrants refugees regular and irregular immigrants clandestino is who gets on a ship without a ticket for the spaceship terra there is no ticket office,0
user cursed radical islamic and terrorist worlds that the world left and also the vatican continue to believe that they can be integrated into our social and civil systems even though they are anti democratic and anti social but how can it be that they have not yet understood that they hate us,1
user until she took x ass muslims was fine,1
don usually goodist with immigrants is no with italians the priest helps muslims while muslims kill christians shame on you,1
user had excluded himself precisely for economic reasons islamic observant will never integrate the whole west is infected,1
fig paladin of migrants italians don t want the invasion i don t care who the fuck do you decide for 62 million italians if you want to invade your house you re crazy cervello zero url,0
when we re done clearing the roma camps we ll start with the gazebonapule social centres and after the url padania,0
the nero hole where the state falls black as the musi of the assassassini stuprators wolves without mercy and humanity migrants to whom we gave asilo meals and accommodations for free and rape to gog like pamela rimini and more bastle url,1
bikes stolen from the cyclists of milan saremo found in a nomadic url url camp,0
the imam of catania against the illegals stop landing stay at home,1
government latest news migrants tunisia says no to salvini respect url agreements,0
i translate there are so many empty buildings why do we have to sleep on the street say the roma cleared in giuanturco url,0
we are tired of foreigners who dictate to our house or mock us tired of italians who do not make our interest we demand the respect we deserve 15september salvininonmollare un studd url,1
user it s not a novelty the aim was to make the red co operatives profit and with just hope in the vote of all the afro islamics and offspring convert to pdislam also lower the cost of labor to the lowest terms slaves from 3 euros per hour and put immigrants against natives,1
here it takes urgent naval blockade as it says and immediate repatriation with or without agreements if original countries do not want them back his refugees they must be forced to take them back tunisia emptys prisons and embarks thousands of ex convicts to italy url,1
houston we have a problem pd deluca nigeriani campania,0
studio24 do you understand for the sake of the mind of panebianco 700 000 abusive clandestine migrants soono pochii she says that they are pochi you are of the antidemocratics hate the majority of the italians want the caos to hear your nullities,1
resources to welcome murders and rapes in the camp refugees in libya 22 year old somali arrested in milano url,1
the bishop of chioggia they send immigrants on the street and then they do battles on the crib on the way we are already dealing and delinquere tell bishop url,0
i would ask one x one of the immigrants who complain about italians and italians on public transport what exactly are they doing here,1
user user user exit a traffic of human beers,1
